user_id,event_date,event_type,event_month,event_timestamp,cohort_month
u0001,2023-11-24,signup,2023-11,2023-11-24,2023-11
u0001,2023-11-25,support_ticket,2023-11,2023-11-25,2023-11
u0001,2023-11-30,login,2023-11,2023-11-30,2023-11
u0001,2023-12-01,feature_use,2023-12,2023-12-01,2023-11
u0001,2023-12-05,upgrade,2023-12,2023-12-05,2023-11
u0001,2023-12-08,invite_sent,2023-12,2023-12-08,2023-11
u0001,2023-12-10,login,2023-12,2023-12-10,2023-11
u0001,2023-12-16,login,2023-12,2023-12-16,2023-11
u0001,2023-12-17,feature_use,2023-12,2023-12-17,2023-11
u0001,2023-12-19,login,2023-12,2023-12-19,2023-11
u0001,2023-12-22,login,2023-12,2023-12-22,2023-11
u0001,2023-12-23,feature_use,2023-12,2023-12-23,2023-11
u0001,2023-12-27,feature_use,2023-12,2023-12-27,2023-11
u0001,2023-12-29,login,2023-12,2023-12-29,2023-11
u0001,2023-12-29,feature_use,2023-12,2023-12-29,2023-11
u0001,2023-12-30,login,2023-12,2023-12-30,2023-11
u0002,2023-01-23,signup,2023-01,2023-01-23,2023-01
u0002,2023-02-28,login,2023-02,2023-02-28,2023-01
u0002,2023-03-05,export,2023-03,2023-03-05,2023-01
u0002,2023-03-16,feature_use,2023-03,2023-03-16,2023-01
u0002,2023-05-20,support_ticket,2023-05,2023-05-20,2023-01
u0002,2023-06-23,export,2023-06,2023-06-23,2023-01
u0002,2023-07-24,login,2023-07,2023-07-24,2023-01
u0002,2023-07-28,feature_use,2023-07,2023-07-28,2023-01
u0002,2023-07-29,login,2023-07,2023-07-29,2023-01
u0002,2023-08-05,login,2023-08,2023-08-05,2023-01
u0002,2023-09-13,feature_use,2023-09,2023-09-13,2023-01
u0003,2023-05-17,signup,2023-05,2023-05-17,2023-05
u0003,2023-06-28,feature_use,2023-06,2023-06-28,2023-05
u0003,2023-07-13,upgrade,2023-07,2023-07-13,2023-05
u0003,2023-07-26,churned,2023-07,2023-07-26,2023-05
u0003,2023-10-01,upgrade,2023-10,2023-10-01,2023-05
u0003,2023-10-20,feature_use,2023-10,2023-10-20,2023-05
u0003,2023-10-28,upgrade,2023-10,2023-10-28,2023-05
u0003,2023-11-30,support_ticket,2023-11,2023-11-30,2023-05
u0004,2023-04-28,signup,2023-04,2023-04-28,2023-04
u0004,2023-05-01,feature_use,2023-05,2023-05-01,2023-04
u0004,2023-05-15,feature_use,2023-05,2023-05-15,2023-04
u0004,2023-05-22,support_ticket,2023-05,2023-05-22,2023-04
u0004,2023-05-28,feature_use,2023-05,2023-05-28,2023-04
u0004,2023-06-03,feature_use,2023-06,2023-06-03,2023-04
u0004,2023-06-04,login,2023-06,2023-06-04,2023-04
u0004,2023-06-22,invite_sent,2023-06,2023-06-22,2023-04
u0004,2023-06-24,churned,2023-06,2023-06-24,2023-04
u0004,2023-07-01,support_ticket,2023-07,2023-07-01,2023-04
u0004,2023-07-18,login,2023-07,2023-07-18,2023-04
u0004,2023-08-09,login,2023-08,2023-08-09,2023-04
u0004,2023-09-03,feature_use,2023-09,2023-09-03,2023-04
u0004,2023-09-11,login,2023-09,2023-09-11,2023-04
u0004,2023-09-13,login,2023-09,2023-09-13,2023-04
u0004,2023-09-17,export,2023-09,2023-09-17,2023-04
u0004,2023-09-21,export,2023-09,2023-09-21,2023-04
u0004,2023-09-25,feature_use,2023-09,2023-09-25,2023-04
u0004,2023-09-28,churned,2023-09,2023-09-28,2023-04
u0004,2023-10-06,login,2023-10,2023-10-06,2023-04
u0004,2023-10-20,feature_use,2023-10,2023-10-20,2023-04
u0004,2023-12-05,login,2023-12,2023-12-05,2023-04
u0004,2023-12-19,feature_use,2023-12,2023-12-19,2023-04
u0005,2023-10-02,signup,2023-10,2023-10-02,2023-10
u0005,2023-10-05,login,2023-10,2023-10-05,2023-10
u0005,2023-10-13,login,2023-10,2023-10-13,2023-10
u0005,2023-10-16,export,2023-10,2023-10-16,2023-10
u0005,2023-10-17,login,2023-10,2023-10-17,2023-10
u0005,2023-10-19,feature_use,2023-10,2023-10-19,2023-10
u0005,2023-10-22,feature_use,2023-10,2023-10-22,2023-10
u0005,2023-10-23,feature_use,2023-10,2023-10-23,2023-10
u0005,2023-10-25,feature_use,2023-10,2023-10-25,2023-10
u0005,2023-10-28,upgrade,2023-10,2023-10-28,2023-10
u0005,2023-11-02,export,2023-11,2023-11-02,2023-10
u0005,2023-11-05,churned,2023-11,2023-11-05,2023-10
u0005,2023-11-10,export,2023-11,2023-11-10,2023-10
u0005,2023-11-11,login,2023-11,2023-11-11,2023-10
u0005,2023-11-18,export,2023-11,2023-11-18,2023-10
u0005,2023-11-26,churned,2023-11,2023-11-26,2023-10
u0005,2023-12-04,support_ticket,2023-12,2023-12-04,2023-10
u0005,2023-12-06,feature_use,2023-12,2023-12-06,2023-10
u0005,2023-12-09,invite_sent,2023-12,2023-12-09,2023-10
u0005,2023-12-09,export,2023-12,2023-12-09,2023-10
u0005,2023-12-10,support_ticket,2023-12,2023-12-10,2023-10
u0005,2023-12-11,support_ticket,2023-12,2023-12-11,2023-10
u0005,2023-12-12,login,2023-12,2023-12-12,2023-10
u0005,2023-12-18,login,2023-12,2023-12-18,2023-10
u0006,2023-07-24,signup,2023-07,2023-07-24,2023-07
u0006,2023-08-01,login,2023-08,2023-08-01,2023-07
u0006,2023-08-02,login,2023-08,2023-08-02,2023-07
u0006,2023-08-03,upgrade,2023-08,2023-08-03,2023-07
u0006,2023-08-09,login,2023-08,2023-08-09,2023-07
u0006,2023-08-10,upgrade,2023-08,2023-08-10,2023-07
u0006,2023-08-18,login,2023-08,2023-08-18,2023-07
u0006,2023-08-24,login,2023-08,2023-08-24,2023-07
u0006,2023-08-25,login,2023-08,2023-08-25,2023-07
u0006,2023-09-05,login,2023-09,2023-09-05,2023-07
u0006,2023-09-14,upgrade,2023-09,2023-09-14,2023-07
u0006,2023-09-17,feature_use,2023-09,2023-09-17,2023-07
u0006,2023-09-17,login,2023-09,2023-09-17,2023-07
u0006,2023-09-22,login,2023-09,2023-09-22,2023-07
u0006,2023-09-23,login,2023-09,2023-09-23,2023-07
u0006,2023-09-23,support_ticket,2023-09,2023-09-23,2023-07
u0006,2023-09-25,login,2023-09,2023-09-25,2023-07
u0006,2023-10-01,feature_use,2023-10,2023-10-01,2023-07
u0006,2023-10-03,login,2023-10,2023-10-03,2023-07
u0006,2023-10-08,feature_use,2023-10,2023-10-08,2023-07
u0006,2023-10-08,login,2023-10,2023-10-08,2023-07
u0006,2023-10-15,login,2023-10,2023-10-15,2023-07
u0006,2023-10-16,churned,2023-10,2023-10-16,2023-07
u0006,2023-10-17,feature_use,2023-10,2023-10-17,2023-07
u0006,2023-10-19,feature_use,2023-10,2023-10-19,2023-07
u0006,2023-11-04,export,2023-11,2023-11-04,2023-07
u0006,2023-11-05,export,2023-11,2023-11-05,2023-07
u0006,2023-11-12,upgrade,2023-11,2023-11-12,2023-07
u0006,2023-11-14,feature_use,2023-11,2023-11-14,2023-07
u0006,2023-11-17,feature_use,2023-11,2023-11-17,2023-07
u0006,2023-11-17,login,2023-11,2023-11-17,2023-07
u0006,2023-11-20,login,2023-11,2023-11-20,2023-07
u0007,2023-01-08,signup,2023-01,2023-01-08,2023-01
u0007,2023-01-09,churned,2023-01,2023-01-09,2023-01
u0007,2023-01-23,feature_use,2023-01,2023-01-23,2023-01
u0007,2023-01-24,login,2023-01,2023-01-24,2023-01
u0007,2023-03-04,export,2023-03,2023-03-04,2023-01
u0007,2023-03-17,invite_sent,2023-03,2023-03-17,2023-01
u0007,2023-03-25,login,2023-03,2023-03-25,2023-01
u0007,2023-03-30,login,2023-03,2023-03-30,2023-01
u0007,2023-04-23,feature_use,2023-04,2023-04-23,2023-01
u0007,2023-05-05,login,2023-05,2023-05-05,2023-01
u0007,2023-05-13,login,2023-05,2023-05-13,2023-01
u0007,2023-05-27,login,2023-05,2023-05-27,2023-01
u0007,2023-05-31,feature_use,2023-05,2023-05-31,2023-01
u0007,2023-06-07,feature_use,2023-06,2023-06-07,2023-01
u0008,2023-09-29,signup,2023-09,2023-09-29,2023-09
u0008,2023-10-02,feature_use,2023-10,2023-10-02,2023-09
u0008,2023-10-04,feature_use,2023-10,2023-10-04,2023-09
u0008,2023-10-11,login,2023-10,2023-10-11,2023-09
u0008,2023-10-15,feature_use,2023-10,2023-10-15,2023-09
u0008,2023-10-16,login,2023-10,2023-10-16,2023-09
u0008,2023-10-26,feature_use,2023-10,2023-10-26,2023-09
u0008,2023-11-05,login,2023-11,2023-11-05,2023-09
u0008,2023-11-05,feature_use,2023-11,2023-11-05,2023-09
u0009,2023-06-10,signup,2023-06,2023-06-10,2023-06
u0009,2023-06-11,feature_use,2023-06,2023-06-11,2023-06
u0009,2023-06-13,feature_use,2023-06,2023-06-13,2023-06
u0009,2023-06-13,export,2023-06,2023-06-13,2023-06
u0009,2023-06-22,login,2023-06,2023-06-22,2023-06
u0009,2023-06-25,login,2023-06,2023-06-25,2023-06
u0009,2023-06-25,export,2023-06,2023-06-25,2023-06
u0009,2023-06-27,login,2023-06,2023-06-27,2023-06
u0009,2023-06-29,churned,2023-06,2023-06-29,2023-06
u0009,2023-07-02,feature_use,2023-07,2023-07-02,2023-06
u0009,2023-07-05,invite_sent,2023-07,2023-07-05,2023-06
u0009,2023-07-10,login,2023-07,2023-07-10,2023-06
u0010,2023-06-04,signup,2023-06,2023-06-04,2023-06
u0010,2023-06-07,feature_use,2023-06,2023-06-07,2023-06
u0010,2023-06-11,login,2023-06,2023-06-11,2023-06
u0010,2023-06-15,login,2023-06,2023-06-15,2023-06
u0010,2023-06-15,invite_sent,2023-06,2023-06-15,2023-06
u0010,2023-06-16,login,2023-06,2023-06-16,2023-06
u0010,2023-06-18,login,2023-06,2023-06-18,2023-06
u0010,2023-07-02,support_ticket,2023-07,2023-07-02,2023-06
u0010,2023-07-03,login,2023-07,2023-07-03,2023-06
u0010,2023-07-08,feature_use,2023-07,2023-07-08,2023-06
u0010,2023-07-09,login,2023-07,2023-07-09,2023-06
u0010,2023-07-12,feature_use,2023-07,2023-07-12,2023-06
u0010,2023-07-14,login,2023-07,2023-07-14,2023-06
u0010,2023-07-20,export,2023-07,2023-07-20,2023-06
u0010,2023-07-28,feature_use,2023-07,2023-07-28,2023-06
u0010,2023-08-04,export,2023-08,2023-08-04,2023-06
u0010,2023-08-11,login,2023-08,2023-08-11,2023-06
u0010,2023-08-12,login,2023-08,2023-08-12,2023-06
u0010,2023-08-29,support_ticket,2023-08,2023-08-29,2023-06
u0010,2023-08-31,login,2023-08,2023-08-31,2023-06
u0010,2023-09-07,feature_use,2023-09,2023-09-07,2023-06
u0010,2023-09-17,churned,2023-09,2023-09-17,2023-06
u0010,2023-09-18,support_ticket,2023-09,2023-09-18,2023-06
u0010,2023-09-21,export,2023-09,2023-09-21,2023-06
u0010,2023-09-22,feature_use,2023-09,2023-09-22,2023-06
u0010,2023-09-26,feature_use,2023-09,2023-09-26,2023-06
u0010,2023-10-12,feature_use,2023-10,2023-10-12,2023-06
u0010,2023-10-22,login,2023-10,2023-10-22,2023-06
u0010,2023-10-24,login,2023-10,2023-10-24,2023-06
u0010,2023-10-26,export,2023-10,2023-10-26,2023-06
u0010,2023-11-06,login,2023-11,2023-11-06,2023-06
u0010,2023-11-14,export,2023-11,2023-11-14,2023-06
u0010,2023-11-21,login,2023-11,2023-11-21,2023-06
u0010,2023-11-22,login,2023-11,2023-11-22,2023-06
u0010,2023-11-28,invite_sent,2023-11,2023-11-28,2023-06
u0010,2023-12-10,support_ticket,2023-12,2023-12-10,2023-06
u0010,2023-12-13,login,2023-12,2023-12-13,2023-06
u0011,2023-02-25,signup,2023-02,2023-02-25,2023-02
u0011,2023-02-26,feature_use,2023-02,2023-02-26,2023-02
u0011,2023-02-27,login,2023-02,2023-02-27,2023-02
u0011,2023-02-28,upgrade,2023-02,2023-02-28,2023-02
u0011,2023-03-02,churned,2023-03,2023-03-02,2023-02
u0011,2023-03-02,invite_sent,2023-03,2023-03-02,2023-02
u0011,2023-03-06,login,2023-03,2023-03-06,2023-02
u0011,2023-03-09,feature_use,2023-03,2023-03-09,2023-02
u0011,2023-03-10,login,2023-03,2023-03-10,2023-02
u0011,2023-03-12,login,2023-03,2023-03-12,2023-02
u0011,2023-03-14,login,2023-03,2023-03-14,2023-02
u0011,2023-03-15,login,2023-03,2023-03-15,2023-02
u0011,2023-03-19,login,2023-03,2023-03-19,2023-02
u0011,2023-03-19,feature_use,2023-03,2023-03-19,2023-02
u0011,2023-03-24,login,2023-03,2023-03-24,2023-02
u0011,2023-03-25,feature_use,2023-03,2023-03-25,2023-02
u0011,2023-03-27,login,2023-03,2023-03-27,2023-02
u0011,2023-03-30,feature_use,2023-03,2023-03-30,2023-02
u0011,2023-03-30,login,2023-03,2023-03-30,2023-02
u0011,2023-04-01,login,2023-04,2023-04-01,2023-02
u0011,2023-04-01,upgrade,2023-04,2023-04-01,2023-02
u0011,2023-04-03,login,2023-04,2023-04-03,2023-02
u0011,2023-04-05,feature_use,2023-04,2023-04-05,2023-02
u0011,2023-04-09,login,2023-04,2023-04-09,2023-02
u0011,2023-04-09,export,2023-04,2023-04-09,2023-02
u0011,2023-04-09,invite_sent,2023-04,2023-04-09,2023-02
u0011,2023-04-10,support_ticket,2023-04,2023-04-10,2023-02
u0011,2023-04-11,login,2023-04,2023-04-11,2023-02
u0011,2023-04-13,support_ticket,2023-04,2023-04-13,2023-02
u0011,2023-04-13,invite_sent,2023-04,2023-04-13,2023-02
u0011,2023-04-14,support_ticket,2023-04,2023-04-14,2023-02
u0012,2023-06-04,signup,2023-06,2023-06-04,2023-06
u0012,2023-06-07,feature_use,2023-06,2023-06-07,2023-06
u0012,2023-06-09,login,2023-06,2023-06-09,2023-06
u0012,2023-06-11,feature_use,2023-06,2023-06-11,2023-06
u0012,2023-06-11,upgrade,2023-06,2023-06-11,2023-06
u0012,2023-06-12,feature_use,2023-06,2023-06-12,2023-06
u0012,2023-06-12,support_ticket,2023-06,2023-06-12,2023-06
u0012,2023-06-12,churned,2023-06,2023-06-12,2023-06
u0012,2023-06-12,login,2023-06,2023-06-12,2023-06
u0012,2023-06-14,login,2023-06,2023-06-14,2023-06
u0012,2023-06-17,feature_use,2023-06,2023-06-17,2023-06
u0012,2023-06-19,feature_use,2023-06,2023-06-19,2023-06
u0012,2023-06-21,feature_use,2023-06,2023-06-21,2023-06
u0012,2023-06-24,login,2023-06,2023-06-24,2023-06
u0012,2023-06-24,export,2023-06,2023-06-24,2023-06
u0012,2023-06-25,login,2023-06,2023-06-25,2023-06
u0012,2023-06-26,login,2023-06,2023-06-26,2023-06
u0012,2023-06-27,login,2023-06,2023-06-27,2023-06
u0012,2023-06-30,feature_use,2023-06,2023-06-30,2023-06
u0012,2023-06-30,invite_sent,2023-06,2023-06-30,2023-06
u0012,2023-06-30,upgrade,2023-06,2023-06-30,2023-06
u0012,2023-07-01,invite_sent,2023-07,2023-07-01,2023-06
u0012,2023-07-03,feature_use,2023-07,2023-07-03,2023-06
u0013,2023-02-24,signup,2023-02,2023-02-24,2023-02
u0013,2023-03-28,feature_use,2023-03,2023-03-28,2023-02
u0013,2023-04-06,support_ticket,2023-04,2023-04-06,2023-02
u0013,2023-04-27,login,2023-04,2023-04-27,2023-02
u0013,2023-04-29,invite_sent,2023-04,2023-04-29,2023-02
u0013,2023-04-29,export,2023-04,2023-04-29,2023-02
u0013,2023-05-06,support_ticket,2023-05,2023-05-06,2023-02
u0013,2023-05-17,invite_sent,2023-05,2023-05-17,2023-02
u0013,2023-06-18,feature_use,2023-06,2023-06-18,2023-02
u0013,2023-06-23,feature_use,2023-06,2023-06-23,2023-02
u0013,2023-06-26,feature_use,2023-06,2023-06-26,2023-02
u0013,2023-07-04,feature_use,2023-07,2023-07-04,2023-02
u0013,2023-07-07,feature_use,2023-07,2023-07-07,2023-02
u0013,2023-07-08,feature_use,2023-07,2023-07-08,2023-02
u0013,2023-07-15,feature_use,2023-07,2023-07-15,2023-02
u0014,2023-02-09,signup,2023-02,2023-02-09,2023-02
u0014,2023-02-11,invite_sent,2023-02,2023-02-11,2023-02
u0014,2023-02-15,export,2023-02,2023-02-15,2023-02
u0014,2023-02-17,feature_use,2023-02,2023-02-17,2023-02
u0014,2023-02-26,feature_use,2023-02,2023-02-26,2023-02
u0014,2023-03-20,login,2023-03,2023-03-20,2023-02
u0014,2023-03-21,upgrade,2023-03,2023-03-21,2023-02
u0014,2023-04-07,feature_use,2023-04,2023-04-07,2023-02
u0014,2023-04-20,feature_use,2023-04,2023-04-20,2023-02
u0014,2023-04-27,support_ticket,2023-04,2023-04-27,2023-02
u0014,2023-05-05,feature_use,2023-05,2023-05-05,2023-02
u0014,2023-05-06,login,2023-05,2023-05-06,2023-02
u0014,2023-05-24,upgrade,2023-05,2023-05-24,2023-02
u0014,2023-05-27,login,2023-05,2023-05-27,2023-02
u0014,2023-05-28,feature_use,2023-05,2023-05-28,2023-02
u0014,2023-06-09,invite_sent,2023-06,2023-06-09,2023-02
u0014,2023-06-28,login,2023-06,2023-06-28,2023-02
u0014,2023-06-29,support_ticket,2023-06,2023-06-29,2023-02
u0014,2023-07-07,feature_use,2023-07,2023-07-07,2023-02
u0014,2023-07-09,invite_sent,2023-07,2023-07-09,2023-02
u0015,2023-11-15,signup,2023-11,2023-11-15,2023-11
u0015,2023-11-17,invite_sent,2023-11,2023-11-17,2023-11
u0015,2023-11-20,support_ticket,2023-11,2023-11-20,2023-11
u0015,2023-11-21,feature_use,2023-11,2023-11-21,2023-11
u0015,2023-11-22,feature_use,2023-11,2023-11-22,2023-11
u0015,2023-11-23,feature_use,2023-11,2023-11-23,2023-11
u0015,2023-11-23,support_ticket,2023-11,2023-11-23,2023-11
u0015,2023-11-24,export,2023-11,2023-11-24,2023-11
u0015,2023-11-24,feature_use,2023-11,2023-11-24,2023-11
u0015,2023-11-26,feature_use,2023-11,2023-11-26,2023-11
u0015,2023-11-26,churned,2023-11,2023-11-26,2023-11
u0015,2023-11-27,login,2023-11,2023-11-27,2023-11
u0015,2023-11-28,export,2023-11,2023-11-28,2023-11
u0015,2023-11-28,login,2023-11,2023-11-28,2023-11
u0015,2023-11-29,feature_use,2023-11,2023-11-29,2023-11
u0015,2023-12-02,support_ticket,2023-12,2023-12-02,2023-11
u0015,2023-12-05,feature_use,2023-12,2023-12-05,2023-11
u0015,2023-12-05,export,2023-12,2023-12-05,2023-11
u0015,2023-12-08,login,2023-12,2023-12-08,2023-11
u0015,2023-12-08,feature_use,2023-12,2023-12-08,2023-11
u0015,2023-12-09,login,2023-12,2023-12-09,2023-11
u0015,2023-12-09,feature_use,2023-12,2023-12-09,2023-11
u0015,2023-12-10,login,2023-12,2023-12-10,2023-11
u0015,2023-12-10,feature_use,2023-12,2023-12-10,2023-11
u0015,2023-12-12,login,2023-12,2023-12-12,2023-11
u0015,2023-12-12,export,2023-12,2023-12-12,2023-11
u0015,2023-12-13,login,2023-12,2023-12-13,2023-11
u0015,2023-12-15,login,2023-12,2023-12-15,2023-11
u0015,2023-12-15,upgrade,2023-12,2023-12-15,2023-11
u0015,2023-12-19,churned,2023-12,2023-12-19,2023-11
u0015,2023-12-20,login,2023-12,2023-12-20,2023-11
u0015,2023-12-22,feature_use,2023-12,2023-12-22,2023-11
u0015,2023-12-22,support_ticket,2023-12,2023-12-22,2023-11
u0015,2023-12-24,support_ticket,2023-12,2023-12-24,2023-11
u0015,2023-12-25,login,2023-12,2023-12-25,2023-11
u0015,2023-12-26,login,2023-12,2023-12-26,2023-11
u0015,2023-12-27,login,2023-12,2023-12-27,2023-11
u0016,2023-05-19,signup,2023-05,2023-05-19,2023-05
u0016,2023-06-10,login,2023-06,2023-06-10,2023-05
u0016,2023-06-11,login,2023-06,2023-06-11,2023-05
u0016,2023-06-12,login,2023-06,2023-06-12,2023-05
u0016,2023-07-05,feature_use,2023-07,2023-07-05,2023-05
u0016,2023-07-06,login,2023-07,2023-07-06,2023-05
u0016,2023-07-08,login,2023-07,2023-07-08,2023-05
u0016,2023-07-20,upgrade,2023-07,2023-07-20,2023-05
u0016,2023-07-21,export,2023-07,2023-07-21,2023-05
u0016,2023-07-23,login,2023-07,2023-07-23,2023-05
u0016,2023-07-29,feature_use,2023-07,2023-07-29,2023-05
u0016,2023-08-06,feature_use,2023-08,2023-08-06,2023-05
u0016,2023-08-15,login,2023-08,2023-08-15,2023-05
u0016,2023-08-18,support_ticket,2023-08,2023-08-18,2023-05
u0016,2023-08-22,feature_use,2023-08,2023-08-22,2023-05
u0016,2023-08-25,login,2023-08,2023-08-25,2023-05
u0016,2023-08-31,upgrade,2023-08,2023-08-31,2023-05
u0016,2023-09-01,feature_use,2023-09,2023-09-01,2023-05
u0016,2023-09-11,support_ticket,2023-09,2023-09-11,2023-05
u0016,2023-09-12,login,2023-09,2023-09-12,2023-05
u0016,2023-09-13,login,2023-09,2023-09-13,2023-05
u0016,2023-09-15,feature_use,2023-09,2023-09-15,2023-05
u0016,2023-09-16,feature_use,2023-09,2023-09-16,2023-05
u0016,2023-09-20,login,2023-09,2023-09-20,2023-05
u0016,2023-09-23,export,2023-09,2023-09-23,2023-05
u0016,2023-09-29,invite_sent,2023-09,2023-09-29,2023-05
u0016,2023-10-01,feature_use,2023-10,2023-10-01,2023-05
u0016,2023-10-02,login,2023-10,2023-10-02,2023-05
u0016,2023-10-04,invite_sent,2023-10,2023-10-04,2023-05
u0016,2023-10-07,login,2023-10,2023-10-07,2023-05
u0016,2023-10-17,churned,2023-10,2023-10-17,2023-05
u0016,2023-10-18,login,2023-10,2023-10-18,2023-05
u0016,2023-10-19,upgrade,2023-10,2023-10-19,2023-05
u0016,2023-11-01,upgrade,2023-11,2023-11-01,2023-05
u0017,2023-02-21,signup,2023-02,2023-02-21,2023-02
u0017,2023-02-25,upgrade,2023-02,2023-02-25,2023-02
u0017,2023-02-25,feature_use,2023-02,2023-02-25,2023-02
u0017,2023-03-07,feature_use,2023-03,2023-03-07,2023-02
u0017,2023-03-07,login,2023-03,2023-03-07,2023-02
u0017,2023-03-10,feature_use,2023-03,2023-03-10,2023-02
u0017,2023-03-12,feature_use,2023-03,2023-03-12,2023-02
u0017,2023-03-26,login,2023-03,2023-03-26,2023-02
u0017,2023-04-01,support_ticket,2023-04,2023-04-01,2023-02
u0017,2023-05-10,login,2023-05,2023-05-10,2023-02
u0017,2023-05-20,login,2023-05,2023-05-20,2023-02
u0017,2023-05-25,login,2023-05,2023-05-25,2023-02
u0017,2023-06-22,feature_use,2023-06,2023-06-22,2023-02
u0017,2023-06-24,login,2023-06,2023-06-24,2023-02
u0017,2023-06-27,login,2023-06,2023-06-27,2023-02
u0017,2023-08-04,export,2023-08,2023-08-04,2023-02
u0017,2023-08-16,login,2023-08,2023-08-16,2023-02
u0017,2023-08-19,invite_sent,2023-08,2023-08-19,2023-02
u0018,2023-05-08,signup,2023-05,2023-05-08,2023-05
u0018,2023-05-12,feature_use,2023-05,2023-05-12,2023-05
u0018,2023-05-12,login,2023-05,2023-05-12,2023-05
u0018,2023-05-14,login,2023-05,2023-05-14,2023-05
u0018,2023-05-18,invite_sent,2023-05,2023-05-18,2023-05
u0018,2023-05-19,login,2023-05,2023-05-19,2023-05
u0018,2023-05-20,feature_use,2023-05,2023-05-20,2023-05
u0018,2023-05-21,feature_use,2023-05,2023-05-21,2023-05
u0018,2023-05-22,login,2023-05,2023-05-22,2023-05
u0018,2023-05-23,login,2023-05,2023-05-23,2023-05
u0018,2023-05-23,invite_sent,2023-05,2023-05-23,2023-05
u0018,2023-05-27,upgrade,2023-05,2023-05-27,2023-05
u0018,2023-05-27,feature_use,2023-05,2023-05-27,2023-05
u0018,2023-05-28,feature_use,2023-05,2023-05-28,2023-05
u0018,2023-06-06,login,2023-06,2023-06-06,2023-05
u0018,2023-06-06,upgrade,2023-06,2023-06-06,2023-05
u0018,2023-06-07,login,2023-06,2023-06-07,2023-05
u0018,2023-06-08,login,2023-06,2023-06-08,2023-05
u0018,2023-06-11,feature_use,2023-06,2023-06-11,2023-05
u0018,2023-06-12,login,2023-06,2023-06-12,2023-05
u0018,2023-06-15,churned,2023-06,2023-06-15,2023-05
u0018,2023-06-15,feature_use,2023-06,2023-06-15,2023-05
u0018,2023-06-16,feature_use,2023-06,2023-06-16,2023-05
u0018,2023-06-17,login,2023-06,2023-06-17,2023-05
u0018,2023-06-25,login,2023-06,2023-06-25,2023-05
u0018,2023-06-26,login,2023-06,2023-06-26,2023-05
u0018,2023-06-28,support_ticket,2023-06,2023-06-28,2023-05
u0018,2023-06-30,login,2023-06,2023-06-30,2023-05
u0018,2023-06-30,feature_use,2023-06,2023-06-30,2023-05
u0019,2023-08-28,signup,2023-08,2023-08-28,2023-08
u0019,2023-08-31,churned,2023-08,2023-08-31,2023-08
u0019,2023-09-02,feature_use,2023-09,2023-09-02,2023-08
u0019,2023-09-09,login,2023-09,2023-09-09,2023-08
u0019,2023-09-09,feature_use,2023-09,2023-09-09,2023-08
u0019,2023-09-12,churned,2023-09,2023-09-12,2023-08
u0019,2023-09-18,login,2023-09,2023-09-18,2023-08
u0019,2023-10-02,feature_use,2023-10,2023-10-02,2023-08
u0019,2023-10-08,login,2023-10,2023-10-08,2023-08
u0019,2023-10-19,export,2023-10,2023-10-19,2023-08
u0019,2023-10-20,login,2023-10,2023-10-20,2023-08
u0019,2023-10-23,upgrade,2023-10,2023-10-23,2023-08
u0019,2023-10-31,feature_use,2023-10,2023-10-31,2023-08
u0019,2023-11-03,feature_use,2023-11,2023-11-03,2023-08
u0019,2023-11-10,feature_use,2023-11,2023-11-10,2023-08
u0019,2023-11-10,login,2023-11,2023-11-10,2023-08
u0019,2023-11-11,feature_use,2023-11,2023-11-11,2023-08
u0019,2023-11-13,login,2023-11,2023-11-13,2023-08
u0019,2023-11-14,login,2023-11,2023-11-14,2023-08
u0019,2023-11-21,invite_sent,2023-11,2023-11-21,2023-08
u0019,2023-11-22,login,2023-11,2023-11-22,2023-08
u0019,2023-11-23,export,2023-11,2023-11-23,2023-08
u0019,2023-11-25,feature_use,2023-11,2023-11-25,2023-08
u0019,2023-12-03,login,2023-12,2023-12-03,2023-08
u0019,2023-12-11,feature_use,2023-12,2023-12-11,2023-08
u0019,2023-12-11,support_ticket,2023-12,2023-12-11,2023-08
u0019,2023-12-12,churned,2023-12,2023-12-12,2023-08
u0019,2023-12-24,login,2023-12,2023-12-24,2023-08
u0020,2023-10-05,signup,2023-10,2023-10-05,2023-10
u0020,2023-10-09,login,2023-10,2023-10-09,2023-10
u0020,2023-10-13,feature_use,2023-10,2023-10-13,2023-10
u0020,2023-10-14,invite_sent,2023-10,2023-10-14,2023-10
u0020,2023-10-15,feature_use,2023-10,2023-10-15,2023-10
u0020,2023-10-21,upgrade,2023-10,2023-10-21,2023-10
u0020,2023-10-23,feature_use,2023-10,2023-10-23,2023-10
u0020,2023-10-24,feature_use,2023-10,2023-10-24,2023-10
u0020,2023-10-25,feature_use,2023-10,2023-10-25,2023-10
u0020,2023-10-29,feature_use,2023-10,2023-10-29,2023-10
u0020,2023-11-01,login,2023-11,2023-11-01,2023-10
u0020,2023-11-03,export,2023-11,2023-11-03,2023-10
u0020,2023-11-05,churned,2023-11,2023-11-05,2023-10
u0020,2023-11-06,feature_use,2023-11,2023-11-06,2023-10
u0020,2023-11-06,login,2023-11,2023-11-06,2023-10
u0021,2023-05-05,signup,2023-05,2023-05-05,2023-05
u0021,2023-05-06,login,2023-05,2023-05-06,2023-05
u0021,2023-05-10,login,2023-05,2023-05-10,2023-05
u0021,2023-05-23,export,2023-05,2023-05-23,2023-05
u0021,2023-05-24,feature_use,2023-05,2023-05-24,2023-05
u0021,2023-05-25,feature_use,2023-05,2023-05-25,2023-05
u0021,2023-05-25,login,2023-05,2023-05-25,2023-05
u0021,2023-05-30,invite_sent,2023-05,2023-05-30,2023-05
u0021,2023-06-04,export,2023-06,2023-06-04,2023-05
u0021,2023-06-05,feature_use,2023-06,2023-06-05,2023-05
u0021,2023-06-08,login,2023-06,2023-06-08,2023-05
u0021,2023-06-10,support_ticket,2023-06,2023-06-10,2023-05
u0021,2023-06-13,export,2023-06,2023-06-13,2023-05
u0021,2023-06-16,export,2023-06,2023-06-16,2023-05
u0021,2023-06-17,export,2023-06,2023-06-17,2023-05
u0021,2023-06-19,login,2023-06,2023-06-19,2023-05
u0021,2023-06-23,feature_use,2023-06,2023-06-23,2023-05
u0021,2023-06-25,feature_use,2023-06,2023-06-25,2023-05
u0021,2023-06-27,login,2023-06,2023-06-27,2023-05
u0021,2023-06-28,login,2023-06,2023-06-28,2023-05
u0021,2023-07-01,login,2023-07,2023-07-01,2023-05
u0021,2023-07-02,feature_use,2023-07,2023-07-02,2023-05
u0021,2023-07-03,login,2023-07,2023-07-03,2023-05
u0021,2023-07-05,upgrade,2023-07,2023-07-05,2023-05
u0021,2023-07-07,export,2023-07,2023-07-07,2023-05
u0021,2023-07-09,login,2023-07,2023-07-09,2023-05
u0021,2023-07-10,support_ticket,2023-07,2023-07-10,2023-05
u0022,2023-06-18,signup,2023-06,2023-06-18,2023-06
u0022,2023-06-21,invite_sent,2023-06,2023-06-21,2023-06
u0022,2023-06-28,feature_use,2023-06,2023-06-28,2023-06
u0022,2023-06-30,login,2023-06,2023-06-30,2023-06
u0022,2023-07-03,login,2023-07,2023-07-03,2023-06
u0022,2023-07-09,feature_use,2023-07,2023-07-09,2023-06
u0022,2023-07-12,feature_use,2023-07,2023-07-12,2023-06
u0022,2023-07-14,support_ticket,2023-07,2023-07-14,2023-06
u0022,2023-07-14,feature_use,2023-07,2023-07-14,2023-06
u0022,2023-08-04,login,2023-08,2023-08-04,2023-06
u0022,2023-08-18,feature_use,2023-08,2023-08-18,2023-06
u0022,2023-08-19,feature_use,2023-08,2023-08-19,2023-06
u0022,2023-08-20,feature_use,2023-08,2023-08-20,2023-06
u0022,2023-08-31,churned,2023-08,2023-08-31,2023-06
u0022,2023-09-03,invite_sent,2023-09,2023-09-03,2023-06
u0022,2023-09-08,feature_use,2023-09,2023-09-08,2023-06
u0022,2023-09-22,feature_use,2023-09,2023-09-22,2023-06
u0022,2023-09-24,feature_use,2023-09,2023-09-24,2023-06
u0022,2023-10-05,upgrade,2023-10,2023-10-05,2023-06
u0022,2023-10-10,invite_sent,2023-10,2023-10-10,2023-06
u0022,2023-10-14,login,2023-10,2023-10-14,2023-06
u0022,2023-10-15,feature_use,2023-10,2023-10-15,2023-06
u0022,2023-10-16,invite_sent,2023-10,2023-10-16,2023-06
u0022,2023-10-21,export,2023-10,2023-10-21,2023-06
u0022,2023-11-05,login,2023-11,2023-11-05,2023-06
u0022,2023-11-10,feature_use,2023-11,2023-11-10,2023-06
u0022,2023-11-15,login,2023-11,2023-11-15,2023-06
u0022,2023-11-16,login,2023-11,2023-11-16,2023-06
u0023,2023-08-22,signup,2023-08,2023-08-22,2023-08
u0023,2023-08-26,invite_sent,2023-08,2023-08-26,2023-08
u0023,2023-08-29,invite_sent,2023-08,2023-08-29,2023-08
u0023,2023-08-31,login,2023-08,2023-08-31,2023-08
u0023,2023-08-31,support_ticket,2023-08,2023-08-31,2023-08
u0023,2023-09-04,feature_use,2023-09,2023-09-04,2023-08
u0023,2023-09-06,feature_use,2023-09,2023-09-06,2023-08
u0023,2023-09-07,feature_use,2023-09,2023-09-07,2023-08
u0023,2023-09-08,invite_sent,2023-09,2023-09-08,2023-08
u0023,2023-09-09,login,2023-09,2023-09-09,2023-08
u0023,2023-09-09,export,2023-09,2023-09-09,2023-08
u0023,2023-09-10,support_ticket,2023-09,2023-09-10,2023-08
u0023,2023-09-10,login,2023-09,2023-09-10,2023-08
u0023,2023-09-14,feature_use,2023-09,2023-09-14,2023-08
u0023,2023-09-14,login,2023-09,2023-09-14,2023-08
u0023,2023-09-15,feature_use,2023-09,2023-09-15,2023-08
u0023,2023-09-18,login,2023-09,2023-09-18,2023-08
u0023,2023-09-29,login,2023-09,2023-09-29,2023-08
u0023,2023-10-03,login,2023-10,2023-10-03,2023-08
u0023,2023-10-05,support_ticket,2023-10,2023-10-05,2023-08
u0023,2023-10-06,login,2023-10,2023-10-06,2023-08
u0023,2023-10-09,feature_use,2023-10,2023-10-09,2023-08
u0023,2023-10-11,feature_use,2023-10,2023-10-11,2023-08
u0023,2023-10-12,feature_use,2023-10,2023-10-12,2023-08
u0023,2023-10-15,feature_use,2023-10,2023-10-15,2023-08
u0023,2023-10-15,login,2023-10,2023-10-15,2023-08
u0023,2023-10-16,feature_use,2023-10,2023-10-16,2023-08
u0024,2023-09-04,signup,2023-09,2023-09-04,2023-09
u0024,2023-09-09,login,2023-09,2023-09-09,2023-09
u0024,2023-09-14,login,2023-09,2023-09-14,2023-09
u0024,2023-09-17,export,2023-09,2023-09-17,2023-09
u0024,2023-09-19,feature_use,2023-09,2023-09-19,2023-09
u0024,2023-09-19,login,2023-09,2023-09-19,2023-09
u0024,2023-09-20,feature_use,2023-09,2023-09-20,2023-09
u0024,2023-09-22,feature_use,2023-09,2023-09-22,2023-09
u0024,2023-09-24,export,2023-09,2023-09-24,2023-09
u0024,2023-10-03,export,2023-10,2023-10-03,2023-09
u0024,2023-10-03,feature_use,2023-10,2023-10-03,2023-09
u0024,2023-10-04,feature_use,2023-10,2023-10-04,2023-09
u0024,2023-10-05,export,2023-10,2023-10-05,2023-09
u0024,2023-10-08,feature_use,2023-10,2023-10-08,2023-09
u0024,2023-10-13,feature_use,2023-10,2023-10-13,2023-09
u0024,2023-10-16,invite_sent,2023-10,2023-10-16,2023-09
u0024,2023-10-21,login,2023-10,2023-10-21,2023-09
u0024,2023-10-22,login,2023-10,2023-10-22,2023-09
u0024,2023-10-22,feature_use,2023-10,2023-10-22,2023-09
u0024,2023-10-25,churned,2023-10,2023-10-25,2023-09
u0024,2023-10-25,login,2023-10,2023-10-25,2023-09
u0024,2023-10-27,invite_sent,2023-10,2023-10-27,2023-09
u0024,2023-10-28,feature_use,2023-10,2023-10-28,2023-09
u0024,2023-11-03,invite_sent,2023-11,2023-11-03,2023-09
u0024,2023-11-07,login,2023-11,2023-11-07,2023-09
u0025,2023-05-24,signup,2023-05,2023-05-24,2023-05
u0025,2023-05-25,login,2023-05,2023-05-25,2023-05
u0025,2023-05-28,churned,2023-05,2023-05-28,2023-05
u0025,2023-05-28,invite_sent,2023-05,2023-05-28,2023-05
u0025,2023-05-29,support_ticket,2023-05,2023-05-29,2023-05
u0025,2023-05-31,login,2023-05,2023-05-31,2023-05
u0025,2023-06-01,export,2023-06,2023-06-01,2023-05
u0025,2023-06-04,login,2023-06,2023-06-04,2023-05
u0025,2023-06-05,feature_use,2023-06,2023-06-05,2023-05
u0025,2023-06-06,login,2023-06,2023-06-06,2023-05
u0025,2023-06-08,feature_use,2023-06,2023-06-08,2023-05
u0025,2023-06-12,login,2023-06,2023-06-12,2023-05
u0025,2023-06-14,login,2023-06,2023-06-14,2023-05
u0025,2023-06-14,feature_use,2023-06,2023-06-14,2023-05
u0025,2023-06-15,login,2023-06,2023-06-15,2023-05
u0025,2023-06-18,feature_use,2023-06,2023-06-18,2023-05
u0025,2023-06-20,feature_use,2023-06,2023-06-20,2023-05
u0026,2023-04-30,signup,2023-04,2023-04-30,2023-04
u0026,2023-05-19,churned,2023-05,2023-05-19,2023-04
u0026,2023-06-02,support_ticket,2023-06,2023-06-02,2023-04
u0026,2023-06-05,export,2023-06,2023-06-05,2023-04
u0027,2023-02-26,signup,2023-02,2023-02-26,2023-02
u0027,2023-02-27,login,2023-02,2023-02-27,2023-02
u0027,2023-02-28,login,2023-02,2023-02-28,2023-02
u0027,2023-03-01,upgrade,2023-03,2023-03-01,2023-02
u0027,2023-03-02,login,2023-03,2023-03-02,2023-02
u0027,2023-03-03,feature_use,2023-03,2023-03-03,2023-02
u0027,2023-03-05,feature_use,2023-03,2023-03-05,2023-02
u0027,2023-03-13,invite_sent,2023-03,2023-03-13,2023-02
u0027,2023-03-14,feature_use,2023-03,2023-03-14,2023-02
u0027,2023-03-22,feature_use,2023-03,2023-03-22,2023-02
u0027,2023-03-25,feature_use,2023-03,2023-03-25,2023-02
u0027,2023-04-10,feature_use,2023-04,2023-04-10,2023-02
u0028,2023-08-23,signup,2023-08,2023-08-23,2023-08
u0028,2023-08-29,login,2023-08,2023-08-29,2023-08
u0028,2023-09-02,login,2023-09,2023-09-02,2023-08
u0028,2023-09-20,upgrade,2023-09,2023-09-20,2023-08
u0028,2023-09-21,login,2023-09,2023-09-21,2023-08
u0028,2023-09-23,export,2023-09,2023-09-23,2023-08
u0028,2023-09-24,upgrade,2023-09,2023-09-24,2023-08
u0029,2023-05-21,signup,2023-05,2023-05-21,2023-05
u0029,2023-06-04,churned,2023-06,2023-06-04,2023-05
u0029,2023-06-08,login,2023-06,2023-06-08,2023-05
u0029,2023-06-12,login,2023-06,2023-06-12,2023-05
u0029,2023-06-15,login,2023-06,2023-06-15,2023-05
u0029,2023-06-15,support_ticket,2023-06,2023-06-15,2023-05
u0029,2023-06-17,feature_use,2023-06,2023-06-17,2023-05
u0029,2023-06-18,login,2023-06,2023-06-18,2023-05
u0029,2023-06-20,export,2023-06,2023-06-20,2023-05
u0029,2023-07-07,login,2023-07,2023-07-07,2023-05
u0029,2023-07-15,login,2023-07,2023-07-15,2023-05
u0029,2023-07-16,feature_use,2023-07,2023-07-16,2023-05
u0029,2023-07-19,feature_use,2023-07,2023-07-19,2023-05
u0029,2023-08-01,feature_use,2023-08,2023-08-01,2023-05
u0029,2023-08-09,invite_sent,2023-08,2023-08-09,2023-05
u0029,2023-08-10,feature_use,2023-08,2023-08-10,2023-05
u0029,2023-08-13,feature_use,2023-08,2023-08-13,2023-05
u0029,2023-08-20,export,2023-08,2023-08-20,2023-05
u0029,2023-08-25,invite_sent,2023-08,2023-08-25,2023-05
u0029,2023-08-25,support_ticket,2023-08,2023-08-25,2023-05
u0029,2023-09-07,export,2023-09,2023-09-07,2023-05
u0029,2023-09-08,export,2023-09,2023-09-08,2023-05
u0029,2023-09-09,login,2023-09,2023-09-09,2023-05
u0029,2023-09-15,feature_use,2023-09,2023-09-15,2023-05
u0029,2023-09-22,login,2023-09,2023-09-22,2023-05
u0029,2023-10-10,upgrade,2023-10,2023-10-10,2023-05
u0029,2023-10-11,login,2023-10,2023-10-11,2023-05
u0029,2023-10-12,feature_use,2023-10,2023-10-12,2023-05
u0029,2023-10-21,feature_use,2023-10,2023-10-21,2023-05
u0029,2023-10-22,login,2023-10,2023-10-22,2023-05
u0029,2023-10-24,invite_sent,2023-10,2023-10-24,2023-05
u0029,2023-10-28,feature_use,2023-10,2023-10-28,2023-05
u0029,2023-11-02,feature_use,2023-11,2023-11-02,2023-05
u0029,2023-11-04,export,2023-11,2023-11-04,2023-05
u0029,2023-11-09,login,2023-11,2023-11-09,2023-05
u0029,2023-11-13,invite_sent,2023-11,2023-11-13,2023-05
u0029,2023-11-15,login,2023-11,2023-11-15,2023-05
u0030,2023-06-29,signup,2023-06,2023-06-29,2023-06
u0030,2023-07-03,feature_use,2023-07,2023-07-03,2023-06
u0030,2023-07-04,login,2023-07,2023-07-04,2023-06
u0030,2023-07-05,support_ticket,2023-07,2023-07-05,2023-06
u0030,2023-07-10,support_ticket,2023-07,2023-07-10,2023-06
u0030,2023-07-13,feature_use,2023-07,2023-07-13,2023-06
u0030,2023-07-20,support_ticket,2023-07,2023-07-20,2023-06
u0030,2023-07-23,login,2023-07,2023-07-23,2023-06
u0030,2023-07-29,login,2023-07,2023-07-29,2023-06
u0030,2023-08-05,feature_use,2023-08,2023-08-05,2023-06
u0030,2023-08-09,churned,2023-08,2023-08-09,2023-06
u0030,2023-08-25,login,2023-08,2023-08-25,2023-06
u0031,2023-05-20,signup,2023-05,2023-05-20,2023-05
u0031,2023-05-22,feature_use,2023-05,2023-05-22,2023-05
u0031,2023-05-31,feature_use,2023-05,2023-05-31,2023-05
u0031,2023-06-04,login,2023-06,2023-06-04,2023-05
u0031,2023-06-17,login,2023-06,2023-06-17,2023-05
u0031,2023-06-18,login,2023-06,2023-06-18,2023-05
u0031,2023-06-19,login,2023-06,2023-06-19,2023-05
u0031,2023-06-19,feature_use,2023-06,2023-06-19,2023-05
u0031,2023-06-25,support_ticket,2023-06,2023-06-25,2023-05
u0031,2023-06-27,login,2023-06,2023-06-27,2023-05
u0031,2023-07-03,login,2023-07,2023-07-03,2023-05
u0031,2023-07-09,invite_sent,2023-07,2023-07-09,2023-05
u0031,2023-07-15,support_ticket,2023-07,2023-07-15,2023-05
u0031,2023-07-18,feature_use,2023-07,2023-07-18,2023-05
u0031,2023-08-03,login,2023-08,2023-08-03,2023-05
u0031,2023-08-06,invite_sent,2023-08,2023-08-06,2023-05
u0031,2023-08-07,login,2023-08,2023-08-07,2023-05
u0031,2023-08-09,feature_use,2023-08,2023-08-09,2023-05
u0031,2023-08-12,login,2023-08,2023-08-12,2023-05
u0031,2023-08-15,login,2023-08,2023-08-15,2023-05
u0031,2023-08-18,login,2023-08,2023-08-18,2023-05
u0031,2023-08-19,login,2023-08,2023-08-19,2023-05
u0031,2023-08-21,login,2023-08,2023-08-21,2023-05
u0031,2023-08-26,feature_use,2023-08,2023-08-26,2023-05
u0031,2023-08-30,churned,2023-08,2023-08-30,2023-05
u0031,2023-08-30,export,2023-08,2023-08-30,2023-05
u0031,2023-08-31,feature_use,2023-08,2023-08-31,2023-05
u0031,2023-09-01,upgrade,2023-09,2023-09-01,2023-05
u0031,2023-09-01,login,2023-09,2023-09-01,2023-05
u0031,2023-09-04,login,2023-09,2023-09-04,2023-05
u0031,2023-09-08,login,2023-09,2023-09-08,2023-05
u0031,2023-09-11,feature_use,2023-09,2023-09-11,2023-05
u0031,2023-09-15,invite_sent,2023-09,2023-09-15,2023-05
u0031,2023-09-15,export,2023-09,2023-09-15,2023-05
u0031,2023-09-22,feature_use,2023-09,2023-09-22,2023-05
u0032,2023-03-16,signup,2023-03,2023-03-16,2023-03
u0032,2023-03-18,login,2023-03,2023-03-18,2023-03
u0032,2023-03-19,login,2023-03,2023-03-19,2023-03
u0032,2023-03-19,feature_use,2023-03,2023-03-19,2023-03
u0032,2023-03-26,support_ticket,2023-03,2023-03-26,2023-03
u0032,2023-03-27,export,2023-03,2023-03-27,2023-03
u0032,2023-03-27,login,2023-03,2023-03-27,2023-03
u0032,2023-03-28,export,2023-03,2023-03-28,2023-03
u0032,2023-03-31,feature_use,2023-03,2023-03-31,2023-03
u0032,2023-03-31,login,2023-03,2023-03-31,2023-03
u0032,2023-04-01,feature_use,2023-04,2023-04-01,2023-03
u0033,2023-02-16,signup,2023-02,2023-02-16,2023-02
u0033,2023-02-26,login,2023-02,2023-02-26,2023-02
u0033,2023-03-10,feature_use,2023-03,2023-03-10,2023-02
u0033,2023-03-15,support_ticket,2023-03,2023-03-15,2023-02
u0033,2023-03-20,feature_use,2023-03,2023-03-20,2023-02
u0033,2023-04-01,feature_use,2023-04,2023-04-01,2023-02
u0033,2023-04-01,login,2023-04,2023-04-01,2023-02
u0033,2023-04-06,feature_use,2023-04,2023-04-06,2023-02
u0033,2023-04-30,invite_sent,2023-04,2023-04-30,2023-02
u0033,2023-05-04,login,2023-05,2023-05-04,2023-02
u0033,2023-05-09,login,2023-05,2023-05-09,2023-02
u0033,2023-05-16,login,2023-05,2023-05-16,2023-02
u0033,2023-05-24,login,2023-05,2023-05-24,2023-02
u0033,2023-07-11,feature_use,2023-07,2023-07-11,2023-02
u0033,2023-07-25,churned,2023-07,2023-07-25,2023-02
u0033,2023-08-04,support_ticket,2023-08,2023-08-04,2023-02
u0033,2023-08-07,login,2023-08,2023-08-07,2023-02
u0033,2023-08-09,feature_use,2023-08,2023-08-09,2023-02
u0033,2023-08-11,churned,2023-08,2023-08-11,2023-02
u0033,2023-08-28,feature_use,2023-08,2023-08-28,2023-02
u0033,2023-09-02,login,2023-09,2023-09-02,2023-02
u0033,2023-09-05,login,2023-09,2023-09-05,2023-02
u0033,2023-09-21,feature_use,2023-09,2023-09-21,2023-02
u0033,2023-09-29,churned,2023-09,2023-09-29,2023-02
u0033,2023-10-11,feature_use,2023-10,2023-10-11,2023-02
u0033,2023-10-18,feature_use,2023-10,2023-10-18,2023-02
u0033,2023-11-12,feature_use,2023-11,2023-11-12,2023-02
u0033,2023-11-13,login,2023-11,2023-11-13,2023-02
u0034,2023-04-03,signup,2023-04,2023-04-03,2023-04
u0034,2023-04-16,feature_use,2023-04,2023-04-16,2023-04
u0034,2023-04-17,upgrade,2023-04,2023-04-17,2023-04
u0034,2023-04-21,login,2023-04,2023-04-21,2023-04
u0034,2023-04-24,login,2023-04,2023-04-24,2023-04
u0034,2023-04-24,support_ticket,2023-04,2023-04-24,2023-04
u0034,2023-04-28,login,2023-04,2023-04-28,2023-04
u0034,2023-05-04,login,2023-05,2023-05-04,2023-04
u0034,2023-05-10,login,2023-05,2023-05-10,2023-04
u0034,2023-05-11,export,2023-05,2023-05-11,2023-04
u0034,2023-05-21,feature_use,2023-05,2023-05-21,2023-04
u0034,2023-05-26,login,2023-05,2023-05-26,2023-04
u0034,2023-05-30,feature_use,2023-05,2023-05-30,2023-04
u0034,2023-05-31,login,2023-05,2023-05-31,2023-04
u0034,2023-06-02,support_ticket,2023-06,2023-06-02,2023-04
u0034,2023-06-09,export,2023-06,2023-06-09,2023-04
u0034,2023-06-10,feature_use,2023-06,2023-06-10,2023-04
u0034,2023-06-12,export,2023-06,2023-06-12,2023-04
u0034,2023-06-16,churned,2023-06,2023-06-16,2023-04
u0034,2023-06-19,feature_use,2023-06,2023-06-19,2023-04
u0034,2023-06-25,feature_use,2023-06,2023-06-25,2023-04
u0034,2023-06-27,login,2023-06,2023-06-27,2023-04
u0034,2023-07-01,support_ticket,2023-07,2023-07-01,2023-04
u0034,2023-07-05,feature_use,2023-07,2023-07-05,2023-04
u0034,2023-07-05,login,2023-07,2023-07-05,2023-04
u0034,2023-07-09,support_ticket,2023-07,2023-07-09,2023-04
u0034,2023-07-11,feature_use,2023-07,2023-07-11,2023-04
u0034,2023-07-12,feature_use,2023-07,2023-07-12,2023-04
u0034,2023-07-15,feature_use,2023-07,2023-07-15,2023-04
u0034,2023-07-16,invite_sent,2023-07,2023-07-16,2023-04
u0034,2023-07-16,support_ticket,2023-07,2023-07-16,2023-04
u0034,2023-07-24,login,2023-07,2023-07-24,2023-04
u0034,2023-07-26,feature_use,2023-07,2023-07-26,2023-04
u0034,2023-07-28,export,2023-07,2023-07-28,2023-04
u0035,2023-03-24,signup,2023-03,2023-03-24,2023-03
u0035,2023-04-02,login,2023-04,2023-04-02,2023-03
u0035,2023-04-02,support_ticket,2023-04,2023-04-02,2023-03
u0035,2023-04-08,support_ticket,2023-04,2023-04-08,2023-03
u0035,2023-04-14,invite_sent,2023-04,2023-04-14,2023-03
u0035,2023-04-15,support_ticket,2023-04,2023-04-15,2023-03
u0035,2023-04-16,invite_sent,2023-04,2023-04-16,2023-03
u0035,2023-04-17,login,2023-04,2023-04-17,2023-03
u0035,2023-04-18,churned,2023-04,2023-04-18,2023-03
u0035,2023-04-20,login,2023-04,2023-04-20,2023-03
u0035,2023-04-21,login,2023-04,2023-04-21,2023-03
u0035,2023-04-24,upgrade,2023-04,2023-04-24,2023-03
u0035,2023-04-26,feature_use,2023-04,2023-04-26,2023-03
u0036,2023-08-29,signup,2023-08,2023-08-29,2023-08
u0036,2023-08-30,login,2023-08,2023-08-30,2023-08
u0036,2023-09-02,login,2023-09,2023-09-02,2023-08
u0036,2023-09-08,login,2023-09,2023-09-08,2023-08
u0036,2023-09-12,login,2023-09,2023-09-12,2023-08
u0036,2023-09-12,feature_use,2023-09,2023-09-12,2023-08
u0036,2023-09-18,feature_use,2023-09,2023-09-18,2023-08
u0036,2023-09-22,feature_use,2023-09,2023-09-22,2023-08
u0036,2023-09-25,login,2023-09,2023-09-25,2023-08
u0037,2023-02-26,signup,2023-02,2023-02-26,2023-02
u0037,2023-03-07,feature_use,2023-03,2023-03-07,2023-02
u0037,2023-03-07,login,2023-03,2023-03-07,2023-02
u0037,2023-03-17,support_ticket,2023-03,2023-03-17,2023-02
u0037,2023-03-21,feature_use,2023-03,2023-03-21,2023-02
u0037,2023-03-23,export,2023-03,2023-03-23,2023-02
u0037,2023-04-02,login,2023-04,2023-04-02,2023-02
u0037,2023-04-11,feature_use,2023-04,2023-04-11,2023-02
u0037,2023-04-21,support_ticket,2023-04,2023-04-21,2023-02
u0037,2023-05-07,login,2023-05,2023-05-07,2023-02
u0037,2023-05-27,export,2023-05,2023-05-27,2023-02
u0037,2023-06-02,feature_use,2023-06,2023-06-02,2023-02
u0037,2023-06-04,login,2023-06,2023-06-04,2023-02
u0037,2023-06-09,export,2023-06,2023-06-09,2023-02
u0037,2023-06-10,login,2023-06,2023-06-10,2023-02
u0037,2023-06-30,upgrade,2023-06,2023-06-30,2023-02
u0037,2023-07-26,feature_use,2023-07,2023-07-26,2023-02
u0037,2023-08-07,invite_sent,2023-08,2023-08-07,2023-02
u0037,2023-08-15,login,2023-08,2023-08-15,2023-02
u0037,2023-08-16,login,2023-08,2023-08-16,2023-02
u0037,2023-08-26,login,2023-08,2023-08-26,2023-02
u0037,2023-08-26,feature_use,2023-08,2023-08-26,2023-02
u0037,2023-08-30,login,2023-08,2023-08-30,2023-02
u0037,2023-09-03,feature_use,2023-09,2023-09-03,2023-02
u0037,2023-09-06,login,2023-09,2023-09-06,2023-02
u0037,2023-09-12,login,2023-09,2023-09-12,2023-02
u0037,2023-09-14,export,2023-09,2023-09-14,2023-02
u0037,2023-09-19,support_ticket,2023-09,2023-09-19,2023-02
u0037,2023-09-28,login,2023-09,2023-09-28,2023-02
u0037,2023-10-19,login,2023-10,2023-10-19,2023-02
u0037,2023-10-22,churned,2023-10,2023-10-22,2023-02
u0037,2023-10-30,feature_use,2023-10,2023-10-30,2023-02
u0037,2023-11-08,login,2023-11,2023-11-08,2023-02
u0037,2023-11-13,feature_use,2023-11,2023-11-13,2023-02
u0037,2023-11-17,feature_use,2023-11,2023-11-17,2023-02
u0037,2023-11-19,login,2023-11,2023-11-19,2023-02
u0037,2023-11-23,feature_use,2023-11,2023-11-23,2023-02
u0037,2023-12-02,feature_use,2023-12,2023-12-02,2023-02
u0038,2023-02-12,signup,2023-02,2023-02-12,2023-02
u0038,2023-02-16,upgrade,2023-02,2023-02-16,2023-02
u0038,2023-02-17,feature_use,2023-02,2023-02-17,2023-02
u0038,2023-02-18,upgrade,2023-02,2023-02-18,2023-02
u0038,2023-02-20,login,2023-02,2023-02-20,2023-02
u0038,2023-02-21,login,2023-02,2023-02-21,2023-02
u0038,2023-02-22,feature_use,2023-02,2023-02-22,2023-02
u0038,2023-02-28,login,2023-02,2023-02-28,2023-02
u0038,2023-03-03,export,2023-03,2023-03-03,2023-02
u0038,2023-03-05,invite_sent,2023-03,2023-03-05,2023-02
u0038,2023-03-08,feature_use,2023-03,2023-03-08,2023-02
u0038,2023-03-12,churned,2023-03,2023-03-12,2023-02
u0038,2023-03-16,churned,2023-03,2023-03-16,2023-02
u0038,2023-03-18,upgrade,2023-03,2023-03-18,2023-02
u0038,2023-03-21,upgrade,2023-03,2023-03-21,2023-02
u0038,2023-03-24,feature_use,2023-03,2023-03-24,2023-02
u0038,2023-03-25,feature_use,2023-03,2023-03-25,2023-02
u0038,2023-03-26,login,2023-03,2023-03-26,2023-02
u0038,2023-03-26,feature_use,2023-03,2023-03-26,2023-02
u0038,2023-03-30,feature_use,2023-03,2023-03-30,2023-02
u0038,2023-03-31,login,2023-03,2023-03-31,2023-02
u0038,2023-04-01,feature_use,2023-04,2023-04-01,2023-02
u0038,2023-04-05,login,2023-04,2023-04-05,2023-02
u0038,2023-04-08,login,2023-04,2023-04-08,2023-02
u0038,2023-04-09,login,2023-04,2023-04-09,2023-02
u0038,2023-04-10,login,2023-04,2023-04-10,2023-02
u0038,2023-04-11,invite_sent,2023-04,2023-04-11,2023-02
u0038,2023-04-16,login,2023-04,2023-04-16,2023-02
u0038,2023-04-17,feature_use,2023-04,2023-04-17,2023-02
u0038,2023-04-21,login,2023-04,2023-04-21,2023-02
u0039,2023-03-11,signup,2023-03,2023-03-11,2023-03
u0039,2023-03-25,login,2023-03,2023-03-25,2023-03
u0039,2023-04-14,feature_use,2023-04,2023-04-14,2023-03
u0039,2023-04-25,login,2023-04,2023-04-25,2023-03
u0039,2023-05-17,feature_use,2023-05,2023-05-17,2023-03
u0039,2023-05-31,upgrade,2023-05,2023-05-31,2023-03
u0039,2023-06-09,support_ticket,2023-06,2023-06-09,2023-03
u0039,2023-06-22,support_ticket,2023-06,2023-06-22,2023-03
u0039,2023-07-11,support_ticket,2023-07,2023-07-11,2023-03
u0039,2023-08-07,export,2023-08,2023-08-07,2023-03
u0039,2023-08-22,feature_use,2023-08,2023-08-22,2023-03
u0039,2023-09-16,feature_use,2023-09,2023-09-16,2023-03
u0039,2023-10-01,churned,2023-10,2023-10-01,2023-03
u0039,2023-10-25,churned,2023-10,2023-10-25,2023-03
u0039,2023-11-27,login,2023-11,2023-11-27,2023-03
u0040,2023-09-03,signup,2023-09,2023-09-03,2023-09
u0040,2023-09-07,login,2023-09,2023-09-07,2023-09
u0040,2023-09-07,feature_use,2023-09,2023-09-07,2023-09
u0040,2023-09-11,export,2023-09,2023-09-11,2023-09
u0040,2023-09-13,login,2023-09,2023-09-13,2023-09
u0040,2023-09-13,upgrade,2023-09,2023-09-13,2023-09
u0040,2023-09-14,login,2023-09,2023-09-14,2023-09
u0040,2023-09-15,feature_use,2023-09,2023-09-15,2023-09
u0040,2023-09-20,feature_use,2023-09,2023-09-20,2023-09
u0040,2023-09-20,support_ticket,2023-09,2023-09-20,2023-09
u0040,2023-09-24,feature_use,2023-09,2023-09-24,2023-09
u0040,2023-09-25,login,2023-09,2023-09-25,2023-09
u0040,2023-09-25,feature_use,2023-09,2023-09-25,2023-09
u0040,2023-09-27,support_ticket,2023-09,2023-09-27,2023-09
u0040,2023-09-30,support_ticket,2023-09,2023-09-30,2023-09
u0040,2023-10-02,login,2023-10,2023-10-02,2023-09
u0040,2023-10-09,login,2023-10,2023-10-09,2023-09
u0040,2023-10-12,feature_use,2023-10,2023-10-12,2023-09
u0040,2023-10-14,feature_use,2023-10,2023-10-14,2023-09
u0040,2023-10-14,export,2023-10,2023-10-14,2023-09
u0040,2023-10-14,upgrade,2023-10,2023-10-14,2023-09
u0040,2023-10-17,feature_use,2023-10,2023-10-17,2023-09
u0040,2023-10-18,churned,2023-10,2023-10-18,2023-09
u0040,2023-10-25,login,2023-10,2023-10-25,2023-09
u0040,2023-10-27,feature_use,2023-10,2023-10-27,2023-09
u0040,2023-10-31,feature_use,2023-10,2023-10-31,2023-09
u0040,2023-11-04,feature_use,2023-11,2023-11-04,2023-09
u0040,2023-11-08,feature_use,2023-11,2023-11-08,2023-09
u0040,2023-11-09,login,2023-11,2023-11-09,2023-09
u0040,2023-11-09,invite_sent,2023-11,2023-11-09,2023-09
u0040,2023-11-13,feature_use,2023-11,2023-11-13,2023-09
u0040,2023-11-15,login,2023-11,2023-11-15,2023-09
u0040,2023-11-16,login,2023-11,2023-11-16,2023-09
u0040,2023-11-17,login,2023-11,2023-11-17,2023-09
u0040,2023-11-20,login,2023-11,2023-11-20,2023-09
u0040,2023-11-22,upgrade,2023-11,2023-11-22,2023-09
u0040,2023-11-23,feature_use,2023-11,2023-11-23,2023-09
u0040,2023-11-24,invite_sent,2023-11,2023-11-24,2023-09
u0041,2023-06-13,signup,2023-06,2023-06-13,2023-06
u0041,2023-06-15,login,2023-06,2023-06-15,2023-06
u0041,2023-06-15,invite_sent,2023-06,2023-06-15,2023-06
u0041,2023-06-15,feature_use,2023-06,2023-06-15,2023-06
u0041,2023-06-16,support_ticket,2023-06,2023-06-16,2023-06
u0041,2023-06-17,support_ticket,2023-06,2023-06-17,2023-06
u0041,2023-06-17,login,2023-06,2023-06-17,2023-06
u0041,2023-06-18,feature_use,2023-06,2023-06-18,2023-06
u0041,2023-06-18,upgrade,2023-06,2023-06-18,2023-06
u0041,2023-06-19,login,2023-06,2023-06-19,2023-06
u0041,2023-06-20,export,2023-06,2023-06-20,2023-06
u0041,2023-06-20,login,2023-06,2023-06-20,2023-06
u0041,2023-06-21,login,2023-06,2023-06-21,2023-06
u0041,2023-06-21,churned,2023-06,2023-06-21,2023-06
u0041,2023-06-21,feature_use,2023-06,2023-06-21,2023-06
u0041,2023-06-22,feature_use,2023-06,2023-06-22,2023-06
u0041,2023-06-23,upgrade,2023-06,2023-06-23,2023-06
u0041,2023-06-24,feature_use,2023-06,2023-06-24,2023-06
u0042,2023-07-25,signup,2023-07,2023-07-25,2023-07
u0042,2023-07-28,login,2023-07,2023-07-28,2023-07
u0042,2023-07-30,feature_use,2023-07,2023-07-30,2023-07
u0042,2023-08-01,feature_use,2023-08,2023-08-01,2023-07
u0042,2023-08-02,login,2023-08,2023-08-02,2023-07
u0042,2023-08-07,feature_use,2023-08,2023-08-07,2023-07
u0042,2023-08-12,export,2023-08,2023-08-12,2023-07
u0042,2023-08-16,feature_use,2023-08,2023-08-16,2023-07
u0042,2023-08-16,support_ticket,2023-08,2023-08-16,2023-07
u0042,2023-08-18,feature_use,2023-08,2023-08-18,2023-07
u0042,2023-08-18,support_ticket,2023-08,2023-08-18,2023-07
u0042,2023-08-20,feature_use,2023-08,2023-08-20,2023-07
u0042,2023-08-23,support_ticket,2023-08,2023-08-23,2023-07
u0042,2023-08-28,feature_use,2023-08,2023-08-28,2023-07
u0042,2023-09-02,export,2023-09,2023-09-02,2023-07
u0042,2023-09-03,feature_use,2023-09,2023-09-03,2023-07
u0043,2023-03-13,signup,2023-03,2023-03-13,2023-03
u0043,2023-04-11,churned,2023-04,2023-04-11,2023-03
u0043,2023-06-16,login,2023-06,2023-06-16,2023-03
u0043,2023-06-22,churned,2023-06,2023-06-22,2023-03
u0043,2023-07-13,support_ticket,2023-07,2023-07-13,2023-03
u0043,2023-07-13,login,2023-07,2023-07-13,2023-03
u0043,2023-07-22,feature_use,2023-07,2023-07-22,2023-03
u0043,2023-08-10,login,2023-08,2023-08-10,2023-03
u0043,2023-08-12,login,2023-08,2023-08-12,2023-03
u0043,2023-08-22,login,2023-08,2023-08-22,2023-03
u0043,2023-08-28,support_ticket,2023-08,2023-08-28,2023-03
u0043,2023-09-11,feature_use,2023-09,2023-09-11,2023-03
u0043,2023-09-15,export,2023-09,2023-09-15,2023-03
u0043,2023-09-19,export,2023-09,2023-09-19,2023-03
u0044,2023-10-24,signup,2023-10,2023-10-24,2023-10
u0044,2023-10-28,upgrade,2023-10,2023-10-28,2023-10
u0044,2023-10-28,login,2023-10,2023-10-28,2023-10
u0044,2023-10-30,login,2023-10,2023-10-30,2023-10
u0044,2023-10-31,feature_use,2023-10,2023-10-31,2023-10
u0044,2023-11-01,login,2023-11,2023-11-01,2023-10
u0044,2023-11-02,login,2023-11,2023-11-02,2023-10
u0044,2023-11-03,feature_use,2023-11,2023-11-03,2023-10
u0044,2023-11-03,login,2023-11,2023-11-03,2023-10
u0044,2023-11-04,feature_use,2023-11,2023-11-04,2023-10
u0044,2023-11-06,invite_sent,2023-11,2023-11-06,2023-10
u0044,2023-11-07,feature_use,2023-11,2023-11-07,2023-10
u0044,2023-11-07,upgrade,2023-11,2023-11-07,2023-10
u0044,2023-11-08,invite_sent,2023-11,2023-11-08,2023-10
u0044,2023-11-08,feature_use,2023-11,2023-11-08,2023-10
u0044,2023-11-09,login,2023-11,2023-11-09,2023-10
u0044,2023-11-10,feature_use,2023-11,2023-11-10,2023-10
u0044,2023-11-11,feature_use,2023-11,2023-11-11,2023-10
u0044,2023-11-11,login,2023-11,2023-11-11,2023-10
u0044,2023-11-11,invite_sent,2023-11,2023-11-11,2023-10
u0044,2023-11-12,invite_sent,2023-11,2023-11-12,2023-10
u0044,2023-11-13,support_ticket,2023-11,2023-11-13,2023-10
u0044,2023-11-14,invite_sent,2023-11,2023-11-14,2023-10
u0044,2023-11-15,feature_use,2023-11,2023-11-15,2023-10
u0044,2023-11-15,upgrade,2023-11,2023-11-15,2023-10
u0044,2023-11-16,feature_use,2023-11,2023-11-16,2023-10
u0044,2023-11-18,login,2023-11,2023-11-18,2023-10
u0044,2023-11-18,invite_sent,2023-11,2023-11-18,2023-10
u0044,2023-11-19,support_ticket,2023-11,2023-11-19,2023-10
u0044,2023-11-22,login,2023-11,2023-11-22,2023-10
u0044,2023-11-22,feature_use,2023-11,2023-11-22,2023-10
u0044,2023-11-23,invite_sent,2023-11,2023-11-23,2023-10
u0044,2023-11-24,login,2023-11,2023-11-24,2023-10
u0044,2023-11-24,export,2023-11,2023-11-24,2023-10
u0044,2023-11-24,feature_use,2023-11,2023-11-24,2023-10
u0044,2023-11-25,login,2023-11,2023-11-25,2023-10
u0045,2023-04-13,signup,2023-04,2023-04-13,2023-04
u0045,2023-04-15,login,2023-04,2023-04-15,2023-04
u0045,2023-04-15,upgrade,2023-04,2023-04-15,2023-04
u0045,2023-04-18,invite_sent,2023-04,2023-04-18,2023-04
u0045,2023-04-18,churned,2023-04,2023-04-18,2023-04
u0045,2023-04-28,login,2023-04,2023-04-28,2023-04
u0045,2023-05-01,export,2023-05,2023-05-01,2023-04
u0045,2023-05-06,feature_use,2023-05,2023-05-06,2023-04
u0045,2023-05-06,invite_sent,2023-05,2023-05-06,2023-04
u0045,2023-05-07,invite_sent,2023-05,2023-05-07,2023-04
u0045,2023-05-16,upgrade,2023-05,2023-05-16,2023-04
u0045,2023-05-20,feature_use,2023-05,2023-05-20,2023-04
u0045,2023-05-21,export,2023-05,2023-05-21,2023-04
u0045,2023-05-26,login,2023-05,2023-05-26,2023-04
u0045,2023-06-03,support_ticket,2023-06,2023-06-03,2023-04
u0045,2023-06-12,login,2023-06,2023-06-12,2023-04
u0045,2023-06-16,export,2023-06,2023-06-16,2023-04
u0045,2023-06-26,login,2023-06,2023-06-26,2023-04
u0045,2023-06-30,login,2023-06,2023-06-30,2023-04
u0045,2023-07-05,feature_use,2023-07,2023-07-05,2023-04
u0045,2023-07-16,feature_use,2023-07,2023-07-16,2023-04
u0045,2023-07-17,upgrade,2023-07,2023-07-17,2023-04
u0045,2023-07-21,login,2023-07,2023-07-21,2023-04
u0045,2023-07-24,login,2023-07,2023-07-24,2023-04
u0046,2023-04-09,signup,2023-04,2023-04-09,2023-04
u0046,2023-04-17,feature_use,2023-04,2023-04-17,2023-04
u0046,2023-04-18,feature_use,2023-04,2023-04-18,2023-04
u0046,2023-04-23,support_ticket,2023-04,2023-04-23,2023-04
u0046,2023-04-24,login,2023-04,2023-04-24,2023-04
u0046,2023-04-25,login,2023-04,2023-04-25,2023-04
u0046,2023-04-26,feature_use,2023-04,2023-04-26,2023-04
u0046,2023-04-28,login,2023-04,2023-04-28,2023-04
u0046,2023-04-29,login,2023-04,2023-04-29,2023-04
u0046,2023-04-30,login,2023-04,2023-04-30,2023-04
u0046,2023-05-01,login,2023-05,2023-05-01,2023-04
u0046,2023-05-04,login,2023-05,2023-05-04,2023-04
u0046,2023-05-09,support_ticket,2023-05,2023-05-09,2023-04
u0046,2023-05-10,support_ticket,2023-05,2023-05-10,2023-04
u0046,2023-05-18,feature_use,2023-05,2023-05-18,2023-04
u0046,2023-05-22,login,2023-05,2023-05-22,2023-04
u0046,2023-05-23,feature_use,2023-05,2023-05-23,2023-04
u0046,2023-05-23,support_ticket,2023-05,2023-05-23,2023-04
u0046,2023-05-24,login,2023-05,2023-05-24,2023-04
u0046,2023-05-24,feature_use,2023-05,2023-05-24,2023-04
u0046,2023-05-26,feature_use,2023-05,2023-05-26,2023-04
u0046,2023-05-28,login,2023-05,2023-05-28,2023-04
u0046,2023-05-29,login,2023-05,2023-05-29,2023-04
u0046,2023-05-31,feature_use,2023-05,2023-05-31,2023-04
u0046,2023-06-01,feature_use,2023-06,2023-06-01,2023-04
u0046,2023-06-04,support_ticket,2023-06,2023-06-04,2023-04
u0046,2023-06-06,export,2023-06,2023-06-06,2023-04
u0047,2023-09-27,signup,2023-09,2023-09-27,2023-09
u0047,2023-10-17,login,2023-10,2023-10-17,2023-09
u0047,2023-10-23,feature_use,2023-10,2023-10-23,2023-09
u0047,2023-10-24,upgrade,2023-10,2023-10-24,2023-09
u0047,2023-11-29,login,2023-11,2023-11-29,2023-09
u0047,2023-12-03,feature_use,2023-12,2023-12-03,2023-09
u0047,2023-12-07,invite_sent,2023-12,2023-12-07,2023-09
u0047,2023-12-09,login,2023-12,2023-12-09,2023-09
u0048,2023-09-19,signup,2023-09,2023-09-19,2023-09
u0048,2023-09-20,support_ticket,2023-09,2023-09-20,2023-09
u0048,2023-09-21,churned,2023-09,2023-09-21,2023-09
u0048,2023-09-21,login,2023-09,2023-09-21,2023-09
u0048,2023-09-22,feature_use,2023-09,2023-09-22,2023-09
u0048,2023-09-24,login,2023-09,2023-09-24,2023-09
u0048,2023-09-24,churned,2023-09,2023-09-24,2023-09
u0048,2023-09-27,login,2023-09,2023-09-27,2023-09
u0048,2023-09-28,feature_use,2023-09,2023-09-28,2023-09
u0048,2023-09-28,support_ticket,2023-09,2023-09-28,2023-09
u0048,2023-09-28,upgrade,2023-09,2023-09-28,2023-09
u0048,2023-09-29,login,2023-09,2023-09-29,2023-09
u0048,2023-10-04,export,2023-10,2023-10-04,2023-09
u0048,2023-10-05,feature_use,2023-10,2023-10-05,2023-09
u0048,2023-10-09,upgrade,2023-10,2023-10-09,2023-09
u0048,2023-10-12,upgrade,2023-10,2023-10-12,2023-09
u0048,2023-10-12,login,2023-10,2023-10-12,2023-09
u0048,2023-10-14,feature_use,2023-10,2023-10-14,2023-09
u0048,2023-10-14,export,2023-10,2023-10-14,2023-09
u0048,2023-10-15,login,2023-10,2023-10-15,2023-09
u0048,2023-10-16,login,2023-10,2023-10-16,2023-09
u0048,2023-10-16,feature_use,2023-10,2023-10-16,2023-09
u0048,2023-10-19,feature_use,2023-10,2023-10-19,2023-09
u0048,2023-10-20,login,2023-10,2023-10-20,2023-09
u0048,2023-10-24,churned,2023-10,2023-10-24,2023-09
u0048,2023-10-24,login,2023-10,2023-10-24,2023-09
u0048,2023-10-24,feature_use,2023-10,2023-10-24,2023-09
u0048,2023-10-25,feature_use,2023-10,2023-10-25,2023-09
u0049,2023-01-25,signup,2023-01,2023-01-25,2023-01
u0049,2023-01-26,feature_use,2023-01,2023-01-26,2023-01
u0049,2023-01-27,support_ticket,2023-01,2023-01-27,2023-01
u0049,2023-01-27,login,2023-01,2023-01-27,2023-01
u0049,2023-01-27,churned,2023-01,2023-01-27,2023-01
u0049,2023-01-27,export,2023-01,2023-01-27,2023-01
u0049,2023-01-27,feature_use,2023-01,2023-01-27,2023-01
u0049,2023-01-28,login,2023-01,2023-01-28,2023-01
u0049,2023-01-28,invite_sent,2023-01,2023-01-28,2023-01
u0049,2023-01-28,feature_use,2023-01,2023-01-28,2023-01
u0049,2023-01-28,export,2023-01,2023-01-28,2023-01
u0049,2023-01-29,login,2023-01,2023-01-29,2023-01
u0049,2023-01-29,feature_use,2023-01,2023-01-29,2023-01
u0049,2023-01-30,churned,2023-01,2023-01-30,2023-01
u0049,2023-01-30,feature_use,2023-01,2023-01-30,2023-01
u0049,2023-01-30,login,2023-01,2023-01-30,2023-01
u0049,2023-01-30,invite_sent,2023-01,2023-01-30,2023-01
u0049,2023-01-31,feature_use,2023-01,2023-01-31,2023-01
u0049,2023-01-31,support_ticket,2023-01,2023-01-31,2023-01
u0049,2023-01-31,invite_sent,2023-01,2023-01-31,2023-01
u0049,2023-02-01,login,2023-02,2023-02-01,2023-01
u0049,2023-02-01,feature_use,2023-02,2023-02-01,2023-01
u0050,2023-05-11,signup,2023-05,2023-05-11,2023-05
u0050,2023-05-16,login,2023-05,2023-05-16,2023-05
u0050,2023-05-17,feature_use,2023-05,2023-05-17,2023-05
u0050,2023-05-24,login,2023-05,2023-05-24,2023-05
u0050,2023-06-05,feature_use,2023-06,2023-06-05,2023-05
u0050,2023-06-09,export,2023-06,2023-06-09,2023-05
u0050,2023-06-16,login,2023-06,2023-06-16,2023-05
u0050,2023-06-18,upgrade,2023-06,2023-06-18,2023-05
u0050,2023-06-19,login,2023-06,2023-06-19,2023-05
u0051,2023-04-17,signup,2023-04,2023-04-17,2023-04
u0051,2023-04-19,login,2023-04,2023-04-19,2023-04
u0051,2023-04-20,login,2023-04,2023-04-20,2023-04
u0051,2023-04-23,feature_use,2023-04,2023-04-23,2023-04
u0051,2023-05-03,support_ticket,2023-05,2023-05-03,2023-04
u0051,2023-05-12,churned,2023-05,2023-05-12,2023-04
u0051,2023-05-13,login,2023-05,2023-05-13,2023-04
u0051,2023-05-16,support_ticket,2023-05,2023-05-16,2023-04
u0051,2023-05-18,feature_use,2023-05,2023-05-18,2023-04
u0051,2023-05-19,upgrade,2023-05,2023-05-19,2023-04
u0051,2023-05-28,invite_sent,2023-05,2023-05-28,2023-04
u0051,2023-06-02,login,2023-06,2023-06-02,2023-04
u0051,2023-06-03,feature_use,2023-06,2023-06-03,2023-04
u0051,2023-06-04,login,2023-06,2023-06-04,2023-04
u0051,2023-06-10,login,2023-06,2023-06-10,2023-04
u0051,2023-06-16,feature_use,2023-06,2023-06-16,2023-04
u0051,2023-06-17,support_ticket,2023-06,2023-06-17,2023-04
u0051,2023-06-20,feature_use,2023-06,2023-06-20,2023-04
u0051,2023-07-01,feature_use,2023-07,2023-07-01,2023-04
u0051,2023-07-17,login,2023-07,2023-07-17,2023-04
u0051,2023-07-23,feature_use,2023-07,2023-07-23,2023-04
u0051,2023-07-26,login,2023-07,2023-07-26,2023-04
u0051,2023-07-29,churned,2023-07,2023-07-29,2023-04
u0052,2023-07-14,signup,2023-07,2023-07-14,2023-07
u0052,2023-07-15,feature_use,2023-07,2023-07-15,2023-07
u0052,2023-07-17,feature_use,2023-07,2023-07-17,2023-07
u0052,2023-07-22,feature_use,2023-07,2023-07-22,2023-07
u0052,2023-07-24,invite_sent,2023-07,2023-07-24,2023-07
u0052,2023-07-27,feature_use,2023-07,2023-07-27,2023-07
u0052,2023-08-06,login,2023-08,2023-08-06,2023-07
u0052,2023-08-11,feature_use,2023-08,2023-08-11,2023-07
u0052,2023-08-12,login,2023-08,2023-08-12,2023-07
u0052,2023-08-14,login,2023-08,2023-08-14,2023-07
u0052,2023-08-15,churned,2023-08,2023-08-15,2023-07
u0052,2023-08-29,login,2023-08,2023-08-29,2023-07
u0052,2023-08-31,login,2023-08,2023-08-31,2023-07
u0052,2023-09-03,login,2023-09,2023-09-03,2023-07
u0052,2023-09-04,feature_use,2023-09,2023-09-04,2023-07
u0052,2023-09-05,login,2023-09,2023-09-05,2023-07
u0052,2023-09-11,login,2023-09,2023-09-11,2023-07
u0052,2023-09-15,churned,2023-09,2023-09-15,2023-07
u0052,2023-09-20,upgrade,2023-09,2023-09-20,2023-07
u0052,2023-09-20,login,2023-09,2023-09-20,2023-07
u0052,2023-09-21,churned,2023-09,2023-09-21,2023-07
u0052,2023-09-22,feature_use,2023-09,2023-09-22,2023-07
u0052,2023-09-22,churned,2023-09,2023-09-22,2023-07
u0052,2023-09-23,feature_use,2023-09,2023-09-23,2023-07
u0052,2023-10-01,invite_sent,2023-10,2023-10-01,2023-07
u0052,2023-10-03,login,2023-10,2023-10-03,2023-07
u0052,2023-10-04,feature_use,2023-10,2023-10-04,2023-07
u0052,2023-10-05,support_ticket,2023-10,2023-10-05,2023-07
u0052,2023-10-07,feature_use,2023-10,2023-10-07,2023-07
u0052,2023-10-08,login,2023-10,2023-10-08,2023-07
u0052,2023-10-10,login,2023-10,2023-10-10,2023-07
u0052,2023-10-12,feature_use,2023-10,2023-10-12,2023-07
u0052,2023-10-13,login,2023-10,2023-10-13,2023-07
u0053,2023-02-11,signup,2023-02,2023-02-11,2023-02
u0053,2023-02-14,login,2023-02,2023-02-14,2023-02
u0053,2023-02-18,invite_sent,2023-02,2023-02-18,2023-02
u0053,2023-02-22,login,2023-02,2023-02-22,2023-02
u0053,2023-03-05,feature_use,2023-03,2023-03-05,2023-02
u0053,2023-03-09,feature_use,2023-03,2023-03-09,2023-02
u0053,2023-03-11,feature_use,2023-03,2023-03-11,2023-02
u0053,2023-03-19,feature_use,2023-03,2023-03-19,2023-02
u0053,2023-03-24,login,2023-03,2023-03-24,2023-02
u0054,2023-10-18,signup,2023-10,2023-10-18,2023-10
u0054,2023-10-21,login,2023-10,2023-10-21,2023-10
u0054,2023-11-01,feature_use,2023-11,2023-11-01,2023-10
u0054,2023-11-03,feature_use,2023-11,2023-11-03,2023-10
u0054,2023-11-05,invite_sent,2023-11,2023-11-05,2023-10
u0054,2023-11-07,login,2023-11,2023-11-07,2023-10
u0054,2023-11-08,login,2023-11,2023-11-08,2023-10
u0054,2023-11-13,invite_sent,2023-11,2023-11-13,2023-10
u0055,2023-07-19,signup,2023-07,2023-07-19,2023-07
u0055,2023-07-26,login,2023-07,2023-07-26,2023-07
u0055,2023-07-30,login,2023-07,2023-07-30,2023-07
u0055,2023-08-02,login,2023-08,2023-08-02,2023-07
u0055,2023-08-05,login,2023-08,2023-08-05,2023-07
u0055,2023-08-18,export,2023-08,2023-08-18,2023-07
u0055,2023-08-20,upgrade,2023-08,2023-08-20,2023-07
u0055,2023-08-23,support_ticket,2023-08,2023-08-23,2023-07
u0055,2023-08-28,feature_use,2023-08,2023-08-28,2023-07
u0055,2023-08-30,login,2023-08,2023-08-30,2023-07
u0055,2023-09-01,feature_use,2023-09,2023-09-01,2023-07
u0055,2023-09-03,feature_use,2023-09,2023-09-03,2023-07
u0055,2023-09-06,feature_use,2023-09,2023-09-06,2023-07
u0055,2023-09-06,login,2023-09,2023-09-06,2023-07
u0055,2023-09-06,upgrade,2023-09,2023-09-06,2023-07
u0055,2023-09-07,login,2023-09,2023-09-07,2023-07
u0055,2023-09-08,churned,2023-09,2023-09-08,2023-07
u0055,2023-09-13,feature_use,2023-09,2023-09-13,2023-07
u0055,2023-09-15,feature_use,2023-09,2023-09-15,2023-07
u0055,2023-10-06,invite_sent,2023-10,2023-10-06,2023-07
u0055,2023-10-07,login,2023-10,2023-10-07,2023-07
u0055,2023-10-09,login,2023-10,2023-10-09,2023-07
u0055,2023-10-15,feature_use,2023-10,2023-10-15,2023-07
u0055,2023-10-20,login,2023-10,2023-10-20,2023-07
u0055,2023-10-23,churned,2023-10,2023-10-23,2023-07
u0055,2023-10-24,support_ticket,2023-10,2023-10-24,2023-07
u0055,2023-10-25,login,2023-10,2023-10-25,2023-07
u0055,2023-10-29,churned,2023-10,2023-10-29,2023-07
u0056,2023-10-12,signup,2023-10,2023-10-12,2023-10
u0056,2023-10-13,login,2023-10,2023-10-13,2023-10
u0056,2023-10-18,login,2023-10,2023-10-18,2023-10
u0056,2023-10-18,feature_use,2023-10,2023-10-18,2023-10
u0056,2023-11-02,export,2023-11,2023-11-02,2023-10
u0057,2023-07-18,signup,2023-07,2023-07-18,2023-07
u0057,2023-07-27,support_ticket,2023-07,2023-07-27,2023-07
u0057,2023-07-28,login,2023-07,2023-07-28,2023-07
u0057,2023-08-05,login,2023-08,2023-08-05,2023-07
u0057,2023-08-05,feature_use,2023-08,2023-08-05,2023-07
u0057,2023-08-07,upgrade,2023-08,2023-08-07,2023-07
u0057,2023-08-09,feature_use,2023-08,2023-08-09,2023-07
u0057,2023-08-10,churned,2023-08,2023-08-10,2023-07
u0057,2023-08-13,feature_use,2023-08,2023-08-13,2023-07
u0057,2023-08-14,feature_use,2023-08,2023-08-14,2023-07
u0057,2023-08-18,login,2023-08,2023-08-18,2023-07
u0057,2023-08-19,upgrade,2023-08,2023-08-19,2023-07
u0057,2023-08-22,login,2023-08,2023-08-22,2023-07
u0057,2023-08-25,export,2023-08,2023-08-25,2023-07
u0057,2023-08-28,login,2023-08,2023-08-28,2023-07
u0057,2023-08-29,feature_use,2023-08,2023-08-29,2023-07
u0057,2023-08-30,feature_use,2023-08,2023-08-30,2023-07
u0057,2023-09-05,login,2023-09,2023-09-05,2023-07
u0057,2023-09-07,login,2023-09,2023-09-07,2023-07
u0057,2023-09-08,feature_use,2023-09,2023-09-08,2023-07
u0057,2023-09-09,feature_use,2023-09,2023-09-09,2023-07
u0057,2023-09-10,login,2023-09,2023-09-10,2023-07
u0057,2023-09-12,support_ticket,2023-09,2023-09-12,2023-07
u0057,2023-09-16,invite_sent,2023-09,2023-09-16,2023-07
u0057,2023-09-20,login,2023-09,2023-09-20,2023-07
u0057,2023-09-20,feature_use,2023-09,2023-09-20,2023-07
u0057,2023-09-23,login,2023-09,2023-09-23,2023-07
u0057,2023-09-26,login,2023-09,2023-09-26,2023-07
u0057,2023-09-27,login,2023-09,2023-09-27,2023-07
u0057,2023-09-29,login,2023-09,2023-09-29,2023-07
u0057,2023-09-30,support_ticket,2023-09,2023-09-30,2023-07
u0057,2023-10-03,feature_use,2023-10,2023-10-03,2023-07
u0057,2023-10-04,invite_sent,2023-10,2023-10-04,2023-07
u0057,2023-10-06,feature_use,2023-10,2023-10-06,2023-07
u0057,2023-10-10,churned,2023-10,2023-10-10,2023-07
u0057,2023-10-15,feature_use,2023-10,2023-10-15,2023-07
u0058,2023-08-03,signup,2023-08,2023-08-03,2023-08
u0058,2023-08-10,feature_use,2023-08,2023-08-10,2023-08
u0058,2023-08-15,feature_use,2023-08,2023-08-15,2023-08
u0058,2023-08-25,login,2023-08,2023-08-25,2023-08
u0058,2023-08-29,login,2023-08,2023-08-29,2023-08
u0058,2023-09-02,login,2023-09,2023-09-02,2023-08
u0058,2023-09-09,login,2023-09,2023-09-09,2023-08
u0058,2023-09-15,invite_sent,2023-09,2023-09-15,2023-08
u0058,2023-09-25,feature_use,2023-09,2023-09-25,2023-08
u0058,2023-09-29,feature_use,2023-09,2023-09-29,2023-08
u0058,2023-10-05,feature_use,2023-10,2023-10-05,2023-08
u0058,2023-10-06,feature_use,2023-10,2023-10-06,2023-08
u0058,2023-10-18,feature_use,2023-10,2023-10-18,2023-08
u0058,2023-10-19,login,2023-10,2023-10-19,2023-08
u0058,2023-10-27,churned,2023-10,2023-10-27,2023-08
u0058,2023-10-30,feature_use,2023-10,2023-10-30,2023-08
u0058,2023-11-01,feature_use,2023-11,2023-11-01,2023-08
u0058,2023-11-02,login,2023-11,2023-11-02,2023-08
u0058,2023-11-12,feature_use,2023-11,2023-11-12,2023-08
u0058,2023-11-14,churned,2023-11,2023-11-14,2023-08
u0058,2023-11-22,login,2023-11,2023-11-22,2023-08
u0058,2023-11-24,upgrade,2023-11,2023-11-24,2023-08
u0058,2023-11-27,login,2023-11,2023-11-27,2023-08
u0058,2023-12-10,login,2023-12,2023-12-10,2023-08
u0058,2023-12-12,support_ticket,2023-12,2023-12-12,2023-08
u0059,2023-10-10,signup,2023-10,2023-10-10,2023-10
u0059,2023-10-15,feature_use,2023-10,2023-10-15,2023-10
u0059,2023-10-18,login,2023-10,2023-10-18,2023-10
u0059,2023-10-19,login,2023-10,2023-10-19,2023-10
u0059,2023-10-20,feature_use,2023-10,2023-10-20,2023-10
u0059,2023-10-22,feature_use,2023-10,2023-10-22,2023-10
u0059,2023-10-22,login,2023-10,2023-10-22,2023-10
u0059,2023-10-24,login,2023-10,2023-10-24,2023-10
u0059,2023-10-26,login,2023-10,2023-10-26,2023-10
u0059,2023-10-30,invite_sent,2023-10,2023-10-30,2023-10
u0059,2023-10-31,login,2023-10,2023-10-31,2023-10
u0059,2023-10-31,feature_use,2023-10,2023-10-31,2023-10
u0059,2023-11-04,login,2023-11,2023-11-04,2023-10
u0059,2023-11-05,feature_use,2023-11,2023-11-05,2023-10
u0059,2023-11-06,feature_use,2023-11,2023-11-06,2023-10
u0059,2023-11-07,feature_use,2023-11,2023-11-07,2023-10
u0059,2023-11-08,feature_use,2023-11,2023-11-08,2023-10
u0059,2023-11-09,login,2023-11,2023-11-09,2023-10
u0059,2023-11-09,feature_use,2023-11,2023-11-09,2023-10
u0059,2023-11-11,feature_use,2023-11,2023-11-11,2023-10
u0059,2023-11-11,login,2023-11,2023-11-11,2023-10
u0059,2023-11-14,login,2023-11,2023-11-14,2023-10
u0059,2023-11-14,upgrade,2023-11,2023-11-14,2023-10
u0059,2023-11-16,feature_use,2023-11,2023-11-16,2023-10
u0059,2023-11-17,login,2023-11,2023-11-17,2023-10
u0059,2023-11-19,export,2023-11,2023-11-19,2023-10
u0059,2023-11-19,feature_use,2023-11,2023-11-19,2023-10
u0060,2023-08-19,signup,2023-08,2023-08-19,2023-08
u0060,2023-10-08,churned,2023-10,2023-10-08,2023-08
u0060,2023-10-21,login,2023-10,2023-10-21,2023-08
u0060,2023-10-23,feature_use,2023-10,2023-10-23,2023-08
u0061,2023-07-29,signup,2023-07,2023-07-29,2023-07
u0061,2023-08-03,feature_use,2023-08,2023-08-03,2023-07
u0061,2023-08-04,support_ticket,2023-08,2023-08-04,2023-07
u0061,2023-08-06,feature_use,2023-08,2023-08-06,2023-07
u0061,2023-08-10,feature_use,2023-08,2023-08-10,2023-07
u0061,2023-08-11,login,2023-08,2023-08-11,2023-07
u0061,2023-08-13,feature_use,2023-08,2023-08-13,2023-07
u0061,2023-08-14,support_ticket,2023-08,2023-08-14,2023-07
u0061,2023-08-20,feature_use,2023-08,2023-08-20,2023-07
u0061,2023-08-25,support_ticket,2023-08,2023-08-25,2023-07
u0061,2023-08-27,login,2023-08,2023-08-27,2023-07
u0061,2023-08-29,login,2023-08,2023-08-29,2023-07
u0061,2023-08-30,login,2023-08,2023-08-30,2023-07
u0061,2023-09-02,support_ticket,2023-09,2023-09-02,2023-07
u0061,2023-09-02,invite_sent,2023-09,2023-09-02,2023-07
u0061,2023-09-03,login,2023-09,2023-09-03,2023-07
u0061,2023-09-04,login,2023-09,2023-09-04,2023-07
u0061,2023-09-05,login,2023-09,2023-09-05,2023-07
u0061,2023-09-12,export,2023-09,2023-09-12,2023-07
u0061,2023-09-14,feature_use,2023-09,2023-09-14,2023-07
u0061,2023-09-20,invite_sent,2023-09,2023-09-20,2023-07
u0061,2023-09-22,login,2023-09,2023-09-22,2023-07
u0061,2023-09-24,feature_use,2023-09,2023-09-24,2023-07
u0061,2023-09-26,feature_use,2023-09,2023-09-26,2023-07
u0061,2023-09-30,login,2023-09,2023-09-30,2023-07
u0061,2023-10-01,feature_use,2023-10,2023-10-01,2023-07
u0061,2023-10-03,churned,2023-10,2023-10-03,2023-07
u0061,2023-10-06,login,2023-10,2023-10-06,2023-07
u0061,2023-10-10,login,2023-10,2023-10-10,2023-07
u0061,2023-10-13,upgrade,2023-10,2023-10-13,2023-07
u0061,2023-10-16,feature_use,2023-10,2023-10-16,2023-07
u0062,2023-05-22,signup,2023-05,2023-05-22,2023-05
u0062,2023-05-28,feature_use,2023-05,2023-05-28,2023-05
u0062,2023-06-07,login,2023-06,2023-06-07,2023-05
u0062,2023-06-12,export,2023-06,2023-06-12,2023-05
u0062,2023-06-17,feature_use,2023-06,2023-06-17,2023-05
u0062,2023-06-20,login,2023-06,2023-06-20,2023-05
u0062,2023-06-28,feature_use,2023-06,2023-06-28,2023-05
u0062,2023-07-02,feature_use,2023-07,2023-07-02,2023-05
u0062,2023-07-09,login,2023-07,2023-07-09,2023-05
u0062,2023-07-10,export,2023-07,2023-07-10,2023-05
u0062,2023-07-12,export,2023-07,2023-07-12,2023-05
u0062,2023-07-21,export,2023-07,2023-07-21,2023-05
u0063,2023-08-21,signup,2023-08,2023-08-21,2023-08
u0063,2023-08-22,export,2023-08,2023-08-22,2023-08
u0063,2023-08-22,churned,2023-08,2023-08-22,2023-08
u0063,2023-08-22,login,2023-08,2023-08-22,2023-08
u0063,2023-08-23,feature_use,2023-08,2023-08-23,2023-08
u0063,2023-08-28,login,2023-08,2023-08-28,2023-08
u0063,2023-08-31,login,2023-08,2023-08-31,2023-08
u0063,2023-09-02,upgrade,2023-09,2023-09-02,2023-08
u0063,2023-09-04,login,2023-09,2023-09-04,2023-08
u0063,2023-09-07,feature_use,2023-09,2023-09-07,2023-08
u0063,2023-09-07,export,2023-09,2023-09-07,2023-08
u0063,2023-09-08,feature_use,2023-09,2023-09-08,2023-08
u0063,2023-09-09,login,2023-09,2023-09-09,2023-08
u0063,2023-09-11,feature_use,2023-09,2023-09-11,2023-08
u0063,2023-09-12,login,2023-09,2023-09-12,2023-08
u0063,2023-09-12,feature_use,2023-09,2023-09-12,2023-08
u0063,2023-09-18,feature_use,2023-09,2023-09-18,2023-08
u0063,2023-09-19,feature_use,2023-09,2023-09-19,2023-08
u0063,2023-09-20,feature_use,2023-09,2023-09-20,2023-08
u0063,2023-09-26,login,2023-09,2023-09-26,2023-08
u0063,2023-09-27,login,2023-09,2023-09-27,2023-08
u0063,2023-09-29,login,2023-09,2023-09-29,2023-08
u0063,2023-09-30,upgrade,2023-09,2023-09-30,2023-08
u0063,2023-10-04,support_ticket,2023-10,2023-10-04,2023-08
u0063,2023-10-06,export,2023-10,2023-10-06,2023-08
u0063,2023-10-07,login,2023-10,2023-10-07,2023-08
u0063,2023-10-08,feature_use,2023-10,2023-10-08,2023-08
u0063,2023-10-08,export,2023-10,2023-10-08,2023-08
u0063,2023-10-10,login,2023-10,2023-10-10,2023-08
u0063,2023-10-15,export,2023-10,2023-10-15,2023-08
u0063,2023-10-15,login,2023-10,2023-10-15,2023-08
u0063,2023-10-15,upgrade,2023-10,2023-10-15,2023-08
u0063,2023-10-17,login,2023-10,2023-10-17,2023-08
u0063,2023-10-19,feature_use,2023-10,2023-10-19,2023-08
u0063,2023-10-19,login,2023-10,2023-10-19,2023-08
u0063,2023-10-22,login,2023-10,2023-10-22,2023-08
u0063,2023-10-23,support_ticket,2023-10,2023-10-23,2023-08
u0063,2023-10-24,login,2023-10,2023-10-24,2023-08
u0063,2023-10-29,feature_use,2023-10,2023-10-29,2023-08
u0064,2023-03-19,signup,2023-03,2023-03-19,2023-03
u0064,2023-03-26,churned,2023-03,2023-03-26,2023-03
u0064,2023-04-02,export,2023-04,2023-04-02,2023-03
u0064,2023-04-25,feature_use,2023-04,2023-04-25,2023-03
u0064,2023-05-02,login,2023-05,2023-05-02,2023-03
u0064,2023-05-03,invite_sent,2023-05,2023-05-03,2023-03
u0064,2023-05-16,login,2023-05,2023-05-16,2023-03
u0064,2023-05-30,support_ticket,2023-05,2023-05-30,2023-03
u0064,2023-05-30,login,2023-05,2023-05-30,2023-03
u0064,2023-06-24,support_ticket,2023-06,2023-06-24,2023-03
u0064,2023-07-20,feature_use,2023-07,2023-07-20,2023-03
u0064,2023-08-12,support_ticket,2023-08,2023-08-12,2023-03
u0064,2023-08-18,feature_use,2023-08,2023-08-18,2023-03
u0064,2023-08-21,login,2023-08,2023-08-21,2023-03
u0064,2023-08-29,login,2023-08,2023-08-29,2023-03
u0064,2023-10-02,login,2023-10,2023-10-02,2023-03
u0064,2023-10-25,login,2023-10,2023-10-25,2023-03
u0065,2023-10-19,signup,2023-10,2023-10-19,2023-10
u0065,2023-10-27,invite_sent,2023-10,2023-10-27,2023-10
u0065,2023-10-28,login,2023-10,2023-10-28,2023-10
u0065,2023-10-29,login,2023-10,2023-10-29,2023-10
u0065,2023-11-08,login,2023-11,2023-11-08,2023-10
u0065,2023-11-08,feature_use,2023-11,2023-11-08,2023-10
u0065,2023-11-15,churned,2023-11,2023-11-15,2023-10
u0065,2023-11-16,login,2023-11,2023-11-16,2023-10
u0065,2023-11-28,login,2023-11,2023-11-28,2023-10
u0065,2023-12-09,feature_use,2023-12,2023-12-09,2023-10
u0065,2023-12-10,login,2023-12,2023-12-10,2023-10
u0065,2023-12-12,feature_use,2023-12,2023-12-12,2023-10
u0065,2023-12-19,invite_sent,2023-12,2023-12-19,2023-10
u0066,2023-08-12,signup,2023-08,2023-08-12,2023-08
u0066,2023-08-20,login,2023-08,2023-08-20,2023-08
u0066,2023-08-27,login,2023-08,2023-08-27,2023-08
u0066,2023-08-29,login,2023-08,2023-08-29,2023-08
u0066,2023-09-01,feature_use,2023-09,2023-09-01,2023-08
u0066,2023-09-12,support_ticket,2023-09,2023-09-12,2023-08
u0066,2023-09-14,support_ticket,2023-09,2023-09-14,2023-08
u0066,2023-09-17,upgrade,2023-09,2023-09-17,2023-08
u0066,2023-09-23,feature_use,2023-09,2023-09-23,2023-08
u0066,2023-09-24,login,2023-09,2023-09-24,2023-08
u0066,2023-09-26,login,2023-09,2023-09-26,2023-08
u0066,2023-10-18,login,2023-10,2023-10-18,2023-08
u0066,2023-10-20,upgrade,2023-10,2023-10-20,2023-08
u0066,2023-11-09,feature_use,2023-11,2023-11-09,2023-08
u0066,2023-11-30,login,2023-11,2023-11-30,2023-08
u0066,2023-12-02,login,2023-12,2023-12-02,2023-08
u0066,2023-12-18,export,2023-12,2023-12-18,2023-08
u0066,2023-12-21,login,2023-12,2023-12-21,2023-08
u0067,2023-05-11,signup,2023-05,2023-05-11,2023-05
u0067,2023-05-12,login,2023-05,2023-05-12,2023-05
u0067,2023-05-15,login,2023-05,2023-05-15,2023-05
u0067,2023-05-21,feature_use,2023-05,2023-05-21,2023-05
u0067,2023-05-31,feature_use,2023-05,2023-05-31,2023-05
u0067,2023-06-19,login,2023-06,2023-06-19,2023-05
u0067,2023-07-09,support_ticket,2023-07,2023-07-09,2023-05
u0067,2023-08-01,login,2023-08,2023-08-01,2023-05
u0067,2023-08-02,login,2023-08,2023-08-02,2023-05
u0067,2023-09-09,login,2023-09,2023-09-09,2023-05
u0067,2023-10-26,feature_use,2023-10,2023-10-26,2023-05
u0068,2023-03-03,signup,2023-03,2023-03-03,2023-03
u0068,2023-03-04,feature_use,2023-03,2023-03-04,2023-03
u0068,2023-03-06,invite_sent,2023-03,2023-03-06,2023-03
u0068,2023-03-08,export,2023-03,2023-03-08,2023-03
u0068,2023-03-09,feature_use,2023-03,2023-03-09,2023-03
u0068,2023-03-18,support_ticket,2023-03,2023-03-18,2023-03
u0068,2023-03-19,feature_use,2023-03,2023-03-19,2023-03
u0068,2023-03-22,feature_use,2023-03,2023-03-22,2023-03
u0068,2023-03-23,support_ticket,2023-03,2023-03-23,2023-03
u0068,2023-04-10,churned,2023-04,2023-04-10,2023-03
u0068,2023-04-19,invite_sent,2023-04,2023-04-19,2023-03
u0068,2023-04-21,support_ticket,2023-04,2023-04-21,2023-03
u0068,2023-04-22,support_ticket,2023-04,2023-04-22,2023-03
u0068,2023-04-27,login,2023-04,2023-04-27,2023-03
u0068,2023-04-28,login,2023-04,2023-04-28,2023-03
u0069,2023-03-19,signup,2023-03,2023-03-19,2023-03
u0069,2023-03-27,feature_use,2023-03,2023-03-27,2023-03
u0069,2023-03-30,login,2023-03,2023-03-30,2023-03
u0069,2023-04-09,export,2023-04,2023-04-09,2023-03
u0069,2023-04-17,login,2023-04,2023-04-17,2023-03
u0070,2023-07-12,signup,2023-07,2023-07-12,2023-07
u0070,2023-07-20,churned,2023-07,2023-07-20,2023-07
u0070,2023-07-24,login,2023-07,2023-07-24,2023-07
u0070,2023-07-31,upgrade,2023-07,2023-07-31,2023-07
u0070,2023-08-08,feature_use,2023-08,2023-08-08,2023-07
u0070,2023-08-11,invite_sent,2023-08,2023-08-11,2023-07
u0070,2023-08-12,feature_use,2023-08,2023-08-12,2023-07
u0070,2023-08-29,feature_use,2023-08,2023-08-29,2023-07
u0070,2023-09-17,feature_use,2023-09,2023-09-17,2023-07
u0070,2023-10-16,login,2023-10,2023-10-16,2023-07
u0071,2023-02-18,signup,2023-02,2023-02-18,2023-02
u0071,2023-03-24,login,2023-03,2023-03-24,2023-02
u0071,2023-04-26,export,2023-04,2023-04-26,2023-02
u0071,2023-05-11,feature_use,2023-05,2023-05-11,2023-02
u0071,2023-06-10,feature_use,2023-06,2023-06-10,2023-02
u0071,2023-07-20,feature_use,2023-07,2023-07-20,2023-02
u0071,2023-09-12,feature_use,2023-09,2023-09-12,2023-02
u0071,2023-09-19,upgrade,2023-09,2023-09-19,2023-02
u0072,2023-04-30,signup,2023-04,2023-04-30,2023-04
u0072,2023-05-02,login,2023-05,2023-05-02,2023-04
u0072,2023-05-04,login,2023-05,2023-05-04,2023-04
u0072,2023-05-06,feature_use,2023-05,2023-05-06,2023-04
u0072,2023-05-07,feature_use,2023-05,2023-05-07,2023-04
u0072,2023-05-08,churned,2023-05,2023-05-08,2023-04
u0072,2023-05-10,export,2023-05,2023-05-10,2023-04
u0072,2023-05-11,feature_use,2023-05,2023-05-11,2023-04
u0072,2023-05-11,login,2023-05,2023-05-11,2023-04
u0072,2023-05-12,churned,2023-05,2023-05-12,2023-04
u0072,2023-05-15,login,2023-05,2023-05-15,2023-04
u0073,2023-07-22,signup,2023-07,2023-07-22,2023-07
u0073,2023-07-24,login,2023-07,2023-07-24,2023-07
u0073,2023-07-26,invite_sent,2023-07,2023-07-26,2023-07
u0073,2023-07-28,invite_sent,2023-07,2023-07-28,2023-07
u0073,2023-07-31,login,2023-07,2023-07-31,2023-07
u0073,2023-08-01,login,2023-08,2023-08-01,2023-07
u0073,2023-08-02,feature_use,2023-08,2023-08-02,2023-07
u0073,2023-08-08,login,2023-08,2023-08-08,2023-07
u0073,2023-08-25,invite_sent,2023-08,2023-08-25,2023-07
u0073,2023-09-12,feature_use,2023-09,2023-09-12,2023-07
u0073,2023-09-18,feature_use,2023-09,2023-09-18,2023-07
u0073,2023-09-20,login,2023-09,2023-09-20,2023-07
u0073,2023-10-01,login,2023-10,2023-10-01,2023-07
u0073,2023-10-11,invite_sent,2023-10,2023-10-11,2023-07
u0073,2023-10-13,feature_use,2023-10,2023-10-13,2023-07
u0073,2023-10-30,churned,2023-10,2023-10-30,2023-07
u0073,2023-11-01,login,2023-11,2023-11-01,2023-07
u0073,2023-11-03,login,2023-11,2023-11-03,2023-07
u0073,2023-11-04,churned,2023-11,2023-11-04,2023-07
u0074,2023-01-26,signup,2023-01,2023-01-26,2023-01
u0074,2023-01-28,login,2023-01,2023-01-28,2023-01
u0074,2023-01-29,feature_use,2023-01,2023-01-29,2023-01
u0074,2023-01-30,support_ticket,2023-01,2023-01-30,2023-01
u0074,2023-02-01,login,2023-02,2023-02-01,2023-01
u0074,2023-02-04,feature_use,2023-02,2023-02-04,2023-01
u0074,2023-02-06,login,2023-02,2023-02-06,2023-01
u0074,2023-02-07,login,2023-02,2023-02-07,2023-01
u0074,2023-02-10,login,2023-02,2023-02-10,2023-01
u0074,2023-02-10,feature_use,2023-02,2023-02-10,2023-01
u0074,2023-02-11,login,2023-02,2023-02-11,2023-01
u0074,2023-02-13,login,2023-02,2023-02-13,2023-01
u0074,2023-02-14,feature_use,2023-02,2023-02-14,2023-01
u0074,2023-02-18,feature_use,2023-02,2023-02-18,2023-01
u0074,2023-02-20,feature_use,2023-02,2023-02-20,2023-01
u0074,2023-02-20,support_ticket,2023-02,2023-02-20,2023-01
u0074,2023-02-20,login,2023-02,2023-02-20,2023-01
u0074,2023-02-21,feature_use,2023-02,2023-02-21,2023-01
u0074,2023-02-24,export,2023-02,2023-02-24,2023-01
u0074,2023-02-26,feature_use,2023-02,2023-02-26,2023-01
u0074,2023-02-27,login,2023-02,2023-02-27,2023-01
u0074,2023-03-01,login,2023-03,2023-03-01,2023-01
u0074,2023-03-02,support_ticket,2023-03,2023-03-02,2023-01
u0074,2023-03-03,feature_use,2023-03,2023-03-03,2023-01
u0074,2023-03-04,feature_use,2023-03,2023-03-04,2023-01
u0074,2023-03-05,churned,2023-03,2023-03-05,2023-01
u0074,2023-03-05,login,2023-03,2023-03-05,2023-01
u0074,2023-03-07,login,2023-03,2023-03-07,2023-01
u0075,2023-07-03,signup,2023-07,2023-07-03,2023-07
u0075,2023-07-04,invite_sent,2023-07,2023-07-04,2023-07
u0075,2023-07-08,feature_use,2023-07,2023-07-08,2023-07
u0075,2023-07-09,login,2023-07,2023-07-09,2023-07
u0075,2023-07-12,churned,2023-07,2023-07-12,2023-07
u0075,2023-07-13,feature_use,2023-07,2023-07-13,2023-07
u0075,2023-07-13,support_ticket,2023-07,2023-07-13,2023-07
u0075,2023-07-15,feature_use,2023-07,2023-07-15,2023-07
u0075,2023-07-15,upgrade,2023-07,2023-07-15,2023-07
u0075,2023-07-16,support_ticket,2023-07,2023-07-16,2023-07
u0075,2023-07-18,login,2023-07,2023-07-18,2023-07
u0075,2023-07-22,login,2023-07,2023-07-22,2023-07
u0075,2023-07-24,login,2023-07,2023-07-24,2023-07
u0075,2023-07-25,upgrade,2023-07,2023-07-25,2023-07
u0075,2023-07-25,login,2023-07,2023-07-25,2023-07
u0075,2023-07-26,login,2023-07,2023-07-26,2023-07
u0075,2023-07-29,feature_use,2023-07,2023-07-29,2023-07
u0075,2023-07-31,support_ticket,2023-07,2023-07-31,2023-07
u0075,2023-08-03,login,2023-08,2023-08-03,2023-07
u0075,2023-08-04,feature_use,2023-08,2023-08-04,2023-07
u0075,2023-08-06,export,2023-08,2023-08-06,2023-07
u0075,2023-08-08,upgrade,2023-08,2023-08-08,2023-07
u0075,2023-08-09,feature_use,2023-08,2023-08-09,2023-07
u0075,2023-08-09,invite_sent,2023-08,2023-08-09,2023-07
u0076,2023-10-21,signup,2023-10,2023-10-21,2023-10
u0076,2023-10-31,login,2023-10,2023-10-31,2023-10
u0076,2023-11-04,invite_sent,2023-11,2023-11-04,2023-10
u0076,2023-11-09,login,2023-11,2023-11-09,2023-10
u0076,2023-11-14,feature_use,2023-11,2023-11-14,2023-10
u0076,2023-11-19,feature_use,2023-11,2023-11-19,2023-10
u0077,2023-06-13,signup,2023-06,2023-06-13,2023-06
u0077,2023-06-14,feature_use,2023-06,2023-06-14,2023-06
u0077,2023-06-14,login,2023-06,2023-06-14,2023-06
u0077,2023-06-15,login,2023-06,2023-06-15,2023-06
u0077,2023-06-15,upgrade,2023-06,2023-06-15,2023-06
u0077,2023-06-15,support_ticket,2023-06,2023-06-15,2023-06
u0077,2023-06-16,export,2023-06,2023-06-16,2023-06
u0077,2023-06-16,upgrade,2023-06,2023-06-16,2023-06
u0077,2023-06-16,feature_use,2023-06,2023-06-16,2023-06
u0077,2023-06-17,login,2023-06,2023-06-17,2023-06
u0077,2023-06-19,login,2023-06,2023-06-19,2023-06
u0077,2023-06-20,churned,2023-06,2023-06-20,2023-06
u0077,2023-06-20,feature_use,2023-06,2023-06-20,2023-06
u0077,2023-06-20,login,2023-06,2023-06-20,2023-06
u0077,2023-06-21,login,2023-06,2023-06-21,2023-06
u0077,2023-06-21,support_ticket,2023-06,2023-06-21,2023-06
u0077,2023-06-22,invite_sent,2023-06,2023-06-22,2023-06
u0077,2023-06-23,feature_use,2023-06,2023-06-23,2023-06
u0077,2023-06-23,export,2023-06,2023-06-23,2023-06
u0078,2023-02-21,signup,2023-02,2023-02-21,2023-02
u0078,2023-02-22,feature_use,2023-02,2023-02-22,2023-02
u0078,2023-02-28,feature_use,2023-02,2023-02-28,2023-02
u0078,2023-03-06,login,2023-03,2023-03-06,2023-02
u0078,2023-03-13,login,2023-03,2023-03-13,2023-02
u0078,2023-03-17,feature_use,2023-03,2023-03-17,2023-02
u0078,2023-03-19,login,2023-03,2023-03-19,2023-02
u0078,2023-03-20,login,2023-03,2023-03-20,2023-02
u0078,2023-03-22,export,2023-03,2023-03-22,2023-02
u0078,2023-03-27,feature_use,2023-03,2023-03-27,2023-02
u0078,2023-03-31,export,2023-03,2023-03-31,2023-02
u0078,2023-03-31,churned,2023-03,2023-03-31,2023-02
u0078,2023-04-01,login,2023-04,2023-04-01,2023-02
u0078,2023-04-02,support_ticket,2023-04,2023-04-02,2023-02
u0078,2023-04-07,support_ticket,2023-04,2023-04-07,2023-02
u0078,2023-04-11,feature_use,2023-04,2023-04-11,2023-02
u0078,2023-04-15,churned,2023-04,2023-04-15,2023-02
u0078,2023-04-19,feature_use,2023-04,2023-04-19,2023-02
u0078,2023-04-20,login,2023-04,2023-04-20,2023-02
u0078,2023-04-23,export,2023-04,2023-04-23,2023-02
u0078,2023-04-23,feature_use,2023-04,2023-04-23,2023-02
u0078,2023-05-03,export,2023-05,2023-05-03,2023-02
u0078,2023-05-05,login,2023-05,2023-05-05,2023-02
u0078,2023-05-08,login,2023-05,2023-05-08,2023-02
u0078,2023-05-13,feature_use,2023-05,2023-05-13,2023-02
u0078,2023-05-15,feature_use,2023-05,2023-05-15,2023-02
u0078,2023-05-17,login,2023-05,2023-05-17,2023-02
u0078,2023-05-22,feature_use,2023-05,2023-05-22,2023-02
u0078,2023-05-29,upgrade,2023-05,2023-05-29,2023-02
u0078,2023-06-20,upgrade,2023-06,2023-06-20,2023-02
u0079,2023-02-01,signup,2023-02,2023-02-01,2023-02
u0079,2023-02-08,support_ticket,2023-02,2023-02-08,2023-02
u0079,2023-02-19,feature_use,2023-02,2023-02-19,2023-02
u0079,2023-03-08,login,2023-03,2023-03-08,2023-02
u0079,2023-03-14,feature_use,2023-03,2023-03-14,2023-02
u0079,2023-03-25,invite_sent,2023-03,2023-03-25,2023-02
u0079,2023-03-31,feature_use,2023-03,2023-03-31,2023-02
u0079,2023-04-18,login,2023-04,2023-04-18,2023-02
u0079,2023-04-18,export,2023-04,2023-04-18,2023-02
u0079,2023-04-18,feature_use,2023-04,2023-04-18,2023-02
u0079,2023-04-28,churned,2023-04,2023-04-28,2023-02
u0079,2023-05-11,login,2023-05,2023-05-11,2023-02
u0079,2023-06-02,feature_use,2023-06,2023-06-02,2023-02
u0079,2023-06-14,login,2023-06,2023-06-14,2023-02
u0079,2023-06-17,feature_use,2023-06,2023-06-17,2023-02
u0079,2023-06-28,export,2023-06,2023-06-28,2023-02
u0079,2023-07-18,export,2023-07,2023-07-18,2023-02
u0079,2023-07-28,export,2023-07,2023-07-28,2023-02
u0079,2023-09-06,login,2023-09,2023-09-06,2023-02
u0079,2023-09-12,login,2023-09,2023-09-12,2023-02
u0079,2023-09-19,login,2023-09,2023-09-19,2023-02
u0079,2023-10-02,login,2023-10,2023-10-02,2023-02
u0079,2023-10-03,feature_use,2023-10,2023-10-03,2023-02
u0079,2023-10-08,feature_use,2023-10,2023-10-08,2023-02
u0079,2023-10-24,support_ticket,2023-10,2023-10-24,2023-02
u0079,2023-10-26,feature_use,2023-10,2023-10-26,2023-02
u0079,2023-10-27,support_ticket,2023-10,2023-10-27,2023-02
u0079,2023-11-03,upgrade,2023-11,2023-11-03,2023-02
u0079,2023-11-13,feature_use,2023-11,2023-11-13,2023-02
u0079,2023-11-17,support_ticket,2023-11,2023-11-17,2023-02
u0080,2023-05-22,signup,2023-05,2023-05-22,2023-05
u0080,2023-05-28,login,2023-05,2023-05-28,2023-05
u0080,2023-05-30,login,2023-05,2023-05-30,2023-05
u0080,2023-06-01,feature_use,2023-06,2023-06-01,2023-05
u0080,2023-06-04,support_ticket,2023-06,2023-06-04,2023-05
u0080,2023-06-04,invite_sent,2023-06,2023-06-04,2023-05
u0080,2023-06-06,feature_use,2023-06,2023-06-06,2023-05
u0080,2023-06-14,login,2023-06,2023-06-14,2023-05
u0080,2023-06-26,support_ticket,2023-06,2023-06-26,2023-05
u0080,2023-07-02,login,2023-07,2023-07-02,2023-05
u0080,2023-07-13,export,2023-07,2023-07-13,2023-05
u0080,2023-07-16,invite_sent,2023-07,2023-07-16,2023-05
u0080,2023-07-20,login,2023-07,2023-07-20,2023-05
u0080,2023-07-25,login,2023-07,2023-07-25,2023-05
u0080,2023-07-30,invite_sent,2023-07,2023-07-30,2023-05
u0080,2023-08-08,login,2023-08,2023-08-08,2023-05
u0080,2023-08-13,login,2023-08,2023-08-13,2023-05
u0080,2023-08-15,upgrade,2023-08,2023-08-15,2023-05
u0080,2023-08-25,export,2023-08,2023-08-25,2023-05
u0080,2023-09-04,support_ticket,2023-09,2023-09-04,2023-05
u0080,2023-09-06,feature_use,2023-09,2023-09-06,2023-05
u0080,2023-09-13,support_ticket,2023-09,2023-09-13,2023-05
u0080,2023-09-25,export,2023-09,2023-09-25,2023-05
u0080,2023-09-29,feature_use,2023-09,2023-09-29,2023-05
u0080,2023-10-02,export,2023-10,2023-10-02,2023-05
u0080,2023-10-04,export,2023-10,2023-10-04,2023-05
u0080,2023-11-14,login,2023-11,2023-11-14,2023-05
u0080,2023-11-19,login,2023-11,2023-11-19,2023-05
u0080,2023-11-20,feature_use,2023-11,2023-11-20,2023-05
u0081,2023-03-05,signup,2023-03,2023-03-05,2023-03
u0081,2023-03-07,feature_use,2023-03,2023-03-07,2023-03
u0081,2023-03-08,feature_use,2023-03,2023-03-08,2023-03
u0081,2023-03-08,login,2023-03,2023-03-08,2023-03
u0081,2023-03-29,login,2023-03,2023-03-29,2023-03
u0081,2023-04-08,feature_use,2023-04,2023-04-08,2023-03
u0081,2023-04-20,churned,2023-04,2023-04-20,2023-03
u0081,2023-04-29,export,2023-04,2023-04-29,2023-03
u0081,2023-05-02,feature_use,2023-05,2023-05-02,2023-03
u0081,2023-05-11,support_ticket,2023-05,2023-05-11,2023-03
u0081,2023-05-13,feature_use,2023-05,2023-05-13,2023-03
u0081,2023-05-15,feature_use,2023-05,2023-05-15,2023-03
u0081,2023-05-21,upgrade,2023-05,2023-05-21,2023-03
u0081,2023-05-23,upgrade,2023-05,2023-05-23,2023-03
u0081,2023-06-03,login,2023-06,2023-06-03,2023-03
u0081,2023-06-09,feature_use,2023-06,2023-06-09,2023-03
u0081,2023-06-10,export,2023-06,2023-06-10,2023-03
u0081,2023-06-12,login,2023-06,2023-06-12,2023-03
u0081,2023-06-15,feature_use,2023-06,2023-06-15,2023-03
u0081,2023-07-01,login,2023-07,2023-07-01,2023-03
u0081,2023-07-03,login,2023-07,2023-07-03,2023-03
u0081,2023-07-05,feature_use,2023-07,2023-07-05,2023-03
u0081,2023-07-09,feature_use,2023-07,2023-07-09,2023-03
u0081,2023-07-15,login,2023-07,2023-07-15,2023-03
u0081,2023-07-17,export,2023-07,2023-07-17,2023-03
u0081,2023-07-30,support_ticket,2023-07,2023-07-30,2023-03
u0081,2023-08-05,feature_use,2023-08,2023-08-05,2023-03
u0082,2023-09-04,signup,2023-09,2023-09-04,2023-09
u0082,2023-09-05,feature_use,2023-09,2023-09-05,2023-09
u0082,2023-09-06,feature_use,2023-09,2023-09-06,2023-09
u0082,2023-09-09,feature_use,2023-09,2023-09-09,2023-09
u0082,2023-09-10,login,2023-09,2023-09-10,2023-09
u0082,2023-09-10,invite_sent,2023-09,2023-09-10,2023-09
u0082,2023-09-12,invite_sent,2023-09,2023-09-12,2023-09
u0082,2023-09-12,upgrade,2023-09,2023-09-12,2023-09
u0082,2023-09-13,login,2023-09,2023-09-13,2023-09
u0082,2023-09-13,upgrade,2023-09,2023-09-13,2023-09
u0082,2023-09-14,login,2023-09,2023-09-14,2023-09
u0082,2023-09-14,export,2023-09,2023-09-14,2023-09
u0082,2023-09-15,feature_use,2023-09,2023-09-15,2023-09
u0082,2023-09-15,upgrade,2023-09,2023-09-15,2023-09
u0082,2023-09-18,feature_use,2023-09,2023-09-18,2023-09
u0082,2023-09-20,login,2023-09,2023-09-20,2023-09
u0082,2023-09-22,support_ticket,2023-09,2023-09-22,2023-09
u0082,2023-09-23,support_ticket,2023-09,2023-09-23,2023-09
u0082,2023-09-24,feature_use,2023-09,2023-09-24,2023-09
u0082,2023-09-25,login,2023-09,2023-09-25,2023-09
u0082,2023-09-25,support_ticket,2023-09,2023-09-25,2023-09
u0082,2023-09-26,login,2023-09,2023-09-26,2023-09
u0082,2023-09-26,export,2023-09,2023-09-26,2023-09
u0083,2023-04-24,signup,2023-04,2023-04-24,2023-04
u0083,2023-04-26,feature_use,2023-04,2023-04-26,2023-04
u0083,2023-05-08,export,2023-05,2023-05-08,2023-04
u0083,2023-05-15,feature_use,2023-05,2023-05-15,2023-04
u0083,2023-06-04,feature_use,2023-06,2023-06-04,2023-04
u0083,2023-06-07,feature_use,2023-06,2023-06-07,2023-04
u0083,2023-06-13,feature_use,2023-06,2023-06-13,2023-04
u0083,2023-06-15,login,2023-06,2023-06-15,2023-04
u0083,2023-06-17,support_ticket,2023-06,2023-06-17,2023-04
u0083,2023-07-10,feature_use,2023-07,2023-07-10,2023-04
u0083,2023-07-14,feature_use,2023-07,2023-07-14,2023-04
u0083,2023-07-18,feature_use,2023-07,2023-07-18,2023-04
u0083,2023-08-10,support_ticket,2023-08,2023-08-10,2023-04
u0083,2023-08-20,login,2023-08,2023-08-20,2023-04
u0083,2023-09-17,export,2023-09,2023-09-17,2023-04
u0083,2023-09-21,login,2023-09,2023-09-21,2023-04
u0083,2023-09-21,feature_use,2023-09,2023-09-21,2023-04
u0083,2023-09-30,login,2023-09,2023-09-30,2023-04
u0083,2023-10-03,churned,2023-10,2023-10-03,2023-04
u0083,2023-10-16,feature_use,2023-10,2023-10-16,2023-04
u0083,2023-10-25,login,2023-10,2023-10-25,2023-04
u0083,2023-11-28,login,2023-11,2023-11-28,2023-04
u0083,2023-11-29,login,2023-11,2023-11-29,2023-04
u0084,2023-02-15,signup,2023-02,2023-02-15,2023-02
u0084,2023-02-16,feature_use,2023-02,2023-02-16,2023-02
u0084,2023-02-17,feature_use,2023-02,2023-02-17,2023-02
u0084,2023-02-17,login,2023-02,2023-02-17,2023-02
u0084,2023-02-18,feature_use,2023-02,2023-02-18,2023-02
u0084,2023-02-18,login,2023-02,2023-02-18,2023-02
u0084,2023-02-19,feature_use,2023-02,2023-02-19,2023-02
u0084,2023-02-22,feature_use,2023-02,2023-02-22,2023-02
u0084,2023-02-23,feature_use,2023-02,2023-02-23,2023-02
u0084,2023-02-24,login,2023-02,2023-02-24,2023-02
u0084,2023-02-26,login,2023-02,2023-02-26,2023-02
u0084,2023-02-28,login,2023-02,2023-02-28,2023-02
u0084,2023-03-02,upgrade,2023-03,2023-03-02,2023-02
u0084,2023-03-03,login,2023-03,2023-03-03,2023-02
u0084,2023-03-04,support_ticket,2023-03,2023-03-04,2023-02
u0084,2023-03-04,feature_use,2023-03,2023-03-04,2023-02
u0084,2023-03-06,feature_use,2023-03,2023-03-06,2023-02
u0084,2023-03-07,login,2023-03,2023-03-07,2023-02
u0084,2023-03-08,support_ticket,2023-03,2023-03-08,2023-02
u0084,2023-03-09,feature_use,2023-03,2023-03-09,2023-02
u0084,2023-03-10,login,2023-03,2023-03-10,2023-02
u0084,2023-03-11,invite_sent,2023-03,2023-03-11,2023-02
u0084,2023-03-12,login,2023-03,2023-03-12,2023-02
u0084,2023-03-13,feature_use,2023-03,2023-03-13,2023-02
u0084,2023-03-13,login,2023-03,2023-03-13,2023-02
u0084,2023-03-18,feature_use,2023-03,2023-03-18,2023-02
u0084,2023-03-19,login,2023-03,2023-03-19,2023-02
u0085,2023-03-20,signup,2023-03,2023-03-20,2023-03
u0085,2023-03-27,feature_use,2023-03,2023-03-27,2023-03
u0085,2023-04-07,feature_use,2023-04,2023-04-07,2023-03
u0085,2023-04-09,feature_use,2023-04,2023-04-09,2023-03
u0086,2023-03-12,signup,2023-03,2023-03-12,2023-03
u0086,2023-03-13,login,2023-03,2023-03-13,2023-03
u0086,2023-03-18,login,2023-03,2023-03-18,2023-03
u0086,2023-03-19,login,2023-03,2023-03-19,2023-03
u0086,2023-03-24,invite_sent,2023-03,2023-03-24,2023-03
u0086,2023-03-24,feature_use,2023-03,2023-03-24,2023-03
u0086,2023-03-25,invite_sent,2023-03,2023-03-25,2023-03
u0086,2023-03-27,support_ticket,2023-03,2023-03-27,2023-03
u0086,2023-03-27,login,2023-03,2023-03-27,2023-03
u0086,2023-03-30,feature_use,2023-03,2023-03-30,2023-03
u0086,2023-04-01,invite_sent,2023-04,2023-04-01,2023-03
u0086,2023-04-03,login,2023-04,2023-04-03,2023-03
u0086,2023-04-04,export,2023-04,2023-04-04,2023-03
u0086,2023-04-07,support_ticket,2023-04,2023-04-07,2023-03
u0086,2023-04-08,upgrade,2023-04,2023-04-08,2023-03
u0086,2023-04-16,export,2023-04,2023-04-16,2023-03
u0086,2023-04-19,login,2023-04,2023-04-19,2023-03
u0086,2023-04-22,feature_use,2023-04,2023-04-22,2023-03
u0086,2023-04-25,login,2023-04,2023-04-25,2023-03
u0086,2023-04-27,upgrade,2023-04,2023-04-27,2023-03
u0086,2023-05-01,upgrade,2023-05,2023-05-01,2023-03
u0086,2023-05-03,feature_use,2023-05,2023-05-03,2023-03
u0086,2023-05-08,invite_sent,2023-05,2023-05-08,2023-03
u0086,2023-05-10,login,2023-05,2023-05-10,2023-03
u0086,2023-05-13,login,2023-05,2023-05-13,2023-03
u0086,2023-05-13,support_ticket,2023-05,2023-05-13,2023-03
u0086,2023-05-15,login,2023-05,2023-05-15,2023-03
u0086,2023-05-17,login,2023-05,2023-05-17,2023-03
u0086,2023-05-18,churned,2023-05,2023-05-18,2023-03
u0086,2023-05-22,feature_use,2023-05,2023-05-22,2023-03
u0086,2023-05-25,feature_use,2023-05,2023-05-25,2023-03
u0086,2023-05-31,login,2023-05,2023-05-31,2023-03
u0086,2023-06-03,login,2023-06,2023-06-03,2023-03
u0087,2023-01-31,signup,2023-01,2023-01-31,2023-01
u0087,2023-02-17,feature_use,2023-02,2023-02-17,2023-01
u0087,2023-03-18,feature_use,2023-03,2023-03-18,2023-01
u0087,2023-03-26,invite_sent,2023-03,2023-03-26,2023-01
u0087,2023-04-03,support_ticket,2023-04,2023-04-03,2023-01
u0087,2023-04-04,login,2023-04,2023-04-04,2023-01
u0087,2023-04-20,feature_use,2023-04,2023-04-20,2023-01
u0087,2023-04-28,feature_use,2023-04,2023-04-28,2023-01
u0087,2023-05-19,upgrade,2023-05,2023-05-19,2023-01
u0087,2023-05-22,upgrade,2023-05,2023-05-22,2023-01
u0088,2023-07-30,signup,2023-07,2023-07-30,2023-07
u0088,2023-08-03,login,2023-08,2023-08-03,2023-07
u0088,2023-08-03,feature_use,2023-08,2023-08-03,2023-07
u0088,2023-08-05,feature_use,2023-08,2023-08-05,2023-07
u0088,2023-08-06,feature_use,2023-08,2023-08-06,2023-07
u0088,2023-08-10,feature_use,2023-08,2023-08-10,2023-07
u0088,2023-08-10,login,2023-08,2023-08-10,2023-07
u0088,2023-08-14,churned,2023-08,2023-08-14,2023-07
u0088,2023-08-15,feature_use,2023-08,2023-08-15,2023-07
u0088,2023-08-20,login,2023-08,2023-08-20,2023-07
u0088,2023-08-21,feature_use,2023-08,2023-08-21,2023-07
u0088,2023-08-21,churned,2023-08,2023-08-21,2023-07
u0088,2023-08-24,login,2023-08,2023-08-24,2023-07
u0088,2023-08-25,support_ticket,2023-08,2023-08-25,2023-07
u0088,2023-08-30,export,2023-08,2023-08-30,2023-07
u0088,2023-08-31,login,2023-08,2023-08-31,2023-07
u0088,2023-09-02,support_ticket,2023-09,2023-09-02,2023-07
u0088,2023-09-04,export,2023-09,2023-09-04,2023-07
u0088,2023-09-04,feature_use,2023-09,2023-09-04,2023-07
u0088,2023-09-05,upgrade,2023-09,2023-09-05,2023-07
u0089,2023-10-21,signup,2023-10,2023-10-21,2023-10
u0089,2023-10-23,login,2023-10,2023-10-23,2023-10
u0089,2023-10-24,invite_sent,2023-10,2023-10-24,2023-10
u0089,2023-10-27,support_ticket,2023-10,2023-10-27,2023-10
u0089,2023-10-29,login,2023-10,2023-10-29,2023-10
u0089,2023-10-29,invite_sent,2023-10,2023-10-29,2023-10
u0089,2023-11-04,feature_use,2023-11,2023-11-04,2023-10
u0089,2023-11-09,feature_use,2023-11,2023-11-09,2023-10
u0089,2023-11-11,login,2023-11,2023-11-11,2023-10
u0089,2023-11-12,login,2023-11,2023-11-12,2023-10
u0089,2023-11-14,export,2023-11,2023-11-14,2023-10
u0089,2023-11-14,upgrade,2023-11,2023-11-14,2023-10
u0089,2023-11-16,login,2023-11,2023-11-16,2023-10
u0089,2023-11-17,login,2023-11,2023-11-17,2023-10
u0089,2023-11-20,invite_sent,2023-11,2023-11-20,2023-10
u0089,2023-11-20,login,2023-11,2023-11-20,2023-10
u0089,2023-11-21,upgrade,2023-11,2023-11-21,2023-10
u0089,2023-11-22,support_ticket,2023-11,2023-11-22,2023-10
u0089,2023-11-22,login,2023-11,2023-11-22,2023-10
u0089,2023-11-26,login,2023-11,2023-11-26,2023-10
u0089,2023-11-30,feature_use,2023-11,2023-11-30,2023-10
u0089,2023-11-30,login,2023-11,2023-11-30,2023-10
u0089,2023-12-01,churned,2023-12,2023-12-01,2023-10
u0089,2023-12-03,login,2023-12,2023-12-03,2023-10
u0089,2023-12-06,support_ticket,2023-12,2023-12-06,2023-10
u0089,2023-12-06,login,2023-12,2023-12-06,2023-10
u0089,2023-12-10,feature_use,2023-12,2023-12-10,2023-10
u0089,2023-12-13,login,2023-12,2023-12-13,2023-10
u0089,2023-12-13,support_ticket,2023-12,2023-12-13,2023-10
u0089,2023-12-17,feature_use,2023-12,2023-12-17,2023-10
u0090,2023-08-01,signup,2023-08,2023-08-01,2023-08
u0090,2023-08-02,feature_use,2023-08,2023-08-02,2023-08
u0090,2023-08-05,feature_use,2023-08,2023-08-05,2023-08
u0090,2023-08-09,support_ticket,2023-08,2023-08-09,2023-08
u0090,2023-08-10,churned,2023-08,2023-08-10,2023-08
u0090,2023-08-10,login,2023-08,2023-08-10,2023-08
u0090,2023-08-10,feature_use,2023-08,2023-08-10,2023-08
u0090,2023-08-13,upgrade,2023-08,2023-08-13,2023-08
u0090,2023-08-13,feature_use,2023-08,2023-08-13,2023-08
u0090,2023-08-14,login,2023-08,2023-08-14,2023-08
u0090,2023-08-17,login,2023-08,2023-08-17,2023-08
u0090,2023-08-19,support_ticket,2023-08,2023-08-19,2023-08
u0090,2023-08-20,upgrade,2023-08,2023-08-20,2023-08
u0090,2023-08-22,feature_use,2023-08,2023-08-22,2023-08
u0090,2023-08-22,upgrade,2023-08,2023-08-22,2023-08
u0090,2023-08-23,churned,2023-08,2023-08-23,2023-08
u0090,2023-08-26,feature_use,2023-08,2023-08-26,2023-08
u0090,2023-08-26,login,2023-08,2023-08-26,2023-08
u0090,2023-08-28,feature_use,2023-08,2023-08-28,2023-08
u0090,2023-08-29,export,2023-08,2023-08-29,2023-08
u0090,2023-08-29,support_ticket,2023-08,2023-08-29,2023-08
u0090,2023-08-30,feature_use,2023-08,2023-08-30,2023-08
u0090,2023-08-30,support_ticket,2023-08,2023-08-30,2023-08
u0090,2023-09-01,invite_sent,2023-09,2023-09-01,2023-08
u0090,2023-09-03,login,2023-09,2023-09-03,2023-08
u0090,2023-09-04,login,2023-09,2023-09-04,2023-08
u0090,2023-09-05,login,2023-09,2023-09-05,2023-08
u0090,2023-09-06,feature_use,2023-09,2023-09-06,2023-08
u0090,2023-09-07,invite_sent,2023-09,2023-09-07,2023-08
u0090,2023-09-08,invite_sent,2023-09,2023-09-08,2023-08
u0090,2023-09-09,invite_sent,2023-09,2023-09-09,2023-08
u0090,2023-09-12,churned,2023-09,2023-09-12,2023-08
u0090,2023-09-13,feature_use,2023-09,2023-09-13,2023-08
u0090,2023-09-13,login,2023-09,2023-09-13,2023-08
u0090,2023-09-14,login,2023-09,2023-09-14,2023-08
u0090,2023-09-15,export,2023-09,2023-09-15,2023-08
u0090,2023-09-15,feature_use,2023-09,2023-09-15,2023-08
u0091,2023-03-24,signup,2023-03,2023-03-24,2023-03
u0091,2023-04-02,login,2023-04,2023-04-02,2023-03
u0091,2023-04-07,login,2023-04,2023-04-07,2023-03
u0091,2023-05-01,export,2023-05,2023-05-01,2023-03
u0091,2023-05-16,support_ticket,2023-05,2023-05-16,2023-03
u0091,2023-05-21,support_ticket,2023-05,2023-05-21,2023-03
u0091,2023-05-28,login,2023-05,2023-05-28,2023-03
u0091,2023-06-13,churned,2023-06,2023-06-13,2023-03
u0091,2023-06-30,feature_use,2023-06,2023-06-30,2023-03
u0091,2023-07-16,export,2023-07,2023-07-16,2023-03
u0091,2023-07-18,login,2023-07,2023-07-18,2023-03
u0091,2023-08-02,support_ticket,2023-08,2023-08-02,2023-03
u0091,2023-08-15,feature_use,2023-08,2023-08-15,2023-03
u0091,2023-09-03,upgrade,2023-09,2023-09-03,2023-03
u0091,2023-09-11,login,2023-09,2023-09-11,2023-03
u0091,2023-09-13,support_ticket,2023-09,2023-09-13,2023-03
u0091,2023-09-17,support_ticket,2023-09,2023-09-17,2023-03
u0091,2023-09-19,login,2023-09,2023-09-19,2023-03
u0091,2023-10-10,export,2023-10,2023-10-10,2023-03
u0091,2023-10-12,churned,2023-10,2023-10-12,2023-03
u0092,2023-11-28,signup,2023-11,2023-11-28,2023-11
u0092,2023-11-30,feature_use,2023-11,2023-11-30,2023-11
u0092,2023-11-30,support_ticket,2023-11,2023-11-30,2023-11
u0092,2023-12-03,login,2023-12,2023-12-03,2023-11
u0092,2023-12-04,feature_use,2023-12,2023-12-04,2023-11
u0092,2023-12-07,login,2023-12,2023-12-07,2023-11
u0092,2023-12-08,feature_use,2023-12,2023-12-08,2023-11
u0092,2023-12-13,upgrade,2023-12,2023-12-13,2023-11
u0092,2023-12-15,login,2023-12,2023-12-15,2023-11
u0092,2023-12-16,login,2023-12,2023-12-16,2023-11
u0092,2023-12-19,feature_use,2023-12,2023-12-19,2023-11
u0092,2023-12-20,login,2023-12,2023-12-20,2023-11
u0092,2023-12-24,feature_use,2023-12,2023-12-24,2023-11
u0092,2023-12-28,login,2023-12,2023-12-28,2023-11
u0092,2023-12-29,login,2023-12,2023-12-29,2023-11
u0093,2023-07-03,signup,2023-07,2023-07-03,2023-07
u0093,2023-07-05,invite_sent,2023-07,2023-07-05,2023-07
u0093,2023-07-06,login,2023-07,2023-07-06,2023-07
u0093,2023-07-09,login,2023-07,2023-07-09,2023-07
u0093,2023-07-11,feature_use,2023-07,2023-07-11,2023-07
u0093,2023-07-15,feature_use,2023-07,2023-07-15,2023-07
u0093,2023-07-17,feature_use,2023-07,2023-07-17,2023-07
u0093,2023-07-17,invite_sent,2023-07,2023-07-17,2023-07
u0093,2023-07-19,invite_sent,2023-07,2023-07-19,2023-07
u0093,2023-07-19,churned,2023-07,2023-07-19,2023-07
u0093,2023-07-25,login,2023-07,2023-07-25,2023-07
u0093,2023-07-28,invite_sent,2023-07,2023-07-28,2023-07
u0093,2023-08-05,login,2023-08,2023-08-05,2023-07
u0093,2023-08-05,feature_use,2023-08,2023-08-05,2023-07
u0093,2023-08-06,login,2023-08,2023-08-06,2023-07
u0093,2023-08-07,feature_use,2023-08,2023-08-07,2023-07
u0093,2023-08-07,upgrade,2023-08,2023-08-07,2023-07
u0093,2023-08-08,export,2023-08,2023-08-08,2023-07
u0093,2023-08-12,feature_use,2023-08,2023-08-12,2023-07
u0093,2023-08-12,invite_sent,2023-08,2023-08-12,2023-07
u0093,2023-08-14,login,2023-08,2023-08-14,2023-07
u0093,2023-08-15,login,2023-08,2023-08-15,2023-07
u0093,2023-08-16,export,2023-08,2023-08-16,2023-07
u0093,2023-08-22,feature_use,2023-08,2023-08-22,2023-07
u0094,2023-11-30,signup,2023-11,2023-11-30,2023-11
u0094,2023-12-01,feature_use,2023-12,2023-12-01,2023-11
u0094,2023-12-07,login,2023-12,2023-12-07,2023-11
u0094,2023-12-14,feature_use,2023-12,2023-12-14,2023-11
u0094,2023-12-14,export,2023-12,2023-12-14,2023-11
u0094,2023-12-28,export,2023-12,2023-12-28,2023-11
u0095,2023-08-11,signup,2023-08,2023-08-11,2023-08
u0095,2023-08-13,feature_use,2023-08,2023-08-13,2023-08
u0095,2023-08-16,login,2023-08,2023-08-16,2023-08
u0095,2023-08-16,support_ticket,2023-08,2023-08-16,2023-08
u0095,2023-08-28,feature_use,2023-08,2023-08-28,2023-08
u0095,2023-09-02,login,2023-09,2023-09-02,2023-08
u0095,2023-09-05,feature_use,2023-09,2023-09-05,2023-08
u0095,2023-09-08,login,2023-09,2023-09-08,2023-08
u0095,2023-09-09,feature_use,2023-09,2023-09-09,2023-08
u0095,2023-09-15,login,2023-09,2023-09-15,2023-08
u0095,2023-09-17,export,2023-09,2023-09-17,2023-08
u0095,2023-09-18,login,2023-09,2023-09-18,2023-08
u0096,2023-02-07,signup,2023-02,2023-02-07,2023-02
u0096,2023-02-23,feature_use,2023-02,2023-02-23,2023-02
u0096,2023-04-22,login,2023-04,2023-04-22,2023-02
u0096,2023-07-02,support_ticket,2023-07,2023-07-02,2023-02
u0096,2023-07-06,support_ticket,2023-07,2023-07-06,2023-02
u0096,2023-07-12,feature_use,2023-07,2023-07-12,2023-02
u0096,2023-08-27,support_ticket,2023-08,2023-08-27,2023-02
u0096,2023-09-20,feature_use,2023-09,2023-09-20,2023-02
u0096,2023-11-08,login,2023-11,2023-11-08,2023-02
u0096,2023-11-14,login,2023-11,2023-11-14,2023-02
u0097,2023-11-28,signup,2023-11,2023-11-28,2023-11
u0097,2023-12-01,login,2023-12,2023-12-01,2023-11
u0097,2023-12-01,invite_sent,2023-12,2023-12-01,2023-11
u0097,2023-12-02,login,2023-12,2023-12-02,2023-11
u0097,2023-12-03,feature_use,2023-12,2023-12-03,2023-11
u0097,2023-12-04,login,2023-12,2023-12-04,2023-11
u0097,2023-12-05,login,2023-12,2023-12-05,2023-11
u0097,2023-12-06,upgrade,2023-12,2023-12-06,2023-11
u0097,2023-12-08,upgrade,2023-12,2023-12-08,2023-11
u0097,2023-12-08,feature_use,2023-12,2023-12-08,2023-11
u0097,2023-12-09,login,2023-12,2023-12-09,2023-11
u0097,2023-12-09,feature_use,2023-12,2023-12-09,2023-11
u0097,2023-12-10,support_ticket,2023-12,2023-12-10,2023-11
u0097,2023-12-12,invite_sent,2023-12,2023-12-12,2023-11
u0097,2023-12-12,login,2023-12,2023-12-12,2023-11
u0097,2023-12-13,login,2023-12,2023-12-13,2023-11
u0097,2023-12-16,feature_use,2023-12,2023-12-16,2023-11
u0097,2023-12-16,login,2023-12,2023-12-16,2023-11
u0097,2023-12-17,feature_use,2023-12,2023-12-17,2023-11
u0097,2023-12-18,export,2023-12,2023-12-18,2023-11
u0097,2023-12-19,feature_use,2023-12,2023-12-19,2023-11
u0097,2023-12-20,support_ticket,2023-12,2023-12-20,2023-11
u0097,2023-12-20,login,2023-12,2023-12-20,2023-11
u0097,2023-12-20,feature_use,2023-12,2023-12-20,2023-11
u0097,2023-12-20,upgrade,2023-12,2023-12-20,2023-11
u0097,2023-12-22,support_ticket,2023-12,2023-12-22,2023-11
u0097,2023-12-22,login,2023-12,2023-12-22,2023-11
u0097,2023-12-23,invite_sent,2023-12,2023-12-23,2023-11
u0097,2023-12-25,login,2023-12,2023-12-25,2023-11
u0097,2023-12-26,feature_use,2023-12,2023-12-26,2023-11
u0097,2023-12-26,login,2023-12,2023-12-26,2023-11
u0097,2023-12-27,feature_use,2023-12,2023-12-27,2023-11
u0098,2023-02-25,signup,2023-02,2023-02-25,2023-02
u0098,2023-03-02,export,2023-03,2023-03-02,2023-02
u0098,2023-03-06,export,2023-03,2023-03-06,2023-02
u0098,2023-03-10,login,2023-03,2023-03-10,2023-02
u0098,2023-03-15,export,2023-03,2023-03-15,2023-02
u0098,2023-03-30,feature_use,2023-03,2023-03-30,2023-02
u0098,2023-04-04,feature_use,2023-04,2023-04-04,2023-02
u0098,2023-04-04,login,2023-04,2023-04-04,2023-02
u0098,2023-04-07,login,2023-04,2023-04-07,2023-02
u0099,2023-01-19,signup,2023-01,2023-01-19,2023-01
u0099,2023-01-23,feature_use,2023-01,2023-01-23,2023-01
u0099,2023-01-25,feature_use,2023-01,2023-01-25,2023-01
u0099,2023-02-09,login,2023-02,2023-02-09,2023-01
u0099,2023-02-09,churned,2023-02,2023-02-09,2023-01
u0099,2023-02-10,feature_use,2023-02,2023-02-10,2023-01
u0099,2023-02-28,feature_use,2023-02,2023-02-28,2023-01
u0099,2023-04-01,feature_use,2023-04,2023-04-01,2023-01
u0099,2023-04-04,upgrade,2023-04,2023-04-04,2023-01
u0099,2023-04-06,login,2023-04,2023-04-06,2023-01
u0099,2023-04-14,support_ticket,2023-04,2023-04-14,2023-01
u0099,2023-04-21,feature_use,2023-04,2023-04-21,2023-01
u0099,2023-05-14,export,2023-05,2023-05-14,2023-01
u0099,2023-05-14,feature_use,2023-05,2023-05-14,2023-01
u0099,2023-05-17,login,2023-05,2023-05-17,2023-01
u0099,2023-06-03,feature_use,2023-06,2023-06-03,2023-01
u0099,2023-06-04,feature_use,2023-06,2023-06-04,2023-01
u0099,2023-06-09,export,2023-06,2023-06-09,2023-01
u0099,2023-06-17,login,2023-06,2023-06-17,2023-01
u0099,2023-07-04,login,2023-07,2023-07-04,2023-01
u0099,2023-07-15,feature_use,2023-07,2023-07-15,2023-01
u0099,2023-07-19,support_ticket,2023-07,2023-07-19,2023-01
u0099,2023-07-23,feature_use,2023-07,2023-07-23,2023-01
u0099,2023-07-31,churned,2023-07,2023-07-31,2023-01
u0099,2023-08-01,login,2023-08,2023-08-01,2023-01
u0099,2023-08-11,login,2023-08,2023-08-11,2023-01
u0099,2023-09-09,export,2023-09,2023-09-09,2023-01
u0099,2023-09-18,feature_use,2023-09,2023-09-18,2023-01
u0099,2023-09-23,export,2023-09,2023-09-23,2023-01
u0099,2023-09-24,invite_sent,2023-09,2023-09-24,2023-01
u0099,2023-09-26,login,2023-09,2023-09-26,2023-01
u0099,2023-10-03,feature_use,2023-10,2023-10-03,2023-01
u0099,2023-10-12,invite_sent,2023-10,2023-10-12,2023-01
u0099,2023-10-13,feature_use,2023-10,2023-10-13,2023-01
u0099,2023-11-05,feature_use,2023-11,2023-11-05,2023-01
u0099,2023-11-07,login,2023-11,2023-11-07,2023-01
u0099,2023-11-17,upgrade,2023-11,2023-11-17,2023-01
u0100,2023-11-26,signup,2023-11,2023-11-26,2023-11
u0100,2023-11-27,export,2023-11,2023-11-27,2023-11
u0100,2023-11-28,feature_use,2023-11,2023-11-28,2023-11
u0100,2023-11-29,login,2023-11,2023-11-29,2023-11
u0100,2023-11-29,feature_use,2023-11,2023-11-29,2023-11
u0100,2023-11-30,login,2023-11,2023-11-30,2023-11
u0100,2023-12-01,invite_sent,2023-12,2023-12-01,2023-11
u0100,2023-12-04,feature_use,2023-12,2023-12-04,2023-11
u0100,2023-12-06,login,2023-12,2023-12-06,2023-11
u0100,2023-12-06,feature_use,2023-12,2023-12-06,2023-11
u0100,2023-12-07,login,2023-12,2023-12-07,2023-11
u0100,2023-12-08,support_ticket,2023-12,2023-12-08,2023-11
u0100,2023-12-09,login,2023-12,2023-12-09,2023-11
u0100,2023-12-10,feature_use,2023-12,2023-12-10,2023-11
u0101,2023-09-22,signup,2023-09,2023-09-22,2023-09
u0101,2023-09-23,invite_sent,2023-09,2023-09-23,2023-09
u0101,2023-09-24,login,2023-09,2023-09-24,2023-09
u0101,2023-09-25,export,2023-09,2023-09-25,2023-09
u0101,2023-09-27,login,2023-09,2023-09-27,2023-09
u0101,2023-09-28,login,2023-09,2023-09-28,2023-09
u0101,2023-09-29,login,2023-09,2023-09-29,2023-09
u0101,2023-09-30,login,2023-09,2023-09-30,2023-09
u0101,2023-10-01,invite_sent,2023-10,2023-10-01,2023-09
u0101,2023-10-03,login,2023-10,2023-10-03,2023-09
u0101,2023-10-04,feature_use,2023-10,2023-10-04,2023-09
u0101,2023-10-09,login,2023-10,2023-10-09,2023-09
u0101,2023-10-14,invite_sent,2023-10,2023-10-14,2023-09
u0101,2023-10-16,export,2023-10,2023-10-16,2023-09
u0101,2023-10-17,login,2023-10,2023-10-17,2023-09
u0101,2023-10-19,feature_use,2023-10,2023-10-19,2023-09
u0101,2023-10-19,export,2023-10,2023-10-19,2023-09
u0101,2023-10-20,feature_use,2023-10,2023-10-20,2023-09
u0101,2023-10-20,login,2023-10,2023-10-20,2023-09
u0101,2023-10-23,export,2023-10,2023-10-23,2023-09
u0101,2023-10-23,support_ticket,2023-10,2023-10-23,2023-09
u0102,2023-10-22,signup,2023-10,2023-10-22,2023-10
u0102,2023-10-24,login,2023-10,2023-10-24,2023-10
u0102,2023-10-25,feature_use,2023-10,2023-10-25,2023-10
u0102,2023-10-26,login,2023-10,2023-10-26,2023-10
u0102,2023-10-26,feature_use,2023-10,2023-10-26,2023-10
u0102,2023-10-27,login,2023-10,2023-10-27,2023-10
u0102,2023-10-28,login,2023-10,2023-10-28,2023-10
u0102,2023-10-28,feature_use,2023-10,2023-10-28,2023-10
u0102,2023-10-29,feature_use,2023-10,2023-10-29,2023-10
u0102,2023-10-30,support_ticket,2023-10,2023-10-30,2023-10
u0102,2023-10-31,feature_use,2023-10,2023-10-31,2023-10
u0102,2023-10-31,login,2023-10,2023-10-31,2023-10
u0102,2023-11-01,feature_use,2023-11,2023-11-01,2023-10
u0102,2023-11-02,login,2023-11,2023-11-02,2023-10
u0102,2023-11-02,feature_use,2023-11,2023-11-02,2023-10
u0102,2023-11-03,support_ticket,2023-11,2023-11-03,2023-10
u0102,2023-11-04,login,2023-11,2023-11-04,2023-10
u0102,2023-11-04,feature_use,2023-11,2023-11-04,2023-10
u0103,2023-06-07,signup,2023-06,2023-06-07,2023-06
u0103,2023-06-09,support_ticket,2023-06,2023-06-09,2023-06
u0103,2023-06-21,login,2023-06,2023-06-21,2023-06
u0103,2023-06-28,feature_use,2023-06,2023-06-28,2023-06
u0103,2023-07-08,support_ticket,2023-07,2023-07-08,2023-06
u0103,2023-07-15,feature_use,2023-07,2023-07-15,2023-06
u0103,2023-07-19,login,2023-07,2023-07-19,2023-06
u0103,2023-08-14,login,2023-08,2023-08-14,2023-06
u0103,2023-09-02,support_ticket,2023-09,2023-09-02,2023-06
u0103,2023-09-27,login,2023-09,2023-09-27,2023-06
u0103,2023-09-30,support_ticket,2023-09,2023-09-30,2023-06
u0103,2023-10-16,feature_use,2023-10,2023-10-16,2023-06
u0104,2023-07-16,signup,2023-07,2023-07-16,2023-07
u0104,2023-07-17,churned,2023-07,2023-07-17,2023-07
u0104,2023-07-19,upgrade,2023-07,2023-07-19,2023-07
u0104,2023-07-24,feature_use,2023-07,2023-07-24,2023-07
u0104,2023-07-26,login,2023-07,2023-07-26,2023-07
u0104,2023-07-31,invite_sent,2023-07,2023-07-31,2023-07
u0104,2023-08-03,invite_sent,2023-08,2023-08-03,2023-07
u0104,2023-08-04,feature_use,2023-08,2023-08-04,2023-07
u0104,2023-08-08,churned,2023-08,2023-08-08,2023-07
u0104,2023-08-09,feature_use,2023-08,2023-08-09,2023-07
u0104,2023-08-30,feature_use,2023-08,2023-08-30,2023-07
u0104,2023-09-04,feature_use,2023-09,2023-09-04,2023-07
u0104,2023-09-06,feature_use,2023-09,2023-09-06,2023-07
u0104,2023-09-11,feature_use,2023-09,2023-09-11,2023-07
u0104,2023-09-13,support_ticket,2023-09,2023-09-13,2023-07
u0104,2023-09-14,feature_use,2023-09,2023-09-14,2023-07
u0104,2023-09-17,support_ticket,2023-09,2023-09-17,2023-07
u0104,2023-09-19,upgrade,2023-09,2023-09-19,2023-07
u0104,2023-09-21,login,2023-09,2023-09-21,2023-07
u0104,2023-09-22,login,2023-09,2023-09-22,2023-07
u0104,2023-09-25,login,2023-09,2023-09-25,2023-07
u0104,2023-09-27,upgrade,2023-09,2023-09-27,2023-07
u0104,2023-09-28,upgrade,2023-09,2023-09-28,2023-07
u0104,2023-09-28,login,2023-09,2023-09-28,2023-07
u0104,2023-10-12,invite_sent,2023-10,2023-10-12,2023-07
u0104,2023-10-14,login,2023-10,2023-10-14,2023-07
u0104,2023-10-21,feature_use,2023-10,2023-10-21,2023-07
u0104,2023-10-26,feature_use,2023-10,2023-10-26,2023-07
u0104,2023-10-27,login,2023-10,2023-10-27,2023-07
u0104,2023-10-28,feature_use,2023-10,2023-10-28,2023-07
u0104,2023-10-30,invite_sent,2023-10,2023-10-30,2023-07
u0104,2023-11-06,login,2023-11,2023-11-06,2023-07
u0104,2023-11-11,feature_use,2023-11,2023-11-11,2023-07
u0104,2023-11-23,login,2023-11,2023-11-23,2023-07
u0104,2023-11-24,feature_use,2023-11,2023-11-24,2023-07
u0104,2023-11-25,invite_sent,2023-11,2023-11-25,2023-07
u0105,2023-06-25,signup,2023-06,2023-06-25,2023-06
u0105,2023-06-26,login,2023-06,2023-06-26,2023-06
u0105,2023-06-27,export,2023-06,2023-06-27,2023-06
u0105,2023-06-27,feature_use,2023-06,2023-06-27,2023-06
u0105,2023-06-28,feature_use,2023-06,2023-06-28,2023-06
u0105,2023-06-29,login,2023-06,2023-06-29,2023-06
u0105,2023-06-29,upgrade,2023-06,2023-06-29,2023-06
u0105,2023-06-30,login,2023-06,2023-06-30,2023-06
u0105,2023-07-01,feature_use,2023-07,2023-07-01,2023-06
u0105,2023-07-02,feature_use,2023-07,2023-07-02,2023-06
u0105,2023-07-02,login,2023-07,2023-07-02,2023-06
u0105,2023-07-03,export,2023-07,2023-07-03,2023-06
u0105,2023-07-04,login,2023-07,2023-07-04,2023-06
u0105,2023-07-04,feature_use,2023-07,2023-07-04,2023-06
u0105,2023-07-06,login,2023-07,2023-07-06,2023-06
u0105,2023-07-07,login,2023-07,2023-07-07,2023-06
u0105,2023-07-07,feature_use,2023-07,2023-07-07,2023-06
u0105,2023-07-08,export,2023-07,2023-07-08,2023-06
u0105,2023-07-09,feature_use,2023-07,2023-07-09,2023-06
u0105,2023-07-09,upgrade,2023-07,2023-07-09,2023-06
u0105,2023-07-10,login,2023-07,2023-07-10,2023-06
u0105,2023-07-11,feature_use,2023-07,2023-07-11,2023-06
u0105,2023-07-11,invite_sent,2023-07,2023-07-11,2023-06
u0105,2023-07-11,churned,2023-07,2023-07-11,2023-06
u0106,2023-07-25,signup,2023-07,2023-07-25,2023-07
u0106,2023-07-26,login,2023-07,2023-07-26,2023-07
u0106,2023-07-27,feature_use,2023-07,2023-07-27,2023-07
u0106,2023-07-28,login,2023-07,2023-07-28,2023-07
u0106,2023-07-29,feature_use,2023-07,2023-07-29,2023-07
u0106,2023-07-30,churned,2023-07,2023-07-30,2023-07
u0106,2023-07-30,feature_use,2023-07,2023-07-30,2023-07
u0106,2023-07-30,export,2023-07,2023-07-30,2023-07
u0106,2023-07-30,upgrade,2023-07,2023-07-30,2023-07
u0106,2023-07-31,login,2023-07,2023-07-31,2023-07
u0106,2023-07-31,churned,2023-07,2023-07-31,2023-07
u0106,2023-07-31,export,2023-07,2023-07-31,2023-07
u0106,2023-08-01,login,2023-08,2023-08-01,2023-07
u0106,2023-08-01,feature_use,2023-08,2023-08-01,2023-07
u0106,2023-08-02,support_ticket,2023-08,2023-08-02,2023-07
u0106,2023-08-03,support_ticket,2023-08,2023-08-03,2023-07
u0106,2023-08-03,feature_use,2023-08,2023-08-03,2023-07
u0106,2023-08-03,login,2023-08,2023-08-03,2023-07
u0106,2023-08-03,invite_sent,2023-08,2023-08-03,2023-07
u0106,2023-08-04,login,2023-08,2023-08-04,2023-07
u0106,2023-08-05,support_ticket,2023-08,2023-08-05,2023-07
u0106,2023-08-05,login,2023-08,2023-08-05,2023-07
u0106,2023-08-05,feature_use,2023-08,2023-08-05,2023-07
u0106,2023-08-06,feature_use,2023-08,2023-08-06,2023-07
u0106,2023-08-06,support_ticket,2023-08,2023-08-06,2023-07
u0106,2023-08-07,feature_use,2023-08,2023-08-07,2023-07
u0106,2023-08-07,export,2023-08,2023-08-07,2023-07
u0106,2023-08-07,login,2023-08,2023-08-07,2023-07
u0106,2023-08-08,export,2023-08,2023-08-08,2023-07
u0106,2023-08-08,login,2023-08,2023-08-08,2023-07
u0106,2023-08-09,export,2023-08,2023-08-09,2023-07
u0106,2023-08-09,feature_use,2023-08,2023-08-09,2023-07
u0106,2023-08-09,support_ticket,2023-08,2023-08-09,2023-07
u0106,2023-08-10,login,2023-08,2023-08-10,2023-07
u0106,2023-08-10,support_ticket,2023-08,2023-08-10,2023-07
u0107,2023-02-10,signup,2023-02,2023-02-10,2023-02
u0107,2023-02-12,login,2023-02,2023-02-12,2023-02
u0107,2023-02-13,login,2023-02,2023-02-13,2023-02
u0107,2023-02-14,login,2023-02,2023-02-14,2023-02
u0107,2023-02-18,support_ticket,2023-02,2023-02-18,2023-02
u0107,2023-02-23,feature_use,2023-02,2023-02-23,2023-02
u0107,2023-02-23,login,2023-02,2023-02-23,2023-02
u0107,2023-03-02,login,2023-03,2023-03-02,2023-02
u0107,2023-03-03,invite_sent,2023-03,2023-03-03,2023-02
u0107,2023-03-11,feature_use,2023-03,2023-03-11,2023-02
u0108,2023-08-15,signup,2023-08,2023-08-15,2023-08
u0108,2023-08-16,feature_use,2023-08,2023-08-16,2023-08
u0108,2023-08-20,login,2023-08,2023-08-20,2023-08
u0108,2023-08-21,feature_use,2023-08,2023-08-21,2023-08
u0108,2023-08-24,login,2023-08,2023-08-24,2023-08
u0108,2023-08-25,login,2023-08,2023-08-25,2023-08
u0108,2023-08-26,login,2023-08,2023-08-26,2023-08
u0108,2023-08-28,feature_use,2023-08,2023-08-28,2023-08
u0108,2023-08-31,login,2023-08,2023-08-31,2023-08
u0108,2023-08-31,feature_use,2023-08,2023-08-31,2023-08
u0108,2023-09-02,feature_use,2023-09,2023-09-02,2023-08
u0108,2023-09-04,invite_sent,2023-09,2023-09-04,2023-08
u0108,2023-09-05,export,2023-09,2023-09-05,2023-08
u0108,2023-09-08,feature_use,2023-09,2023-09-08,2023-08
u0108,2023-09-09,login,2023-09,2023-09-09,2023-08
u0108,2023-09-12,support_ticket,2023-09,2023-09-12,2023-08
u0108,2023-09-14,churned,2023-09,2023-09-14,2023-08
u0108,2023-09-15,feature_use,2023-09,2023-09-15,2023-08
u0108,2023-09-15,login,2023-09,2023-09-15,2023-08
u0108,2023-09-19,invite_sent,2023-09,2023-09-19,2023-08
u0108,2023-09-20,feature_use,2023-09,2023-09-20,2023-08
u0108,2023-09-21,feature_use,2023-09,2023-09-21,2023-08
u0108,2023-09-22,feature_use,2023-09,2023-09-22,2023-08
u0108,2023-09-23,login,2023-09,2023-09-23,2023-08
u0108,2023-09-24,support_ticket,2023-09,2023-09-24,2023-08
u0108,2023-09-25,support_ticket,2023-09,2023-09-25,2023-08
u0108,2023-09-25,feature_use,2023-09,2023-09-25,2023-08
u0108,2023-09-26,feature_use,2023-09,2023-09-26,2023-08
u0108,2023-09-26,support_ticket,2023-09,2023-09-26,2023-08
u0108,2023-09-27,login,2023-09,2023-09-27,2023-08
u0108,2023-09-28,login,2023-09,2023-09-28,2023-08
u0108,2023-09-29,feature_use,2023-09,2023-09-29,2023-08
u0108,2023-09-29,invite_sent,2023-09,2023-09-29,2023-08
u0109,2023-05-29,signup,2023-05,2023-05-29,2023-05
u0109,2023-05-30,login,2023-05,2023-05-30,2023-05
u0109,2023-05-31,login,2023-05,2023-05-31,2023-05
u0109,2023-06-01,login,2023-06,2023-06-01,2023-05
u0109,2023-06-01,support_ticket,2023-06,2023-06-01,2023-05
u0109,2023-06-02,export,2023-06,2023-06-02,2023-05
u0109,2023-06-05,login,2023-06,2023-06-05,2023-05
u0109,2023-06-05,feature_use,2023-06,2023-06-05,2023-05
u0109,2023-06-07,upgrade,2023-06,2023-06-07,2023-05
u0109,2023-06-08,login,2023-06,2023-06-08,2023-05
u0109,2023-06-09,feature_use,2023-06,2023-06-09,2023-05
u0109,2023-06-11,login,2023-06,2023-06-11,2023-05
u0109,2023-06-12,login,2023-06,2023-06-12,2023-05
u0109,2023-06-12,feature_use,2023-06,2023-06-12,2023-05
u0109,2023-06-12,churned,2023-06,2023-06-12,2023-05
u0109,2023-06-14,feature_use,2023-06,2023-06-14,2023-05
u0109,2023-06-15,support_ticket,2023-06,2023-06-15,2023-05
u0109,2023-06-16,upgrade,2023-06,2023-06-16,2023-05
u0109,2023-06-18,support_ticket,2023-06,2023-06-18,2023-05
u0109,2023-06-18,invite_sent,2023-06,2023-06-18,2023-05
u0109,2023-06-24,login,2023-06,2023-06-24,2023-05
u0109,2023-06-27,login,2023-06,2023-06-27,2023-05
u0109,2023-06-28,upgrade,2023-06,2023-06-28,2023-05
u0109,2023-06-29,login,2023-06,2023-06-29,2023-05
u0109,2023-06-29,feature_use,2023-06,2023-06-29,2023-05
u0109,2023-06-30,login,2023-06,2023-06-30,2023-05
u0109,2023-06-30,churned,2023-06,2023-06-30,2023-05
u0109,2023-07-02,login,2023-07,2023-07-02,2023-05
u0110,2023-05-01,signup,2023-05,2023-05-01,2023-05
u0110,2023-05-23,support_ticket,2023-05,2023-05-23,2023-05
u0110,2023-07-15,login,2023-07,2023-07-15,2023-05
u0110,2023-08-11,login,2023-08,2023-08-11,2023-05
u0111,2023-01-22,signup,2023-01,2023-01-22,2023-01
u0111,2023-02-02,upgrade,2023-02,2023-02-02,2023-01
u0111,2023-02-22,login,2023-02,2023-02-22,2023-01
u0111,2023-03-10,upgrade,2023-03,2023-03-10,2023-01
u0111,2023-03-18,login,2023-03,2023-03-18,2023-01
u0111,2023-04-11,upgrade,2023-04,2023-04-11,2023-01
u0111,2023-05-22,login,2023-05,2023-05-22,2023-01
u0111,2023-05-30,login,2023-05,2023-05-30,2023-01
u0111,2023-07-15,invite_sent,2023-07,2023-07-15,2023-01
u0111,2023-07-19,support_ticket,2023-07,2023-07-19,2023-01
u0111,2023-07-25,upgrade,2023-07,2023-07-25,2023-01
u0111,2023-08-01,support_ticket,2023-08,2023-08-01,2023-01
u0111,2023-09-04,upgrade,2023-09,2023-09-04,2023-01
u0112,2023-05-09,signup,2023-05,2023-05-09,2023-05
u0112,2023-05-10,support_ticket,2023-05,2023-05-10,2023-05
u0112,2023-05-18,login,2023-05,2023-05-18,2023-05
u0112,2023-05-18,feature_use,2023-05,2023-05-18,2023-05
u0112,2023-05-21,export,2023-05,2023-05-21,2023-05
u0112,2023-05-26,feature_use,2023-05,2023-05-26,2023-05
u0112,2023-06-12,login,2023-06,2023-06-12,2023-05
u0112,2023-06-18,feature_use,2023-06,2023-06-18,2023-05
u0112,2023-06-26,feature_use,2023-06,2023-06-26,2023-05
u0112,2023-06-26,export,2023-06,2023-06-26,2023-05
u0112,2023-06-27,feature_use,2023-06,2023-06-27,2023-05
u0112,2023-07-10,login,2023-07,2023-07-10,2023-05
u0112,2023-07-19,export,2023-07,2023-07-19,2023-05
u0112,2023-07-24,support_ticket,2023-07,2023-07-24,2023-05
u0112,2023-07-31,upgrade,2023-07,2023-07-31,2023-05
u0112,2023-07-31,feature_use,2023-07,2023-07-31,2023-05
u0112,2023-07-31,login,2023-07,2023-07-31,2023-05
u0112,2023-08-11,support_ticket,2023-08,2023-08-11,2023-05
u0112,2023-08-17,feature_use,2023-08,2023-08-17,2023-05
u0112,2023-09-11,login,2023-09,2023-09-11,2023-05
u0112,2023-09-12,login,2023-09,2023-09-12,2023-05
u0112,2023-09-14,support_ticket,2023-09,2023-09-14,2023-05
u0112,2023-09-16,feature_use,2023-09,2023-09-16,2023-05
u0112,2023-09-20,feature_use,2023-09,2023-09-20,2023-05
u0112,2023-09-21,feature_use,2023-09,2023-09-21,2023-05
u0112,2023-09-22,login,2023-09,2023-09-22,2023-05
u0112,2023-09-24,support_ticket,2023-09,2023-09-24,2023-05
u0112,2023-09-25,login,2023-09,2023-09-25,2023-05
u0112,2023-09-28,login,2023-09,2023-09-28,2023-05
u0112,2023-09-30,login,2023-09,2023-09-30,2023-05
u0112,2023-10-08,login,2023-10,2023-10-08,2023-05
u0112,2023-10-10,invite_sent,2023-10,2023-10-10,2023-05
u0113,2023-07-07,signup,2023-07,2023-07-07,2023-07
u0113,2023-07-08,invite_sent,2023-07,2023-07-08,2023-07
u0113,2023-07-13,feature_use,2023-07,2023-07-13,2023-07
u0113,2023-07-21,feature_use,2023-07,2023-07-21,2023-07
u0113,2023-08-03,export,2023-08,2023-08-03,2023-07
u0113,2023-08-12,support_ticket,2023-08,2023-08-12,2023-07
u0113,2023-08-17,login,2023-08,2023-08-17,2023-07
u0113,2023-08-22,login,2023-08,2023-08-22,2023-07
u0114,2023-11-12,signup,2023-11,2023-11-12,2023-11
u0114,2023-11-13,login,2023-11,2023-11-13,2023-11
u0114,2023-11-14,churned,2023-11,2023-11-14,2023-11
u0114,2023-11-14,feature_use,2023-11,2023-11-14,2023-11
u0114,2023-11-14,login,2023-11,2023-11-14,2023-11
u0114,2023-11-18,login,2023-11,2023-11-18,2023-11
u0114,2023-11-18,invite_sent,2023-11,2023-11-18,2023-11
u0114,2023-11-19,login,2023-11,2023-11-19,2023-11
u0115,2023-10-13,signup,2023-10,2023-10-13,2023-10
u0115,2023-10-20,login,2023-10,2023-10-20,2023-10
u0115,2023-10-24,feature_use,2023-10,2023-10-24,2023-10
u0115,2023-10-25,feature_use,2023-10,2023-10-25,2023-10
u0115,2023-11-05,feature_use,2023-11,2023-11-05,2023-10
u0115,2023-11-05,invite_sent,2023-11,2023-11-05,2023-10
u0115,2023-11-15,login,2023-11,2023-11-15,2023-10
u0115,2023-11-21,feature_use,2023-11,2023-11-21,2023-10
u0115,2023-11-27,feature_use,2023-11,2023-11-27,2023-10
u0115,2023-12-02,feature_use,2023-12,2023-12-02,2023-10
u0116,2023-10-09,signup,2023-10,2023-10-09,2023-10
u0116,2023-10-12,churned,2023-10,2023-10-12,2023-10
u0116,2023-10-15,feature_use,2023-10,2023-10-15,2023-10
u0116,2023-10-18,churned,2023-10,2023-10-18,2023-10
u0116,2023-10-18,login,2023-10,2023-10-18,2023-10
u0116,2023-10-19,login,2023-10,2023-10-19,2023-10
u0116,2023-10-24,login,2023-10,2023-10-24,2023-10
u0116,2023-10-26,support_ticket,2023-10,2023-10-26,2023-10
u0116,2023-10-29,login,2023-10,2023-10-29,2023-10
u0116,2023-10-30,feature_use,2023-10,2023-10-30,2023-10
u0116,2023-10-30,login,2023-10,2023-10-30,2023-10
u0116,2023-10-30,support_ticket,2023-10,2023-10-30,2023-10
u0116,2023-11-03,support_ticket,2023-11,2023-11-03,2023-10
u0116,2023-11-04,login,2023-11,2023-11-04,2023-10
u0116,2023-11-05,support_ticket,2023-11,2023-11-05,2023-10
u0116,2023-11-06,export,2023-11,2023-11-06,2023-10
u0116,2023-11-07,feature_use,2023-11,2023-11-07,2023-10
u0116,2023-11-08,login,2023-11,2023-11-08,2023-10
u0116,2023-11-14,feature_use,2023-11,2023-11-14,2023-10
u0116,2023-11-15,feature_use,2023-11,2023-11-15,2023-10
u0116,2023-11-15,invite_sent,2023-11,2023-11-15,2023-10
u0116,2023-11-16,login,2023-11,2023-11-16,2023-10
u0116,2023-11-17,login,2023-11,2023-11-17,2023-10
u0116,2023-11-23,export,2023-11,2023-11-23,2023-10
u0116,2023-11-25,login,2023-11,2023-11-25,2023-10
u0116,2023-11-26,login,2023-11,2023-11-26,2023-10
u0117,2023-03-30,signup,2023-03,2023-03-30,2023-03
u0117,2023-04-05,feature_use,2023-04,2023-04-05,2023-03
u0117,2023-04-12,support_ticket,2023-04,2023-04-12,2023-03
u0117,2023-04-21,login,2023-04,2023-04-21,2023-03
u0117,2023-04-25,feature_use,2023-04,2023-04-25,2023-03
u0117,2023-04-28,invite_sent,2023-04,2023-04-28,2023-03
u0117,2023-05-13,login,2023-05,2023-05-13,2023-03
u0117,2023-05-15,login,2023-05,2023-05-15,2023-03
u0117,2023-05-18,feature_use,2023-05,2023-05-18,2023-03
u0117,2023-05-31,export,2023-05,2023-05-31,2023-03
u0117,2023-06-05,support_ticket,2023-06,2023-06-05,2023-03
u0117,2023-06-15,login,2023-06,2023-06-15,2023-03
u0117,2023-06-25,churned,2023-06,2023-06-25,2023-03
u0117,2023-07-09,feature_use,2023-07,2023-07-09,2023-03
u0117,2023-07-22,login,2023-07,2023-07-22,2023-03
u0117,2023-07-25,support_ticket,2023-07,2023-07-25,2023-03
u0117,2023-07-28,login,2023-07,2023-07-28,2023-03
u0117,2023-08-04,login,2023-08,2023-08-04,2023-03
u0117,2023-08-12,login,2023-08,2023-08-12,2023-03
u0117,2023-08-14,support_ticket,2023-08,2023-08-14,2023-03
u0117,2023-08-31,login,2023-08,2023-08-31,2023-03
u0117,2023-09-12,upgrade,2023-09,2023-09-12,2023-03
u0117,2023-09-18,login,2023-09,2023-09-18,2023-03
u0117,2023-09-19,login,2023-09,2023-09-19,2023-03
u0117,2023-09-23,feature_use,2023-09,2023-09-23,2023-03
u0117,2023-09-25,login,2023-09,2023-09-25,2023-03
u0117,2023-10-08,login,2023-10,2023-10-08,2023-03
u0117,2023-10-12,login,2023-10,2023-10-12,2023-03
u0117,2023-10-18,churned,2023-10,2023-10-18,2023-03
u0117,2023-10-18,login,2023-10,2023-10-18,2023-03
u0117,2023-10-28,feature_use,2023-10,2023-10-28,2023-03
u0117,2023-11-07,login,2023-11,2023-11-07,2023-03
u0117,2023-11-08,feature_use,2023-11,2023-11-08,2023-03
u0117,2023-11-11,login,2023-11,2023-11-11,2023-03
u0117,2023-11-12,feature_use,2023-11,2023-11-12,2023-03
u0117,2023-12-02,feature_use,2023-12,2023-12-02,2023-03
u0117,2023-12-05,feature_use,2023-12,2023-12-05,2023-03
u0117,2023-12-12,feature_use,2023-12,2023-12-12,2023-03
u0117,2023-12-14,login,2023-12,2023-12-14,2023-03
u0118,2023-01-28,signup,2023-01,2023-01-28,2023-01
u0118,2023-02-05,login,2023-02,2023-02-05,2023-01
u0118,2023-02-07,upgrade,2023-02,2023-02-07,2023-01
u0118,2023-02-08,login,2023-02,2023-02-08,2023-01
u0118,2023-02-11,support_ticket,2023-02,2023-02-11,2023-01
u0118,2023-02-11,login,2023-02,2023-02-11,2023-01
u0118,2023-02-16,login,2023-02,2023-02-16,2023-01
u0118,2023-02-28,login,2023-02,2023-02-28,2023-01
u0118,2023-03-03,support_ticket,2023-03,2023-03-03,2023-01
u0118,2023-03-03,login,2023-03,2023-03-03,2023-01
u0118,2023-03-05,feature_use,2023-03,2023-03-05,2023-01
u0118,2023-03-07,invite_sent,2023-03,2023-03-07,2023-01
u0118,2023-03-12,login,2023-03,2023-03-12,2023-01
u0119,2023-04-13,signup,2023-04,2023-04-13,2023-04
u0119,2023-04-16,login,2023-04,2023-04-16,2023-04
u0119,2023-04-18,login,2023-04,2023-04-18,2023-04
u0119,2023-04-27,feature_use,2023-04,2023-04-27,2023-04
u0119,2023-05-11,login,2023-05,2023-05-11,2023-04
u0119,2023-05-31,login,2023-05,2023-05-31,2023-04
u0119,2023-06-16,invite_sent,2023-06,2023-06-16,2023-04
u0119,2023-06-30,login,2023-06,2023-06-30,2023-04
u0119,2023-07-01,login,2023-07,2023-07-01,2023-04
u0119,2023-07-03,feature_use,2023-07,2023-07-03,2023-04
u0119,2023-07-13,login,2023-07,2023-07-13,2023-04
u0119,2023-07-20,feature_use,2023-07,2023-07-20,2023-04
u0119,2023-07-23,support_ticket,2023-07,2023-07-23,2023-04
u0119,2023-08-09,feature_use,2023-08,2023-08-09,2023-04
u0119,2023-08-20,login,2023-08,2023-08-20,2023-04
u0119,2023-09-13,feature_use,2023-09,2023-09-13,2023-04
u0119,2023-09-27,feature_use,2023-09,2023-09-27,2023-04
u0119,2023-09-29,login,2023-09,2023-09-29,2023-04
u0119,2023-09-30,login,2023-09,2023-09-30,2023-04
u0119,2023-10-12,login,2023-10,2023-10-12,2023-04
u0119,2023-10-13,login,2023-10,2023-10-13,2023-04
u0120,2023-02-01,signup,2023-02,2023-02-01,2023-02
u0120,2023-02-24,upgrade,2023-02,2023-02-24,2023-02
u0120,2023-03-31,login,2023-03,2023-03-31,2023-02
u0120,2023-05-13,feature_use,2023-05,2023-05-13,2023-02
u0120,2023-06-24,invite_sent,2023-06,2023-06-24,2023-02
u0121,2023-09-24,signup,2023-09,2023-09-24,2023-09
u0121,2023-10-02,login,2023-10,2023-10-02,2023-09
u0121,2023-10-03,login,2023-10,2023-10-03,2023-09
u0121,2023-10-04,feature_use,2023-10,2023-10-04,2023-09
u0121,2023-10-08,feature_use,2023-10,2023-10-08,2023-09
u0121,2023-10-10,feature_use,2023-10,2023-10-10,2023-09
u0121,2023-10-14,feature_use,2023-10,2023-10-14,2023-09
u0121,2023-10-15,login,2023-10,2023-10-15,2023-09
u0121,2023-10-15,export,2023-10,2023-10-15,2023-09
u0121,2023-10-21,churned,2023-10,2023-10-21,2023-09
u0121,2023-10-22,churned,2023-10,2023-10-22,2023-09
u0121,2023-10-23,feature_use,2023-10,2023-10-23,2023-09
u0121,2023-10-29,invite_sent,2023-10,2023-10-29,2023-09
u0121,2023-10-31,invite_sent,2023-10,2023-10-31,2023-09
u0121,2023-10-31,feature_use,2023-10,2023-10-31,2023-09
u0121,2023-11-01,feature_use,2023-11,2023-11-01,2023-09
u0121,2023-11-02,login,2023-11,2023-11-02,2023-09
u0121,2023-11-03,login,2023-11,2023-11-03,2023-09
u0121,2023-11-09,invite_sent,2023-11,2023-11-09,2023-09
u0121,2023-11-10,login,2023-11,2023-11-10,2023-09
u0121,2023-11-11,login,2023-11,2023-11-11,2023-09
u0121,2023-11-12,churned,2023-11,2023-11-12,2023-09
u0121,2023-11-13,login,2023-11,2023-11-13,2023-09
u0121,2023-11-15,login,2023-11,2023-11-15,2023-09
u0121,2023-11-16,export,2023-11,2023-11-16,2023-09
u0121,2023-11-17,export,2023-11,2023-11-17,2023-09
u0121,2023-11-22,feature_use,2023-11,2023-11-22,2023-09
u0121,2023-11-22,login,2023-11,2023-11-22,2023-09
u0121,2023-11-22,churned,2023-11,2023-11-22,2023-09
u0122,2023-01-14,signup,2023-01,2023-01-14,2023-01
u0122,2023-01-22,invite_sent,2023-01,2023-01-22,2023-01
u0122,2023-02-17,login,2023-02,2023-02-17,2023-01
u0122,2023-03-26,login,2023-03,2023-03-26,2023-01
u0122,2023-04-28,support_ticket,2023-04,2023-04-28,2023-01
u0122,2023-05-10,login,2023-05,2023-05-10,2023-01
u0122,2023-07-25,login,2023-07,2023-07-25,2023-01
u0122,2023-08-01,feature_use,2023-08,2023-08-01,2023-01
u0122,2023-08-14,login,2023-08,2023-08-14,2023-01
u0122,2023-08-27,export,2023-08,2023-08-27,2023-01
u0122,2023-09-12,upgrade,2023-09,2023-09-12,2023-01
u0122,2023-09-29,export,2023-09,2023-09-29,2023-01
u0123,2023-09-08,signup,2023-09,2023-09-08,2023-09
u0123,2023-09-13,feature_use,2023-09,2023-09-13,2023-09
u0123,2023-09-14,feature_use,2023-09,2023-09-14,2023-09
u0123,2023-09-14,export,2023-09,2023-09-14,2023-09
u0123,2023-09-15,login,2023-09,2023-09-15,2023-09
u0123,2023-10-10,feature_use,2023-10,2023-10-10,2023-09
u0123,2023-10-15,feature_use,2023-10,2023-10-15,2023-09
u0123,2023-10-17,support_ticket,2023-10,2023-10-17,2023-09
u0123,2023-10-27,upgrade,2023-10,2023-10-27,2023-09
u0123,2023-10-29,feature_use,2023-10,2023-10-29,2023-09
u0123,2023-10-29,churned,2023-10,2023-10-29,2023-09
u0123,2023-11-02,feature_use,2023-11,2023-11-02,2023-09
u0123,2023-11-02,login,2023-11,2023-11-02,2023-09
u0123,2023-11-04,feature_use,2023-11,2023-11-04,2023-09
u0123,2023-11-05,feature_use,2023-11,2023-11-05,2023-09
u0123,2023-11-14,support_ticket,2023-11,2023-11-14,2023-09
u0123,2023-11-15,feature_use,2023-11,2023-11-15,2023-09
u0123,2023-11-21,feature_use,2023-11,2023-11-21,2023-09
u0124,2023-01-28,signup,2023-01,2023-01-28,2023-01
u0124,2023-02-08,feature_use,2023-02,2023-02-08,2023-01
u0124,2023-02-09,login,2023-02,2023-02-09,2023-01
u0124,2023-02-13,invite_sent,2023-02,2023-02-13,2023-01
u0124,2023-02-16,login,2023-02,2023-02-16,2023-01
u0124,2023-02-17,login,2023-02,2023-02-17,2023-01
u0124,2023-02-18,feature_use,2023-02,2023-02-18,2023-01
u0124,2023-02-19,invite_sent,2023-02,2023-02-19,2023-01
u0124,2023-02-21,support_ticket,2023-02,2023-02-21,2023-01
u0124,2023-02-23,login,2023-02,2023-02-23,2023-01
u0124,2023-03-06,feature_use,2023-03,2023-03-06,2023-01
u0124,2023-03-09,login,2023-03,2023-03-09,2023-01
u0124,2023-03-11,upgrade,2023-03,2023-03-11,2023-01
u0124,2023-03-18,login,2023-03,2023-03-18,2023-01
u0124,2023-03-19,upgrade,2023-03,2023-03-19,2023-01
u0124,2023-03-20,feature_use,2023-03,2023-03-20,2023-01
u0124,2023-03-27,login,2023-03,2023-03-27,2023-01
u0124,2023-03-27,feature_use,2023-03,2023-03-27,2023-01
u0124,2023-03-28,feature_use,2023-03,2023-03-28,2023-01
u0124,2023-03-28,login,2023-03,2023-03-28,2023-01
u0124,2023-04-02,feature_use,2023-04,2023-04-02,2023-01
u0124,2023-04-04,feature_use,2023-04,2023-04-04,2023-01
u0124,2023-04-11,export,2023-04,2023-04-11,2023-01
u0124,2023-04-21,feature_use,2023-04,2023-04-21,2023-01
u0124,2023-04-28,feature_use,2023-04,2023-04-28,2023-01
u0124,2023-04-30,invite_sent,2023-04,2023-04-30,2023-01
u0124,2023-04-30,support_ticket,2023-04,2023-04-30,2023-01
u0124,2023-04-30,upgrade,2023-04,2023-04-30,2023-01
u0124,2023-04-30,login,2023-04,2023-04-30,2023-01
u0124,2023-05-01,feature_use,2023-05,2023-05-01,2023-01
u0124,2023-05-06,login,2023-05,2023-05-06,2023-01
u0124,2023-05-07,churned,2023-05,2023-05-07,2023-01
u0125,2023-01-03,signup,2023-01,2023-01-03,2023-01
u0125,2023-01-07,login,2023-01,2023-01-07,2023-01
u0125,2023-01-20,feature_use,2023-01,2023-01-20,2023-01
u0125,2023-02-17,login,2023-02,2023-02-17,2023-01
u0125,2023-02-20,support_ticket,2023-02,2023-02-20,2023-01
u0125,2023-03-20,login,2023-03,2023-03-20,2023-01
u0125,2023-03-27,feature_use,2023-03,2023-03-27,2023-01
u0125,2023-04-04,churned,2023-04,2023-04-04,2023-01
u0125,2023-04-20,login,2023-04,2023-04-20,2023-01
u0125,2023-04-25,feature_use,2023-04,2023-04-25,2023-01
u0125,2023-06-05,login,2023-06,2023-06-05,2023-01
u0125,2023-06-18,feature_use,2023-06,2023-06-18,2023-01
u0125,2023-07-01,login,2023-07,2023-07-01,2023-01
u0125,2023-07-07,invite_sent,2023-07,2023-07-07,2023-01
u0125,2023-07-17,support_ticket,2023-07,2023-07-17,2023-01
u0125,2023-08-05,churned,2023-08,2023-08-05,2023-01
u0125,2023-08-18,login,2023-08,2023-08-18,2023-01
u0125,2023-09-04,feature_use,2023-09,2023-09-04,2023-01
u0125,2023-10-11,login,2023-10,2023-10-11,2023-01
u0126,2023-08-07,signup,2023-08,2023-08-07,2023-08
u0126,2023-08-09,feature_use,2023-08,2023-08-09,2023-08
u0126,2023-08-14,feature_use,2023-08,2023-08-14,2023-08
u0126,2023-08-15,support_ticket,2023-08,2023-08-15,2023-08
u0126,2023-08-19,export,2023-08,2023-08-19,2023-08
u0126,2023-08-20,login,2023-08,2023-08-20,2023-08
u0126,2023-08-21,feature_use,2023-08,2023-08-21,2023-08
u0126,2023-08-21,support_ticket,2023-08,2023-08-21,2023-08
u0126,2023-08-22,upgrade,2023-08,2023-08-22,2023-08
u0126,2023-08-25,login,2023-08,2023-08-25,2023-08
u0126,2023-08-26,feature_use,2023-08,2023-08-26,2023-08
u0126,2023-08-28,login,2023-08,2023-08-28,2023-08
u0126,2023-08-29,login,2023-08,2023-08-29,2023-08
u0126,2023-08-30,invite_sent,2023-08,2023-08-30,2023-08
u0126,2023-09-03,feature_use,2023-09,2023-09-03,2023-08
u0126,2023-09-07,login,2023-09,2023-09-07,2023-08
u0126,2023-09-07,upgrade,2023-09,2023-09-07,2023-08
u0126,2023-09-08,feature_use,2023-09,2023-09-08,2023-08
u0126,2023-09-10,churned,2023-09,2023-09-10,2023-08
u0126,2023-09-13,churned,2023-09,2023-09-13,2023-08
u0126,2023-09-13,feature_use,2023-09,2023-09-13,2023-08
u0127,2023-11-23,signup,2023-11,2023-11-23,2023-11
u0127,2023-11-24,login,2023-11,2023-11-24,2023-11
u0127,2023-11-25,export,2023-11,2023-11-25,2023-11
u0127,2023-11-26,feature_use,2023-11,2023-11-26,2023-11
u0127,2023-11-28,login,2023-11,2023-11-28,2023-11
u0127,2023-12-06,login,2023-12,2023-12-06,2023-11
u0127,2023-12-12,login,2023-12,2023-12-12,2023-11
u0127,2023-12-15,login,2023-12,2023-12-15,2023-11
u0127,2023-12-15,invite_sent,2023-12,2023-12-15,2023-11
u0127,2023-12-23,export,2023-12,2023-12-23,2023-11
u0127,2023-12-24,invite_sent,2023-12,2023-12-24,2023-11
u0127,2023-12-24,login,2023-12,2023-12-24,2023-11
u0127,2023-12-26,feature_use,2023-12,2023-12-26,2023-11
u0127,2023-12-28,invite_sent,2023-12,2023-12-28,2023-11
u0127,2023-12-30,feature_use,2023-12,2023-12-30,2023-11
u0128,2023-08-25,signup,2023-08,2023-08-25,2023-08
u0128,2023-08-28,login,2023-08,2023-08-28,2023-08
u0128,2023-09-14,login,2023-09,2023-09-14,2023-08
u0128,2023-10-05,feature_use,2023-10,2023-10-05,2023-08
u0128,2023-10-07,support_ticket,2023-10,2023-10-07,2023-08
u0128,2023-10-10,login,2023-10,2023-10-10,2023-08
u0128,2023-10-31,login,2023-10,2023-10-31,2023-08
u0129,2023-01-16,signup,2023-01,2023-01-16,2023-01
u0129,2023-01-26,feature_use,2023-01,2023-01-26,2023-01
u0129,2023-01-28,upgrade,2023-01,2023-01-28,2023-01
u0129,2023-01-28,login,2023-01,2023-01-28,2023-01
u0129,2023-02-11,export,2023-02,2023-02-11,2023-01
u0129,2023-02-15,login,2023-02,2023-02-15,2023-01
u0129,2023-02-19,login,2023-02,2023-02-19,2023-01
u0129,2023-02-22,support_ticket,2023-02,2023-02-22,2023-01
u0129,2023-03-02,login,2023-03,2023-03-02,2023-01
u0129,2023-03-07,login,2023-03,2023-03-07,2023-01
u0129,2023-03-09,invite_sent,2023-03,2023-03-09,2023-01
u0129,2023-03-11,login,2023-03,2023-03-11,2023-01
u0129,2023-03-13,feature_use,2023-03,2023-03-13,2023-01
u0129,2023-03-18,feature_use,2023-03,2023-03-18,2023-01
u0129,2023-04-06,support_ticket,2023-04,2023-04-06,2023-01
u0129,2023-04-06,login,2023-04,2023-04-06,2023-01
u0129,2023-04-12,feature_use,2023-04,2023-04-12,2023-01
u0129,2023-04-14,invite_sent,2023-04,2023-04-14,2023-01
u0129,2023-05-02,login,2023-05,2023-05-02,2023-01
u0129,2023-05-09,feature_use,2023-05,2023-05-09,2023-01
u0129,2023-05-10,feature_use,2023-05,2023-05-10,2023-01
u0129,2023-05-25,login,2023-05,2023-05-25,2023-01
u0129,2023-05-29,feature_use,2023-05,2023-05-29,2023-01
u0129,2023-06-02,login,2023-06,2023-06-02,2023-01
u0129,2023-06-18,login,2023-06,2023-06-18,2023-01
u0129,2023-06-18,export,2023-06,2023-06-18,2023-01
u0129,2023-06-21,feature_use,2023-06,2023-06-21,2023-01
u0129,2023-07-16,export,2023-07,2023-07-16,2023-01
u0129,2023-07-17,login,2023-07,2023-07-17,2023-01
u0129,2023-07-18,export,2023-07,2023-07-18,2023-01
u0129,2023-07-23,export,2023-07,2023-07-23,2023-01
u0129,2023-07-30,login,2023-07,2023-07-30,2023-01
u0129,2023-08-01,feature_use,2023-08,2023-08-01,2023-01
u0129,2023-08-05,support_ticket,2023-08,2023-08-05,2023-01
u0129,2023-08-05,login,2023-08,2023-08-05,2023-01
u0129,2023-08-09,feature_use,2023-08,2023-08-09,2023-01
u0129,2023-08-17,invite_sent,2023-08,2023-08-17,2023-01
u0129,2023-08-20,login,2023-08,2023-08-20,2023-01
u0130,2023-05-20,signup,2023-05,2023-05-20,2023-05
u0130,2023-05-21,churned,2023-05,2023-05-21,2023-05
u0130,2023-05-25,invite_sent,2023-05,2023-05-25,2023-05
u0130,2023-05-25,login,2023-05,2023-05-25,2023-05
u0130,2023-05-26,login,2023-05,2023-05-26,2023-05
u0130,2023-05-27,feature_use,2023-05,2023-05-27,2023-05
u0130,2023-05-30,feature_use,2023-05,2023-05-30,2023-05
u0130,2023-06-07,feature_use,2023-06,2023-06-07,2023-05
u0130,2023-06-07,login,2023-06,2023-06-07,2023-05
u0130,2023-06-09,export,2023-06,2023-06-09,2023-05
u0131,2023-01-26,signup,2023-01,2023-01-26,2023-01
u0131,2023-01-28,churned,2023-01,2023-01-28,2023-01
u0131,2023-01-28,support_ticket,2023-01,2023-01-28,2023-01
u0131,2023-01-30,upgrade,2023-01,2023-01-30,2023-01
u0131,2023-01-31,login,2023-01,2023-01-31,2023-01
u0131,2023-02-02,feature_use,2023-02,2023-02-02,2023-01
u0131,2023-02-03,feature_use,2023-02,2023-02-03,2023-01
u0131,2023-02-03,login,2023-02,2023-02-03,2023-01
u0132,2023-06-08,signup,2023-06,2023-06-08,2023-06
u0132,2023-06-16,login,2023-06,2023-06-16,2023-06
u0132,2023-06-24,login,2023-06,2023-06-24,2023-06
u0132,2023-06-27,support_ticket,2023-06,2023-06-27,2023-06
u0132,2023-06-28,support_ticket,2023-06,2023-06-28,2023-06
u0132,2023-07-03,export,2023-07,2023-07-03,2023-06
u0132,2023-07-05,feature_use,2023-07,2023-07-05,2023-06
u0132,2023-07-06,login,2023-07,2023-07-06,2023-06
u0132,2023-07-06,upgrade,2023-07,2023-07-06,2023-06
u0132,2023-07-07,login,2023-07,2023-07-07,2023-06
u0132,2023-07-08,feature_use,2023-07,2023-07-08,2023-06
u0132,2023-07-15,export,2023-07,2023-07-15,2023-06
u0132,2023-07-24,login,2023-07,2023-07-24,2023-06
u0132,2023-08-07,invite_sent,2023-08,2023-08-07,2023-06
u0132,2023-08-08,login,2023-08,2023-08-08,2023-06
u0132,2023-08-10,feature_use,2023-08,2023-08-10,2023-06
u0132,2023-08-14,invite_sent,2023-08,2023-08-14,2023-06
u0132,2023-08-20,support_ticket,2023-08,2023-08-20,2023-06
u0132,2023-08-31,feature_use,2023-08,2023-08-31,2023-06
u0132,2023-09-01,support_ticket,2023-09,2023-09-01,2023-06
u0132,2023-09-04,login,2023-09,2023-09-04,2023-06
u0132,2023-09-04,feature_use,2023-09,2023-09-04,2023-06
u0132,2023-09-14,login,2023-09,2023-09-14,2023-06
u0132,2023-09-17,login,2023-09,2023-09-17,2023-06
u0132,2023-09-20,login,2023-09,2023-09-20,2023-06
u0132,2023-09-22,login,2023-09,2023-09-22,2023-06
u0132,2023-09-27,support_ticket,2023-09,2023-09-27,2023-06
u0132,2023-09-28,feature_use,2023-09,2023-09-28,2023-06
u0132,2023-10-05,export,2023-10,2023-10-05,2023-06
u0132,2023-10-05,login,2023-10,2023-10-05,2023-06
u0132,2023-10-10,feature_use,2023-10,2023-10-10,2023-06
u0132,2023-10-23,feature_use,2023-10,2023-10-23,2023-06
u0132,2023-11-02,export,2023-11,2023-11-02,2023-06
u0132,2023-11-03,login,2023-11,2023-11-03,2023-06
u0133,2023-03-13,signup,2023-03,2023-03-13,2023-03
u0133,2023-03-16,feature_use,2023-03,2023-03-16,2023-03
u0133,2023-03-20,login,2023-03,2023-03-20,2023-03
u0133,2023-03-26,export,2023-03,2023-03-26,2023-03
u0133,2023-03-31,login,2023-03,2023-03-31,2023-03
u0133,2023-04-01,support_ticket,2023-04,2023-04-01,2023-03
u0133,2023-04-02,feature_use,2023-04,2023-04-02,2023-03
u0133,2023-04-02,churned,2023-04,2023-04-02,2023-03
u0133,2023-04-04,login,2023-04,2023-04-04,2023-03
u0133,2023-04-11,login,2023-04,2023-04-11,2023-03
u0133,2023-04-12,feature_use,2023-04,2023-04-12,2023-03
u0133,2023-04-12,login,2023-04,2023-04-12,2023-03
u0134,2023-05-31,signup,2023-05,2023-05-31,2023-05
u0134,2023-06-01,upgrade,2023-06,2023-06-01,2023-05
u0134,2023-06-16,feature_use,2023-06,2023-06-16,2023-05
u0134,2023-06-19,export,2023-06,2023-06-19,2023-05
u0134,2023-06-21,upgrade,2023-06,2023-06-21,2023-05
u0134,2023-06-23,login,2023-06,2023-06-23,2023-05
u0134,2023-07-08,feature_use,2023-07,2023-07-08,2023-05
u0135,2023-07-27,signup,2023-07,2023-07-27,2023-07
u0135,2023-08-06,feature_use,2023-08,2023-08-06,2023-07
u0135,2023-08-13,login,2023-08,2023-08-13,2023-07
u0135,2023-08-14,login,2023-08,2023-08-14,2023-07
u0135,2023-08-15,upgrade,2023-08,2023-08-15,2023-07
u0135,2023-08-16,login,2023-08,2023-08-16,2023-07
u0135,2023-09-12,export,2023-09,2023-09-12,2023-07
u0135,2023-09-24,export,2023-09,2023-09-24,2023-07
u0135,2023-09-26,login,2023-09,2023-09-26,2023-07
u0135,2023-09-28,feature_use,2023-09,2023-09-28,2023-07
u0135,2023-10-01,feature_use,2023-10,2023-10-01,2023-07
u0135,2023-10-07,feature_use,2023-10,2023-10-07,2023-07
u0135,2023-10-13,invite_sent,2023-10,2023-10-13,2023-07
u0135,2023-10-15,login,2023-10,2023-10-15,2023-07
u0135,2023-10-18,support_ticket,2023-10,2023-10-18,2023-07
u0136,2023-08-19,signup,2023-08,2023-08-19,2023-08
u0136,2023-08-22,churned,2023-08,2023-08-22,2023-08
u0136,2023-08-25,login,2023-08,2023-08-25,2023-08
u0136,2023-09-12,login,2023-09,2023-09-12,2023-08
u0136,2023-09-16,feature_use,2023-09,2023-09-16,2023-08
u0136,2023-09-19,churned,2023-09,2023-09-19,2023-08
u0136,2023-09-21,login,2023-09,2023-09-21,2023-08
u0136,2023-09-22,login,2023-09,2023-09-22,2023-08
u0136,2023-09-23,feature_use,2023-09,2023-09-23,2023-08
u0136,2023-09-25,feature_use,2023-09,2023-09-25,2023-08
u0136,2023-10-05,login,2023-10,2023-10-05,2023-08
u0136,2023-10-05,feature_use,2023-10,2023-10-05,2023-08
u0136,2023-10-08,login,2023-10,2023-10-08,2023-08
u0136,2023-10-13,churned,2023-10,2023-10-13,2023-08
u0137,2023-11-09,signup,2023-11,2023-11-09,2023-11
u0137,2023-11-10,feature_use,2023-11,2023-11-10,2023-11
u0137,2023-11-28,login,2023-11,2023-11-28,2023-11
u0137,2023-11-29,feature_use,2023-11,2023-11-29,2023-11
u0137,2023-12-01,feature_use,2023-12,2023-12-01,2023-11
u0137,2023-12-12,invite_sent,2023-12,2023-12-12,2023-11
u0137,2023-12-14,support_ticket,2023-12,2023-12-14,2023-11
u0138,2023-01-19,signup,2023-01,2023-01-19,2023-01
u0138,2023-03-18,feature_use,2023-03,2023-03-18,2023-01
u0138,2023-04-04,feature_use,2023-04,2023-04-04,2023-01
u0138,2023-04-08,export,2023-04,2023-04-08,2023-01
u0138,2023-04-16,feature_use,2023-04,2023-04-16,2023-01
u0138,2023-04-19,login,2023-04,2023-04-19,2023-01
u0138,2023-05-20,feature_use,2023-05,2023-05-20,2023-01
u0138,2023-05-21,feature_use,2023-05,2023-05-21,2023-01
u0138,2023-05-31,login,2023-05,2023-05-31,2023-01
u0138,2023-06-11,login,2023-06,2023-06-11,2023-01
u0138,2023-06-18,support_ticket,2023-06,2023-06-18,2023-01
u0138,2023-07-14,churned,2023-07,2023-07-14,2023-01
u0138,2023-08-19,support_ticket,2023-08,2023-08-19,2023-01
u0138,2023-09-05,feature_use,2023-09,2023-09-05,2023-01
u0138,2023-09-25,login,2023-09,2023-09-25,2023-01
u0138,2023-10-05,login,2023-10,2023-10-05,2023-01
u0138,2023-10-17,export,2023-10,2023-10-17,2023-01
u0138,2023-11-04,login,2023-11,2023-11-04,2023-01
u0138,2023-11-18,support_ticket,2023-11,2023-11-18,2023-01
u0138,2023-12-01,login,2023-12,2023-12-01,2023-01
u0138,2023-12-05,login,2023-12,2023-12-05,2023-01
u0138,2023-12-08,feature_use,2023-12,2023-12-08,2023-01
u0138,2023-12-12,login,2023-12,2023-12-12,2023-01
u0139,2023-10-23,signup,2023-10,2023-10-23,2023-10
u0139,2023-10-31,login,2023-10,2023-10-31,2023-10
u0139,2023-11-07,feature_use,2023-11,2023-11-07,2023-10
u0139,2023-11-12,feature_use,2023-11,2023-11-12,2023-10
u0139,2023-11-22,feature_use,2023-11,2023-11-22,2023-10
u0139,2023-12-04,login,2023-12,2023-12-04,2023-10
u0139,2023-12-11,invite_sent,2023-12,2023-12-11,2023-10
u0140,2023-07-19,signup,2023-07,2023-07-19,2023-07
u0140,2023-07-21,feature_use,2023-07,2023-07-21,2023-07
u0140,2023-07-24,login,2023-07,2023-07-24,2023-07
u0140,2023-07-25,login,2023-07,2023-07-25,2023-07
u0140,2023-07-27,feature_use,2023-07,2023-07-27,2023-07
u0140,2023-07-28,login,2023-07,2023-07-28,2023-07
u0140,2023-07-28,feature_use,2023-07,2023-07-28,2023-07
u0140,2023-07-29,feature_use,2023-07,2023-07-29,2023-07
u0140,2023-07-29,login,2023-07,2023-07-29,2023-07
u0140,2023-07-31,login,2023-07,2023-07-31,2023-07
u0140,2023-08-01,feature_use,2023-08,2023-08-01,2023-07
u0140,2023-08-04,upgrade,2023-08,2023-08-04,2023-07
u0140,2023-08-04,login,2023-08,2023-08-04,2023-07
u0140,2023-08-05,feature_use,2023-08,2023-08-05,2023-07
u0140,2023-08-12,login,2023-08,2023-08-12,2023-07
u0140,2023-08-12,invite_sent,2023-08,2023-08-12,2023-07
u0140,2023-08-13,feature_use,2023-08,2023-08-13,2023-07
u0140,2023-08-16,invite_sent,2023-08,2023-08-16,2023-07
u0140,2023-08-19,upgrade,2023-08,2023-08-19,2023-07
u0140,2023-08-21,feature_use,2023-08,2023-08-21,2023-07
u0140,2023-08-22,invite_sent,2023-08,2023-08-22,2023-07
u0140,2023-08-22,login,2023-08,2023-08-22,2023-07
u0140,2023-08-23,login,2023-08,2023-08-23,2023-07
u0140,2023-08-23,support_ticket,2023-08,2023-08-23,2023-07
u0140,2023-08-24,support_ticket,2023-08,2023-08-24,2023-07
u0140,2023-08-25,login,2023-08,2023-08-25,2023-07
u0140,2023-08-29,churned,2023-08,2023-08-29,2023-07
u0140,2023-08-30,login,2023-08,2023-08-30,2023-07
u0140,2023-08-31,churned,2023-08,2023-08-31,2023-07
u0140,2023-09-03,invite_sent,2023-09,2023-09-03,2023-07
u0140,2023-09-08,feature_use,2023-09,2023-09-08,2023-07
u0140,2023-09-13,login,2023-09,2023-09-13,2023-07
u0140,2023-09-13,feature_use,2023-09,2023-09-13,2023-07
u0140,2023-09-15,feature_use,2023-09,2023-09-15,2023-07
u0140,2023-09-15,login,2023-09,2023-09-15,2023-07
u0140,2023-09-17,feature_use,2023-09,2023-09-17,2023-07
u0141,2023-04-13,signup,2023-04,2023-04-13,2023-04
u0141,2023-04-14,invite_sent,2023-04,2023-04-14,2023-04
u0141,2023-04-14,feature_use,2023-04,2023-04-14,2023-04
u0141,2023-04-16,invite_sent,2023-04,2023-04-16,2023-04
u0141,2023-04-17,upgrade,2023-04,2023-04-17,2023-04
u0141,2023-04-22,feature_use,2023-04,2023-04-22,2023-04
u0141,2023-04-22,support_ticket,2023-04,2023-04-22,2023-04
u0141,2023-04-23,login,2023-04,2023-04-23,2023-04
u0141,2023-04-25,login,2023-04,2023-04-25,2023-04
u0141,2023-04-27,login,2023-04,2023-04-27,2023-04
u0141,2023-04-27,invite_sent,2023-04,2023-04-27,2023-04
u0141,2023-04-27,feature_use,2023-04,2023-04-27,2023-04
u0141,2023-05-01,login,2023-05,2023-05-01,2023-04
u0141,2023-05-03,feature_use,2023-05,2023-05-03,2023-04
u0141,2023-05-06,feature_use,2023-05,2023-05-06,2023-04
u0141,2023-05-14,feature_use,2023-05,2023-05-14,2023-04
u0141,2023-05-16,support_ticket,2023-05,2023-05-16,2023-04
u0141,2023-05-17,login,2023-05,2023-05-17,2023-04
u0141,2023-05-21,feature_use,2023-05,2023-05-21,2023-04
u0141,2023-05-22,feature_use,2023-05,2023-05-22,2023-04
u0141,2023-05-22,upgrade,2023-05,2023-05-22,2023-04
u0141,2023-05-26,invite_sent,2023-05,2023-05-26,2023-04
u0141,2023-05-27,login,2023-05,2023-05-27,2023-04
u0141,2023-05-29,login,2023-05,2023-05-29,2023-04
u0141,2023-05-29,feature_use,2023-05,2023-05-29,2023-04
u0141,2023-06-02,login,2023-06,2023-06-02,2023-04
u0141,2023-06-02,feature_use,2023-06,2023-06-02,2023-04
u0141,2023-06-04,export,2023-06,2023-06-04,2023-04
u0141,2023-06-08,login,2023-06,2023-06-08,2023-04
u0141,2023-06-09,upgrade,2023-06,2023-06-09,2023-04
u0141,2023-06-11,support_ticket,2023-06,2023-06-11,2023-04
u0141,2023-06-14,login,2023-06,2023-06-14,2023-04
u0141,2023-06-15,feature_use,2023-06,2023-06-15,2023-04
u0141,2023-06-21,invite_sent,2023-06,2023-06-21,2023-04
u0141,2023-06-26,login,2023-06,2023-06-26,2023-04
u0142,2023-11-26,signup,2023-11,2023-11-26,2023-11
u0142,2023-11-28,login,2023-11,2023-11-28,2023-11
u0142,2023-11-28,export,2023-11,2023-11-28,2023-11
u0142,2023-11-29,feature_use,2023-11,2023-11-29,2023-11
u0142,2023-11-29,upgrade,2023-11,2023-11-29,2023-11
u0142,2023-11-29,login,2023-11,2023-11-29,2023-11
u0142,2023-11-30,login,2023-11,2023-11-30,2023-11
u0142,2023-11-30,invite_sent,2023-11,2023-11-30,2023-11
u0142,2023-12-01,support_ticket,2023-12,2023-12-01,2023-11
u0142,2023-12-02,login,2023-12,2023-12-02,2023-11
u0142,2023-12-03,feature_use,2023-12,2023-12-03,2023-11
u0142,2023-12-03,login,2023-12,2023-12-03,2023-11
u0142,2023-12-04,login,2023-12,2023-12-04,2023-11
u0142,2023-12-05,login,2023-12,2023-12-05,2023-11
u0142,2023-12-06,support_ticket,2023-12,2023-12-06,2023-11
u0142,2023-12-07,export,2023-12,2023-12-07,2023-11
u0142,2023-12-08,login,2023-12,2023-12-08,2023-11
u0142,2023-12-09,feature_use,2023-12,2023-12-09,2023-11
u0142,2023-12-10,support_ticket,2023-12,2023-12-10,2023-11
u0142,2023-12-11,invite_sent,2023-12,2023-12-11,2023-11
u0142,2023-12-11,login,2023-12,2023-12-11,2023-11
u0142,2023-12-20,feature_use,2023-12,2023-12-20,2023-11
u0142,2023-12-21,support_ticket,2023-12,2023-12-21,2023-11
u0142,2023-12-22,login,2023-12,2023-12-22,2023-11
u0142,2023-12-23,login,2023-12,2023-12-23,2023-11
u0142,2023-12-25,login,2023-12,2023-12-25,2023-11
u0142,2023-12-27,invite_sent,2023-12,2023-12-27,2023-11
u0142,2023-12-28,feature_use,2023-12,2023-12-28,2023-11
u0142,2023-12-30,feature_use,2023-12,2023-12-30,2023-11
u0143,2023-04-02,signup,2023-04,2023-04-02,2023-04
u0143,2023-04-12,feature_use,2023-04,2023-04-12,2023-04
u0143,2023-04-14,login,2023-04,2023-04-14,2023-04
u0143,2023-04-25,feature_use,2023-04,2023-04-25,2023-04
u0143,2023-04-29,support_ticket,2023-04,2023-04-29,2023-04
u0143,2023-05-11,upgrade,2023-05,2023-05-11,2023-04
u0143,2023-05-13,feature_use,2023-05,2023-05-13,2023-04
u0143,2023-05-17,feature_use,2023-05,2023-05-17,2023-04
u0143,2023-05-22,login,2023-05,2023-05-22,2023-04
u0143,2023-05-24,feature_use,2023-05,2023-05-24,2023-04
u0143,2023-05-25,login,2023-05,2023-05-25,2023-04
u0143,2023-05-26,login,2023-05,2023-05-26,2023-04
u0143,2023-05-31,support_ticket,2023-05,2023-05-31,2023-04
u0143,2023-06-02,login,2023-06,2023-06-02,2023-04
u0143,2023-06-02,upgrade,2023-06,2023-06-02,2023-04
u0143,2023-06-02,support_ticket,2023-06,2023-06-02,2023-04
u0143,2023-06-11,feature_use,2023-06,2023-06-11,2023-04
u0143,2023-06-14,feature_use,2023-06,2023-06-14,2023-04
u0143,2023-06-25,login,2023-06,2023-06-25,2023-04
u0143,2023-07-05,login,2023-07,2023-07-05,2023-04
u0143,2023-07-17,login,2023-07,2023-07-17,2023-04
u0143,2023-07-19,login,2023-07,2023-07-19,2023-04
u0143,2023-07-23,login,2023-07,2023-07-23,2023-04
u0143,2023-08-02,upgrade,2023-08,2023-08-02,2023-04
u0143,2023-08-02,feature_use,2023-08,2023-08-02,2023-04
u0143,2023-08-10,login,2023-08,2023-08-10,2023-04
u0143,2023-08-12,login,2023-08,2023-08-12,2023-04
u0143,2023-08-16,churned,2023-08,2023-08-16,2023-04
u0143,2023-08-18,login,2023-08,2023-08-18,2023-04
u0143,2023-09-01,feature_use,2023-09,2023-09-01,2023-04
u0143,2023-09-07,support_ticket,2023-09,2023-09-07,2023-04
u0143,2023-09-08,login,2023-09,2023-09-08,2023-04
u0143,2023-09-23,invite_sent,2023-09,2023-09-23,2023-04
u0143,2023-10-03,feature_use,2023-10,2023-10-03,2023-04
u0143,2023-10-14,churned,2023-10,2023-10-14,2023-04
u0143,2023-10-14,feature_use,2023-10,2023-10-14,2023-04
u0143,2023-10-17,feature_use,2023-10,2023-10-17,2023-04
u0143,2023-10-20,login,2023-10,2023-10-20,2023-04
u0143,2023-10-21,login,2023-10,2023-10-21,2023-04
u0143,2023-10-26,support_ticket,2023-10,2023-10-26,2023-04
u0144,2023-04-23,signup,2023-04,2023-04-23,2023-04
u0144,2023-04-24,upgrade,2023-04,2023-04-24,2023-04
u0144,2023-04-26,churned,2023-04,2023-04-26,2023-04
u0144,2023-04-27,export,2023-04,2023-04-27,2023-04
u0144,2023-04-29,feature_use,2023-04,2023-04-29,2023-04
u0144,2023-04-30,feature_use,2023-04,2023-04-30,2023-04
u0144,2023-05-02,login,2023-05,2023-05-02,2023-04
u0144,2023-05-03,login,2023-05,2023-05-03,2023-04
u0144,2023-05-04,support_ticket,2023-05,2023-05-04,2023-04
u0144,2023-05-04,feature_use,2023-05,2023-05-04,2023-04
u0144,2023-05-07,feature_use,2023-05,2023-05-07,2023-04
u0144,2023-05-08,export,2023-05,2023-05-08,2023-04
u0144,2023-05-09,login,2023-05,2023-05-09,2023-04
u0144,2023-05-11,login,2023-05,2023-05-11,2023-04
u0144,2023-05-18,feature_use,2023-05,2023-05-18,2023-04
u0144,2023-05-20,churned,2023-05,2023-05-20,2023-04
u0144,2023-05-20,invite_sent,2023-05,2023-05-20,2023-04
u0144,2023-05-21,upgrade,2023-05,2023-05-21,2023-04
u0144,2023-05-21,feature_use,2023-05,2023-05-21,2023-04
u0144,2023-05-23,upgrade,2023-05,2023-05-23,2023-04
u0144,2023-05-23,feature_use,2023-05,2023-05-23,2023-04
u0144,2023-05-23,login,2023-05,2023-05-23,2023-04
u0144,2023-05-26,login,2023-05,2023-05-26,2023-04
u0144,2023-05-27,feature_use,2023-05,2023-05-27,2023-04
u0144,2023-05-29,export,2023-05,2023-05-29,2023-04
u0144,2023-05-30,login,2023-05,2023-05-30,2023-04
u0144,2023-05-30,invite_sent,2023-05,2023-05-30,2023-04
u0144,2023-05-31,invite_sent,2023-05,2023-05-31,2023-04
u0144,2023-06-01,login,2023-06,2023-06-01,2023-04
u0144,2023-06-02,feature_use,2023-06,2023-06-02,2023-04
u0144,2023-06-03,login,2023-06,2023-06-03,2023-04
u0144,2023-06-03,invite_sent,2023-06,2023-06-03,2023-04
u0145,2023-03-09,signup,2023-03,2023-03-09,2023-03
u0145,2023-03-14,feature_use,2023-03,2023-03-14,2023-03
u0145,2023-04-14,export,2023-04,2023-04-14,2023-03
u0145,2023-05-27,login,2023-05,2023-05-27,2023-03
u0145,2023-06-12,feature_use,2023-06,2023-06-12,2023-03
u0145,2023-06-21,login,2023-06,2023-06-21,2023-03
u0145,2023-07-04,feature_use,2023-07,2023-07-04,2023-03
u0145,2023-07-05,export,2023-07,2023-07-05,2023-03
u0145,2023-08-06,login,2023-08,2023-08-06,2023-03
u0146,2023-11-21,signup,2023-11,2023-11-21,2023-11
u0146,2023-11-27,feature_use,2023-11,2023-11-27,2023-11
u0146,2023-12-05,support_ticket,2023-12,2023-12-05,2023-11
u0146,2023-12-09,upgrade,2023-12,2023-12-09,2023-11
u0146,2023-12-10,feature_use,2023-12,2023-12-10,2023-11
u0146,2023-12-13,feature_use,2023-12,2023-12-13,2023-11
u0146,2023-12-16,export,2023-12,2023-12-16,2023-11
u0146,2023-12-31,feature_use,2023-12,2023-12-31,2023-11
u0147,2023-06-21,signup,2023-06,2023-06-21,2023-06
u0147,2023-06-23,login,2023-06,2023-06-23,2023-06
u0147,2023-06-24,login,2023-06,2023-06-24,2023-06
u0147,2023-06-25,login,2023-06,2023-06-25,2023-06
u0147,2023-06-26,feature_use,2023-06,2023-06-26,2023-06
u0147,2023-06-26,login,2023-06,2023-06-26,2023-06
u0147,2023-06-29,feature_use,2023-06,2023-06-29,2023-06
u0147,2023-07-01,feature_use,2023-07,2023-07-01,2023-06
u0147,2023-07-03,feature_use,2023-07,2023-07-03,2023-06
u0147,2023-07-05,login,2023-07,2023-07-05,2023-06
u0147,2023-07-05,support_ticket,2023-07,2023-07-05,2023-06
u0147,2023-07-05,feature_use,2023-07,2023-07-05,2023-06
u0147,2023-07-06,login,2023-07,2023-07-06,2023-06
u0147,2023-07-09,feature_use,2023-07,2023-07-09,2023-06
u0147,2023-07-09,login,2023-07,2023-07-09,2023-06
u0147,2023-07-10,feature_use,2023-07,2023-07-10,2023-06
u0147,2023-07-10,churned,2023-07,2023-07-10,2023-06
u0147,2023-07-13,login,2023-07,2023-07-13,2023-06
u0147,2023-07-15,feature_use,2023-07,2023-07-15,2023-06
u0147,2023-07-15,support_ticket,2023-07,2023-07-15,2023-06
u0147,2023-07-17,invite_sent,2023-07,2023-07-17,2023-06
u0147,2023-07-18,churned,2023-07,2023-07-18,2023-06
u0147,2023-07-19,login,2023-07,2023-07-19,2023-06
u0147,2023-07-20,feature_use,2023-07,2023-07-20,2023-06
u0147,2023-07-20,support_ticket,2023-07,2023-07-20,2023-06
u0147,2023-07-21,login,2023-07,2023-07-21,2023-06
u0147,2023-07-22,upgrade,2023-07,2023-07-22,2023-06
u0147,2023-07-22,login,2023-07,2023-07-22,2023-06
u0147,2023-07-25,export,2023-07,2023-07-25,2023-06
u0147,2023-07-26,invite_sent,2023-07,2023-07-26,2023-06
u0147,2023-07-29,export,2023-07,2023-07-29,2023-06
u0147,2023-08-01,login,2023-08,2023-08-01,2023-06
u0147,2023-08-04,login,2023-08,2023-08-04,2023-06
u0147,2023-08-04,export,2023-08,2023-08-04,2023-06
u0148,2023-02-02,signup,2023-02,2023-02-02,2023-02
u0148,2023-02-06,login,2023-02,2023-02-06,2023-02
u0148,2023-02-13,feature_use,2023-02,2023-02-13,2023-02
u0148,2023-02-13,upgrade,2023-02,2023-02-13,2023-02
u0148,2023-02-21,support_ticket,2023-02,2023-02-21,2023-02
u0148,2023-02-21,feature_use,2023-02,2023-02-21,2023-02
u0148,2023-02-21,login,2023-02,2023-02-21,2023-02
u0148,2023-02-22,feature_use,2023-02,2023-02-22,2023-02
u0148,2023-03-05,feature_use,2023-03,2023-03-05,2023-02
u0148,2023-03-06,feature_use,2023-03,2023-03-06,2023-02
u0148,2023-03-10,feature_use,2023-03,2023-03-10,2023-02
u0148,2023-03-12,login,2023-03,2023-03-12,2023-02
u0148,2023-03-16,login,2023-03,2023-03-16,2023-02
u0148,2023-03-16,support_ticket,2023-03,2023-03-16,2023-02
u0148,2023-03-19,feature_use,2023-03,2023-03-19,2023-02
u0148,2023-03-25,login,2023-03,2023-03-25,2023-02
u0148,2023-03-28,invite_sent,2023-03,2023-03-28,2023-02
u0149,2023-03-31,signup,2023-03,2023-03-31,2023-03
u0149,2023-04-09,feature_use,2023-04,2023-04-09,2023-03
u0149,2023-04-11,churned,2023-04,2023-04-11,2023-03
u0149,2023-05-02,invite_sent,2023-05,2023-05-02,2023-03
u0149,2023-05-12,login,2023-05,2023-05-12,2023-03
u0149,2023-05-12,feature_use,2023-05,2023-05-12,2023-03
u0149,2023-05-23,feature_use,2023-05,2023-05-23,2023-03
u0149,2023-06-06,feature_use,2023-06,2023-06-06,2023-03
u0149,2023-06-28,login,2023-06,2023-06-28,2023-03
u0149,2023-07-13,invite_sent,2023-07,2023-07-13,2023-03
u0149,2023-07-24,feature_use,2023-07,2023-07-24,2023-03
u0149,2023-08-26,login,2023-08,2023-08-26,2023-03
u0149,2023-10-14,login,2023-10,2023-10-14,2023-03
u0150,2023-08-23,signup,2023-08,2023-08-23,2023-08
u0150,2023-09-25,login,2023-09,2023-09-25,2023-08
u0150,2023-10-08,login,2023-10,2023-10-08,2023-08
u0150,2023-10-10,feature_use,2023-10,2023-10-10,2023-08
u0151,2023-05-29,signup,2023-05,2023-05-29,2023-05
u0151,2023-06-05,feature_use,2023-06,2023-06-05,2023-05
u0151,2023-06-09,login,2023-06,2023-06-09,2023-05
u0151,2023-06-20,feature_use,2023-06,2023-06-20,2023-05
u0151,2023-06-22,login,2023-06,2023-06-22,2023-05
u0151,2023-06-27,upgrade,2023-06,2023-06-27,2023-05
u0151,2023-07-25,feature_use,2023-07,2023-07-25,2023-05
u0151,2023-08-09,login,2023-08,2023-08-09,2023-05
u0151,2023-09-20,login,2023-09,2023-09-20,2023-05
u0151,2023-10-18,login,2023-10,2023-10-18,2023-05
u0151,2023-10-21,upgrade,2023-10,2023-10-21,2023-05
u0151,2023-10-26,feature_use,2023-10,2023-10-26,2023-05
u0151,2023-11-01,feature_use,2023-11,2023-11-01,2023-05
u0152,2023-08-17,signup,2023-08,2023-08-17,2023-08
u0152,2023-08-18,login,2023-08,2023-08-18,2023-08
u0152,2023-08-22,invite_sent,2023-08,2023-08-22,2023-08
u0152,2023-08-23,login,2023-08,2023-08-23,2023-08
u0152,2023-08-26,login,2023-08,2023-08-26,2023-08
u0152,2023-08-27,login,2023-08,2023-08-27,2023-08
u0152,2023-09-05,login,2023-09,2023-09-05,2023-08
u0152,2023-09-05,feature_use,2023-09,2023-09-05,2023-08
u0152,2023-09-06,export,2023-09,2023-09-06,2023-08
u0152,2023-09-06,feature_use,2023-09,2023-09-06,2023-08
u0152,2023-09-06,invite_sent,2023-09,2023-09-06,2023-08
u0152,2023-09-07,feature_use,2023-09,2023-09-07,2023-08
u0152,2023-09-09,login,2023-09,2023-09-09,2023-08
u0152,2023-09-10,feature_use,2023-09,2023-09-10,2023-08
u0152,2023-09-10,login,2023-09,2023-09-10,2023-08
u0152,2023-09-11,login,2023-09,2023-09-11,2023-08
u0152,2023-09-12,login,2023-09,2023-09-12,2023-08
u0152,2023-09-13,support_ticket,2023-09,2023-09-13,2023-08
u0152,2023-09-13,login,2023-09,2023-09-13,2023-08
u0152,2023-09-14,feature_use,2023-09,2023-09-14,2023-08
u0152,2023-09-14,upgrade,2023-09,2023-09-14,2023-08
u0152,2023-09-15,export,2023-09,2023-09-15,2023-08
u0152,2023-09-15,support_ticket,2023-09,2023-09-15,2023-08
u0152,2023-09-16,upgrade,2023-09,2023-09-16,2023-08
u0152,2023-09-16,login,2023-09,2023-09-16,2023-08
u0152,2023-09-17,churned,2023-09,2023-09-17,2023-08
u0152,2023-09-18,login,2023-09,2023-09-18,2023-08
u0152,2023-09-18,invite_sent,2023-09,2023-09-18,2023-08
u0152,2023-09-19,invite_sent,2023-09,2023-09-19,2023-08
u0152,2023-09-20,churned,2023-09,2023-09-20,2023-08
u0152,2023-09-24,feature_use,2023-09,2023-09-24,2023-08
u0152,2023-09-24,support_ticket,2023-09,2023-09-24,2023-08
u0152,2023-09-27,invite_sent,2023-09,2023-09-27,2023-08
u0152,2023-09-27,feature_use,2023-09,2023-09-27,2023-08
u0153,2023-11-27,signup,2023-11,2023-11-27,2023-11
u0153,2023-11-28,login,2023-11,2023-11-28,2023-11
u0153,2023-11-29,feature_use,2023-11,2023-11-29,2023-11
u0153,2023-11-30,login,2023-11,2023-11-30,2023-11
u0153,2023-11-30,feature_use,2023-11,2023-11-30,2023-11
u0153,2023-12-02,feature_use,2023-12,2023-12-02,2023-11
u0153,2023-12-02,login,2023-12,2023-12-02,2023-11
u0153,2023-12-03,feature_use,2023-12,2023-12-03,2023-11
u0153,2023-12-03,login,2023-12,2023-12-03,2023-11
u0153,2023-12-04,feature_use,2023-12,2023-12-04,2023-11
u0153,2023-12-05,churned,2023-12,2023-12-05,2023-11
u0153,2023-12-05,export,2023-12,2023-12-05,2023-11
u0153,2023-12-07,feature_use,2023-12,2023-12-07,2023-11
u0153,2023-12-08,login,2023-12,2023-12-08,2023-11
u0153,2023-12-09,feature_use,2023-12,2023-12-09,2023-11
u0154,2023-06-11,signup,2023-06,2023-06-11,2023-06
u0154,2023-06-21,login,2023-06,2023-06-21,2023-06
u0154,2023-06-26,feature_use,2023-06,2023-06-26,2023-06
u0154,2023-06-28,invite_sent,2023-06,2023-06-28,2023-06
u0154,2023-06-30,login,2023-06,2023-06-30,2023-06
u0154,2023-07-01,feature_use,2023-07,2023-07-01,2023-06
u0154,2023-07-02,login,2023-07,2023-07-02,2023-06
u0154,2023-07-25,invite_sent,2023-07,2023-07-25,2023-06
u0154,2023-07-28,login,2023-07,2023-07-28,2023-06
u0154,2023-08-12,login,2023-08,2023-08-12,2023-06
u0154,2023-08-17,login,2023-08,2023-08-17,2023-06
u0154,2023-08-19,upgrade,2023-08,2023-08-19,2023-06
u0154,2023-08-22,feature_use,2023-08,2023-08-22,2023-06
u0154,2023-08-25,login,2023-08,2023-08-25,2023-06
u0154,2023-09-07,upgrade,2023-09,2023-09-07,2023-06
u0154,2023-09-08,login,2023-09,2023-09-08,2023-06
u0154,2023-09-09,support_ticket,2023-09,2023-09-09,2023-06
u0154,2023-09-19,feature_use,2023-09,2023-09-19,2023-06
u0154,2023-09-24,feature_use,2023-09,2023-09-24,2023-06
u0154,2023-09-26,login,2023-09,2023-09-26,2023-06
u0154,2023-09-26,invite_sent,2023-09,2023-09-26,2023-06
u0155,2023-11-02,signup,2023-11,2023-11-02,2023-11
u0155,2023-11-05,login,2023-11,2023-11-05,2023-11
u0155,2023-11-05,support_ticket,2023-11,2023-11-05,2023-11
u0155,2023-11-10,login,2023-11,2023-11-10,2023-11
u0155,2023-11-11,churned,2023-11,2023-11-11,2023-11
u0155,2023-11-12,upgrade,2023-11,2023-11-12,2023-11
u0155,2023-11-19,login,2023-11,2023-11-19,2023-11
u0155,2023-11-22,login,2023-11,2023-11-22,2023-11
u0155,2023-11-22,feature_use,2023-11,2023-11-22,2023-11
u0155,2023-11-30,upgrade,2023-11,2023-11-30,2023-11
u0155,2023-12-03,support_ticket,2023-12,2023-12-03,2023-11
u0155,2023-12-03,login,2023-12,2023-12-03,2023-11
u0155,2023-12-05,feature_use,2023-12,2023-12-05,2023-11
u0156,2023-02-19,signup,2023-02,2023-02-19,2023-02
u0156,2023-02-21,churned,2023-02,2023-02-21,2023-02
u0156,2023-02-23,feature_use,2023-02,2023-02-23,2023-02
u0156,2023-03-02,login,2023-03,2023-03-02,2023-02
u0156,2023-03-09,login,2023-03,2023-03-09,2023-02
u0156,2023-03-09,invite_sent,2023-03,2023-03-09,2023-02
u0156,2023-03-13,login,2023-03,2023-03-13,2023-02
u0156,2023-03-17,invite_sent,2023-03,2023-03-17,2023-02
u0156,2023-03-18,support_ticket,2023-03,2023-03-18,2023-02
u0156,2023-03-19,login,2023-03,2023-03-19,2023-02
u0156,2023-03-20,feature_use,2023-03,2023-03-20,2023-02
u0156,2023-03-29,export,2023-03,2023-03-29,2023-02
u0156,2023-04-04,invite_sent,2023-04,2023-04-04,2023-02
u0156,2023-04-04,login,2023-04,2023-04-04,2023-02
u0156,2023-04-08,feature_use,2023-04,2023-04-08,2023-02
u0156,2023-04-10,churned,2023-04,2023-04-10,2023-02
u0156,2023-04-12,login,2023-04,2023-04-12,2023-02
u0156,2023-04-19,feature_use,2023-04,2023-04-19,2023-02
u0156,2023-04-22,feature_use,2023-04,2023-04-22,2023-02
u0156,2023-05-02,invite_sent,2023-05,2023-05-02,2023-02
u0156,2023-05-03,feature_use,2023-05,2023-05-03,2023-02
u0156,2023-05-04,feature_use,2023-05,2023-05-04,2023-02
u0156,2023-05-10,upgrade,2023-05,2023-05-10,2023-02
u0156,2023-05-11,login,2023-05,2023-05-11,2023-02
u0156,2023-05-20,login,2023-05,2023-05-20,2023-02
u0156,2023-05-21,churned,2023-05,2023-05-21,2023-02
u0156,2023-05-25,login,2023-05,2023-05-25,2023-02
u0156,2023-06-01,feature_use,2023-06,2023-06-01,2023-02
u0156,2023-06-04,login,2023-06,2023-06-04,2023-02
u0156,2023-06-08,login,2023-06,2023-06-08,2023-02
u0156,2023-06-09,login,2023-06,2023-06-09,2023-02
u0156,2023-06-13,login,2023-06,2023-06-13,2023-02
u0156,2023-06-21,login,2023-06,2023-06-21,2023-02
u0156,2023-06-21,invite_sent,2023-06,2023-06-21,2023-02
u0156,2023-06-25,feature_use,2023-06,2023-06-25,2023-02
u0156,2023-06-26,support_ticket,2023-06,2023-06-26,2023-02
u0156,2023-06-26,login,2023-06,2023-06-26,2023-02
u0156,2023-06-28,support_ticket,2023-06,2023-06-28,2023-02
u0156,2023-06-29,export,2023-06,2023-06-29,2023-02
u0157,2023-04-12,signup,2023-04,2023-04-12,2023-04
u0157,2023-04-20,login,2023-04,2023-04-20,2023-04
u0157,2023-04-21,churned,2023-04,2023-04-21,2023-04
u0157,2023-04-26,export,2023-04,2023-04-26,2023-04
u0157,2023-05-07,support_ticket,2023-05,2023-05-07,2023-04
u0157,2023-05-10,login,2023-05,2023-05-10,2023-04
u0157,2023-05-13,feature_use,2023-05,2023-05-13,2023-04
u0157,2023-05-14,login,2023-05,2023-05-14,2023-04
u0157,2023-05-20,support_ticket,2023-05,2023-05-20,2023-04
u0157,2023-05-28,feature_use,2023-05,2023-05-28,2023-04
u0157,2023-06-03,login,2023-06,2023-06-03,2023-04
u0157,2023-06-18,feature_use,2023-06,2023-06-18,2023-04
u0157,2023-06-23,support_ticket,2023-06,2023-06-23,2023-04
u0157,2023-06-29,feature_use,2023-06,2023-06-29,2023-04
u0157,2023-07-02,export,2023-07,2023-07-02,2023-04
u0157,2023-07-13,feature_use,2023-07,2023-07-13,2023-04
u0157,2023-07-30,upgrade,2023-07,2023-07-30,2023-04
u0157,2023-08-15,feature_use,2023-08,2023-08-15,2023-04
u0157,2023-08-16,feature_use,2023-08,2023-08-16,2023-04
u0157,2023-08-17,support_ticket,2023-08,2023-08-17,2023-04
u0157,2023-08-18,feature_use,2023-08,2023-08-18,2023-04
u0157,2023-08-29,feature_use,2023-08,2023-08-29,2023-04
u0157,2023-09-08,feature_use,2023-09,2023-09-08,2023-04
u0157,2023-09-14,invite_sent,2023-09,2023-09-14,2023-04
u0157,2023-09-20,invite_sent,2023-09,2023-09-20,2023-04
u0157,2023-09-24,invite_sent,2023-09,2023-09-24,2023-04
u0157,2023-09-29,support_ticket,2023-09,2023-09-29,2023-04
u0157,2023-10-03,login,2023-10,2023-10-03,2023-04
u0158,2023-08-15,signup,2023-08,2023-08-15,2023-08
u0158,2023-08-17,feature_use,2023-08,2023-08-17,2023-08
u0158,2023-08-23,feature_use,2023-08,2023-08-23,2023-08
u0158,2023-08-24,login,2023-08,2023-08-24,2023-08
u0158,2023-08-24,export,2023-08,2023-08-24,2023-08
u0158,2023-08-26,feature_use,2023-08,2023-08-26,2023-08
u0158,2023-09-03,login,2023-09,2023-09-03,2023-08
u0158,2023-09-04,export,2023-09,2023-09-04,2023-08
u0158,2023-09-07,support_ticket,2023-09,2023-09-07,2023-08
u0158,2023-09-09,feature_use,2023-09,2023-09-09,2023-08
u0158,2023-09-10,login,2023-09,2023-09-10,2023-08
u0158,2023-09-15,feature_use,2023-09,2023-09-15,2023-08
u0158,2023-09-16,feature_use,2023-09,2023-09-16,2023-08
u0159,2023-06-28,signup,2023-06,2023-06-28,2023-06
u0159,2023-07-13,feature_use,2023-07,2023-07-13,2023-06
u0159,2023-07-23,feature_use,2023-07,2023-07-23,2023-06
u0159,2023-09-28,feature_use,2023-09,2023-09-28,2023-06
u0159,2023-12-06,login,2023-12,2023-12-06,2023-06
u0160,2023-05-07,signup,2023-05,2023-05-07,2023-05
u0160,2023-05-08,feature_use,2023-05,2023-05-08,2023-05
u0160,2023-05-08,churned,2023-05,2023-05-08,2023-05
u0160,2023-05-09,feature_use,2023-05,2023-05-09,2023-05
u0160,2023-05-10,invite_sent,2023-05,2023-05-10,2023-05
u0160,2023-05-10,export,2023-05,2023-05-10,2023-05
u0160,2023-05-10,upgrade,2023-05,2023-05-10,2023-05
u0160,2023-05-11,login,2023-05,2023-05-11,2023-05
u0160,2023-05-15,feature_use,2023-05,2023-05-15,2023-05
u0160,2023-05-16,login,2023-05,2023-05-16,2023-05
u0160,2023-05-18,feature_use,2023-05,2023-05-18,2023-05
u0160,2023-05-18,login,2023-05,2023-05-18,2023-05
u0160,2023-05-19,support_ticket,2023-05,2023-05-19,2023-05
u0160,2023-05-20,feature_use,2023-05,2023-05-20,2023-05
u0160,2023-05-20,login,2023-05,2023-05-20,2023-05
u0160,2023-05-21,feature_use,2023-05,2023-05-21,2023-05
u0160,2023-05-21,login,2023-05,2023-05-21,2023-05
u0160,2023-05-23,login,2023-05,2023-05-23,2023-05
u0160,2023-05-23,feature_use,2023-05,2023-05-23,2023-05
u0160,2023-05-24,support_ticket,2023-05,2023-05-24,2023-05
u0160,2023-05-24,feature_use,2023-05,2023-05-24,2023-05
u0160,2023-05-24,export,2023-05,2023-05-24,2023-05
u0160,2023-05-25,login,2023-05,2023-05-25,2023-05
u0160,2023-05-26,feature_use,2023-05,2023-05-26,2023-05
u0160,2023-05-26,login,2023-05,2023-05-26,2023-05
u0160,2023-05-26,support_ticket,2023-05,2023-05-26,2023-05
u0160,2023-05-27,login,2023-05,2023-05-27,2023-05
u0160,2023-05-28,export,2023-05,2023-05-28,2023-05
u0160,2023-05-29,login,2023-05,2023-05-29,2023-05
u0160,2023-05-29,churned,2023-05,2023-05-29,2023-05
u0160,2023-05-30,feature_use,2023-05,2023-05-30,2023-05
u0161,2023-08-28,signup,2023-08,2023-08-28,2023-08
u0161,2023-08-30,login,2023-08,2023-08-30,2023-08
u0161,2023-08-31,login,2023-08,2023-08-31,2023-08
u0161,2023-08-31,churned,2023-08,2023-08-31,2023-08
u0161,2023-09-01,export,2023-09,2023-09-01,2023-08
u0161,2023-09-02,feature_use,2023-09,2023-09-02,2023-08
u0161,2023-09-03,login,2023-09,2023-09-03,2023-08
u0161,2023-09-03,feature_use,2023-09,2023-09-03,2023-08
u0161,2023-09-05,login,2023-09,2023-09-05,2023-08
u0161,2023-09-05,feature_use,2023-09,2023-09-05,2023-08
u0161,2023-09-05,support_ticket,2023-09,2023-09-05,2023-08
u0161,2023-09-06,login,2023-09,2023-09-06,2023-08
u0161,2023-09-07,login,2023-09,2023-09-07,2023-08
u0161,2023-09-09,feature_use,2023-09,2023-09-09,2023-08
u0161,2023-09-10,login,2023-09,2023-09-10,2023-08
u0161,2023-09-13,feature_use,2023-09,2023-09-13,2023-08
u0161,2023-09-14,upgrade,2023-09,2023-09-14,2023-08
u0161,2023-09-14,support_ticket,2023-09,2023-09-14,2023-08
u0161,2023-09-15,login,2023-09,2023-09-15,2023-08
u0161,2023-09-15,feature_use,2023-09,2023-09-15,2023-08
u0161,2023-09-16,feature_use,2023-09,2023-09-16,2023-08
u0161,2023-09-17,feature_use,2023-09,2023-09-17,2023-08
u0161,2023-09-17,export,2023-09,2023-09-17,2023-08
u0161,2023-09-24,login,2023-09,2023-09-24,2023-08
u0161,2023-09-24,invite_sent,2023-09,2023-09-24,2023-08
u0161,2023-09-25,invite_sent,2023-09,2023-09-25,2023-08
u0161,2023-09-25,feature_use,2023-09,2023-09-25,2023-08
u0161,2023-09-29,support_ticket,2023-09,2023-09-29,2023-08
u0161,2023-10-01,login,2023-10,2023-10-01,2023-08
u0161,2023-10-03,churned,2023-10,2023-10-03,2023-08
u0161,2023-10-04,upgrade,2023-10,2023-10-04,2023-08
u0161,2023-10-05,invite_sent,2023-10,2023-10-05,2023-08
u0161,2023-10-07,export,2023-10,2023-10-07,2023-08
u0161,2023-10-08,login,2023-10,2023-10-08,2023-08
u0161,2023-10-10,feature_use,2023-10,2023-10-10,2023-08
u0161,2023-10-11,support_ticket,2023-10,2023-10-11,2023-08
u0162,2023-06-10,signup,2023-06,2023-06-10,2023-06
u0162,2023-06-16,feature_use,2023-06,2023-06-16,2023-06
u0162,2023-06-24,upgrade,2023-06,2023-06-24,2023-06
u0162,2023-06-25,feature_use,2023-06,2023-06-25,2023-06
u0162,2023-07-09,login,2023-07,2023-07-09,2023-06
u0162,2023-07-18,login,2023-07,2023-07-18,2023-06
u0162,2023-07-22,invite_sent,2023-07,2023-07-22,2023-06
u0162,2023-07-25,login,2023-07,2023-07-25,2023-06
u0162,2023-08-05,login,2023-08,2023-08-05,2023-06
u0162,2023-08-10,invite_sent,2023-08,2023-08-10,2023-06
u0162,2023-08-10,export,2023-08,2023-08-10,2023-06
u0162,2023-08-10,login,2023-08,2023-08-10,2023-06
u0162,2023-08-13,churned,2023-08,2023-08-13,2023-06
u0162,2023-08-15,export,2023-08,2023-08-15,2023-06
u0162,2023-08-15,login,2023-08,2023-08-15,2023-06
u0162,2023-08-20,feature_use,2023-08,2023-08-20,2023-06
u0162,2023-09-11,invite_sent,2023-09,2023-09-11,2023-06
u0162,2023-09-13,export,2023-09,2023-09-13,2023-06
u0162,2023-09-14,upgrade,2023-09,2023-09-14,2023-06
u0162,2023-09-18,login,2023-09,2023-09-18,2023-06
u0162,2023-09-19,invite_sent,2023-09,2023-09-19,2023-06
u0162,2023-09-27,feature_use,2023-09,2023-09-27,2023-06
u0162,2023-10-30,feature_use,2023-10,2023-10-30,2023-06
u0162,2023-11-13,login,2023-11,2023-11-13,2023-06
u0162,2023-11-21,churned,2023-11,2023-11-21,2023-06
u0162,2023-11-27,support_ticket,2023-11,2023-11-27,2023-06
u0162,2023-11-29,login,2023-11,2023-11-29,2023-06
u0162,2023-12-03,login,2023-12,2023-12-03,2023-06
u0163,2023-11-20,signup,2023-11,2023-11-20,2023-11
u0163,2023-11-22,invite_sent,2023-11,2023-11-22,2023-11
u0163,2023-11-23,login,2023-11,2023-11-23,2023-11
u0163,2023-11-24,feature_use,2023-11,2023-11-24,2023-11
u0163,2023-11-26,export,2023-11,2023-11-26,2023-11
u0163,2023-11-26,churned,2023-11,2023-11-26,2023-11
u0163,2023-11-27,export,2023-11,2023-11-27,2023-11
u0163,2023-11-28,login,2023-11,2023-11-28,2023-11
u0163,2023-11-29,login,2023-11,2023-11-29,2023-11
u0163,2023-11-29,export,2023-11,2023-11-29,2023-11
u0163,2023-12-02,feature_use,2023-12,2023-12-02,2023-11
u0163,2023-12-03,feature_use,2023-12,2023-12-03,2023-11
u0163,2023-12-07,feature_use,2023-12,2023-12-07,2023-11
u0163,2023-12-09,login,2023-12,2023-12-09,2023-11
u0163,2023-12-11,feature_use,2023-12,2023-12-11,2023-11
u0163,2023-12-12,upgrade,2023-12,2023-12-12,2023-11
u0163,2023-12-13,feature_use,2023-12,2023-12-13,2023-11
u0163,2023-12-16,export,2023-12,2023-12-16,2023-11
u0163,2023-12-17,invite_sent,2023-12,2023-12-17,2023-11
u0163,2023-12-17,support_ticket,2023-12,2023-12-17,2023-11
u0163,2023-12-17,login,2023-12,2023-12-17,2023-11
u0163,2023-12-20,upgrade,2023-12,2023-12-20,2023-11
u0163,2023-12-22,feature_use,2023-12,2023-12-22,2023-11
u0163,2023-12-24,upgrade,2023-12,2023-12-24,2023-11
u0163,2023-12-26,support_ticket,2023-12,2023-12-26,2023-11
u0163,2023-12-27,login,2023-12,2023-12-27,2023-11
u0163,2023-12-28,export,2023-12,2023-12-28,2023-11
u0163,2023-12-30,feature_use,2023-12,2023-12-30,2023-11
u0164,2023-04-12,signup,2023-04,2023-04-12,2023-04
u0164,2023-04-16,feature_use,2023-04,2023-04-16,2023-04
u0164,2023-04-22,login,2023-04,2023-04-22,2023-04
u0164,2023-04-30,login,2023-04,2023-04-30,2023-04
u0164,2023-05-06,login,2023-05,2023-05-06,2023-04
u0164,2023-05-10,feature_use,2023-05,2023-05-10,2023-04
u0164,2023-05-12,export,2023-05,2023-05-12,2023-04
u0164,2023-05-14,login,2023-05,2023-05-14,2023-04
u0164,2023-05-14,feature_use,2023-05,2023-05-14,2023-04
u0164,2023-05-19,login,2023-05,2023-05-19,2023-04
u0164,2023-05-28,feature_use,2023-05,2023-05-28,2023-04
u0164,2023-05-28,login,2023-05,2023-05-28,2023-04
u0164,2023-06-01,invite_sent,2023-06,2023-06-01,2023-04
u0164,2023-06-07,support_ticket,2023-06,2023-06-07,2023-04
u0165,2023-08-09,signup,2023-08,2023-08-09,2023-08
u0165,2023-08-11,feature_use,2023-08,2023-08-11,2023-08
u0165,2023-08-28,login,2023-08,2023-08-28,2023-08
u0165,2023-09-02,feature_use,2023-09,2023-09-02,2023-08
u0165,2023-09-11,login,2023-09,2023-09-11,2023-08
u0165,2023-09-12,login,2023-09,2023-09-12,2023-08
u0165,2023-09-20,churned,2023-09,2023-09-20,2023-08
u0165,2023-09-21,invite_sent,2023-09,2023-09-21,2023-08
u0165,2023-09-26,feature_use,2023-09,2023-09-26,2023-08
u0165,2023-09-29,upgrade,2023-09,2023-09-29,2023-08
u0165,2023-10-03,upgrade,2023-10,2023-10-03,2023-08
u0165,2023-10-06,invite_sent,2023-10,2023-10-06,2023-08
u0165,2023-10-20,login,2023-10,2023-10-20,2023-08
u0165,2023-10-31,feature_use,2023-10,2023-10-31,2023-08
u0165,2023-11-04,login,2023-11,2023-11-04,2023-08
u0165,2023-11-09,feature_use,2023-11,2023-11-09,2023-08
u0165,2023-11-23,login,2023-11,2023-11-23,2023-08
u0166,2023-08-30,signup,2023-08,2023-08-30,2023-08
u0166,2023-08-31,login,2023-08,2023-08-31,2023-08
u0166,2023-09-16,churned,2023-09,2023-09-16,2023-08
u0166,2023-10-20,feature_use,2023-10,2023-10-20,2023-08
u0166,2023-11-10,login,2023-11,2023-11-10,2023-08
u0166,2023-11-18,feature_use,2023-11,2023-11-18,2023-08
u0167,2023-04-02,signup,2023-04,2023-04-02,2023-04
u0167,2023-04-03,feature_use,2023-04,2023-04-03,2023-04
u0167,2023-04-05,churned,2023-04,2023-04-05,2023-04
u0167,2023-04-07,login,2023-04,2023-04-07,2023-04
u0167,2023-04-08,login,2023-04,2023-04-08,2023-04
u0167,2023-04-11,login,2023-04,2023-04-11,2023-04
u0167,2023-04-12,feature_use,2023-04,2023-04-12,2023-04
u0167,2023-04-12,login,2023-04,2023-04-12,2023-04
u0167,2023-04-13,support_ticket,2023-04,2023-04-13,2023-04
u0167,2023-04-14,login,2023-04,2023-04-14,2023-04
u0167,2023-04-16,feature_use,2023-04,2023-04-16,2023-04
u0167,2023-04-19,login,2023-04,2023-04-19,2023-04
u0167,2023-04-19,feature_use,2023-04,2023-04-19,2023-04
u0167,2023-04-20,support_ticket,2023-04,2023-04-20,2023-04
u0167,2023-04-20,feature_use,2023-04,2023-04-20,2023-04
u0167,2023-04-21,login,2023-04,2023-04-21,2023-04
u0167,2023-04-23,support_ticket,2023-04,2023-04-23,2023-04
u0167,2023-04-24,export,2023-04,2023-04-24,2023-04
u0167,2023-04-24,login,2023-04,2023-04-24,2023-04
u0167,2023-04-25,churned,2023-04,2023-04-25,2023-04
u0167,2023-04-30,login,2023-04,2023-04-30,2023-04
u0167,2023-04-30,export,2023-04,2023-04-30,2023-04
u0167,2023-05-01,login,2023-05,2023-05-01,2023-04
u0167,2023-05-02,feature_use,2023-05,2023-05-02,2023-04
u0167,2023-05-04,export,2023-05,2023-05-04,2023-04
u0167,2023-05-04,support_ticket,2023-05,2023-05-04,2023-04
u0167,2023-05-04,login,2023-05,2023-05-04,2023-04
u0167,2023-05-04,feature_use,2023-05,2023-05-04,2023-04
u0167,2023-05-06,feature_use,2023-05,2023-05-06,2023-04
u0167,2023-05-08,feature_use,2023-05,2023-05-08,2023-04
u0167,2023-05-09,login,2023-05,2023-05-09,2023-04
u0168,2023-03-04,signup,2023-03,2023-03-04,2023-03
u0168,2023-03-05,login,2023-03,2023-03-05,2023-03
u0168,2023-03-10,feature_use,2023-03,2023-03-10,2023-03
u0168,2023-03-11,support_ticket,2023-03,2023-03-11,2023-03
u0168,2023-03-12,support_ticket,2023-03,2023-03-12,2023-03
u0168,2023-03-17,export,2023-03,2023-03-17,2023-03
u0168,2023-03-24,login,2023-03,2023-03-24,2023-03
u0168,2023-03-31,login,2023-03,2023-03-31,2023-03
u0168,2023-04-06,login,2023-04,2023-04-06,2023-03
u0168,2023-04-08,feature_use,2023-04,2023-04-08,2023-03
u0168,2023-04-10,login,2023-04,2023-04-10,2023-03
u0168,2023-04-12,feature_use,2023-04,2023-04-12,2023-03
u0168,2023-04-13,invite_sent,2023-04,2023-04-13,2023-03
u0168,2023-04-22,login,2023-04,2023-04-22,2023-03
u0168,2023-04-25,login,2023-04,2023-04-25,2023-03
u0168,2023-04-29,upgrade,2023-04,2023-04-29,2023-03
u0168,2023-05-01,login,2023-05,2023-05-01,2023-03
u0168,2023-05-02,export,2023-05,2023-05-02,2023-03
u0168,2023-05-05,feature_use,2023-05,2023-05-05,2023-03
u0168,2023-05-14,invite_sent,2023-05,2023-05-14,2023-03
u0168,2023-05-16,login,2023-05,2023-05-16,2023-03
u0168,2023-05-21,login,2023-05,2023-05-21,2023-03
u0168,2023-05-27,login,2023-05,2023-05-27,2023-03
u0169,2023-09-20,signup,2023-09,2023-09-20,2023-09
u0169,2023-09-22,login,2023-09,2023-09-22,2023-09
u0169,2023-09-23,feature_use,2023-09,2023-09-23,2023-09
u0169,2023-09-23,login,2023-09,2023-09-23,2023-09
u0169,2023-09-24,feature_use,2023-09,2023-09-24,2023-09
u0169,2023-09-26,login,2023-09,2023-09-26,2023-09
u0169,2023-09-26,support_ticket,2023-09,2023-09-26,2023-09
u0169,2023-09-27,feature_use,2023-09,2023-09-27,2023-09
u0169,2023-09-29,upgrade,2023-09,2023-09-29,2023-09
u0169,2023-09-30,invite_sent,2023-09,2023-09-30,2023-09
u0169,2023-10-02,feature_use,2023-10,2023-10-02,2023-09
u0169,2023-10-02,export,2023-10,2023-10-02,2023-09
u0169,2023-10-07,login,2023-10,2023-10-07,2023-09
u0169,2023-10-10,export,2023-10,2023-10-10,2023-09
u0169,2023-10-10,login,2023-10,2023-10-10,2023-09
u0169,2023-10-18,login,2023-10,2023-10-18,2023-09
u0169,2023-10-18,support_ticket,2023-10,2023-10-18,2023-09
u0169,2023-10-19,feature_use,2023-10,2023-10-19,2023-09
u0169,2023-10-20,feature_use,2023-10,2023-10-20,2023-09
u0169,2023-10-20,login,2023-10,2023-10-20,2023-09
u0169,2023-10-20,support_ticket,2023-10,2023-10-20,2023-09
u0169,2023-10-21,login,2023-10,2023-10-21,2023-09
u0169,2023-10-23,login,2023-10,2023-10-23,2023-09
u0169,2023-10-23,feature_use,2023-10,2023-10-23,2023-09
u0170,2023-05-16,signup,2023-05,2023-05-16,2023-05
u0170,2023-05-18,login,2023-05,2023-05-18,2023-05
u0170,2023-05-19,login,2023-05,2023-05-19,2023-05
u0170,2023-05-19,upgrade,2023-05,2023-05-19,2023-05
u0170,2023-05-28,login,2023-05,2023-05-28,2023-05
u0170,2023-05-30,feature_use,2023-05,2023-05-30,2023-05
u0170,2023-05-31,login,2023-05,2023-05-31,2023-05
u0170,2023-06-04,feature_use,2023-06,2023-06-04,2023-05
u0170,2023-06-09,login,2023-06,2023-06-09,2023-05
u0170,2023-06-10,export,2023-06,2023-06-10,2023-05
u0170,2023-06-12,feature_use,2023-06,2023-06-12,2023-05
u0170,2023-06-19,export,2023-06,2023-06-19,2023-05
u0170,2023-07-02,upgrade,2023-07,2023-07-02,2023-05
u0170,2023-07-06,support_ticket,2023-07,2023-07-06,2023-05
u0170,2023-07-07,export,2023-07,2023-07-07,2023-05
u0170,2023-07-17,feature_use,2023-07,2023-07-17,2023-05
u0170,2023-07-18,login,2023-07,2023-07-18,2023-05
u0171,2023-08-12,signup,2023-08,2023-08-12,2023-08
u0171,2023-08-15,login,2023-08,2023-08-15,2023-08
u0171,2023-08-28,feature_use,2023-08,2023-08-28,2023-08
u0171,2023-08-29,login,2023-08,2023-08-29,2023-08
u0171,2023-09-04,feature_use,2023-09,2023-09-04,2023-08
u0171,2023-09-07,support_ticket,2023-09,2023-09-07,2023-08
u0171,2023-09-11,feature_use,2023-09,2023-09-11,2023-08
u0171,2023-09-15,login,2023-09,2023-09-15,2023-08
u0171,2023-09-22,feature_use,2023-09,2023-09-22,2023-08
u0171,2023-09-23,feature_use,2023-09,2023-09-23,2023-08
u0171,2023-09-24,invite_sent,2023-09,2023-09-24,2023-08
u0171,2023-09-30,login,2023-09,2023-09-30,2023-08
u0171,2023-10-03,login,2023-10,2023-10-03,2023-08
u0171,2023-10-11,feature_use,2023-10,2023-10-11,2023-08
u0171,2023-10-24,upgrade,2023-10,2023-10-24,2023-08
u0171,2023-10-25,upgrade,2023-10,2023-10-25,2023-08
u0171,2023-10-26,login,2023-10,2023-10-26,2023-08
u0171,2023-10-27,upgrade,2023-10,2023-10-27,2023-08
u0171,2023-11-07,invite_sent,2023-11,2023-11-07,2023-08
u0171,2023-11-09,feature_use,2023-11,2023-11-09,2023-08
u0171,2023-11-13,support_ticket,2023-11,2023-11-13,2023-08
u0171,2023-11-20,churned,2023-11,2023-11-20,2023-08
u0171,2023-11-21,login,2023-11,2023-11-21,2023-08
u0171,2023-11-23,feature_use,2023-11,2023-11-23,2023-08
u0171,2023-11-27,export,2023-11,2023-11-27,2023-08
u0171,2023-11-29,login,2023-11,2023-11-29,2023-08
u0171,2023-11-29,feature_use,2023-11,2023-11-29,2023-08
u0171,2023-12-01,churned,2023-12,2023-12-01,2023-08
u0171,2023-12-02,login,2023-12,2023-12-02,2023-08
u0171,2023-12-04,churned,2023-12,2023-12-04,2023-08
u0171,2023-12-06,feature_use,2023-12,2023-12-06,2023-08
u0171,2023-12-09,login,2023-12,2023-12-09,2023-08
u0171,2023-12-10,login,2023-12,2023-12-10,2023-08
u0171,2023-12-11,login,2023-12,2023-12-11,2023-08
u0171,2023-12-15,login,2023-12,2023-12-15,2023-08
u0171,2023-12-17,support_ticket,2023-12,2023-12-17,2023-08
u0171,2023-12-17,login,2023-12,2023-12-17,2023-08
u0172,2023-04-18,signup,2023-04,2023-04-18,2023-04
u0172,2023-04-21,support_ticket,2023-04,2023-04-21,2023-04
u0172,2023-04-21,feature_use,2023-04,2023-04-21,2023-04
u0172,2023-04-23,login,2023-04,2023-04-23,2023-04
u0172,2023-04-25,upgrade,2023-04,2023-04-25,2023-04
u0172,2023-04-25,export,2023-04,2023-04-25,2023-04
u0172,2023-04-25,login,2023-04,2023-04-25,2023-04
u0172,2023-04-26,feature_use,2023-04,2023-04-26,2023-04
u0172,2023-04-26,churned,2023-04,2023-04-26,2023-04
u0172,2023-04-27,login,2023-04,2023-04-27,2023-04
u0172,2023-04-29,login,2023-04,2023-04-29,2023-04
u0172,2023-04-29,feature_use,2023-04,2023-04-29,2023-04
u0172,2023-04-29,upgrade,2023-04,2023-04-29,2023-04
u0172,2023-05-01,feature_use,2023-05,2023-05-01,2023-04
u0172,2023-05-02,invite_sent,2023-05,2023-05-02,2023-04
u0172,2023-05-05,login,2023-05,2023-05-05,2023-04
u0172,2023-05-06,invite_sent,2023-05,2023-05-06,2023-04
u0172,2023-05-10,support_ticket,2023-05,2023-05-10,2023-04
u0172,2023-05-12,login,2023-05,2023-05-12,2023-04
u0172,2023-05-17,support_ticket,2023-05,2023-05-17,2023-04
u0172,2023-05-20,login,2023-05,2023-05-20,2023-04
u0172,2023-05-20,upgrade,2023-05,2023-05-20,2023-04
u0172,2023-05-21,login,2023-05,2023-05-21,2023-04
u0172,2023-05-21,feature_use,2023-05,2023-05-21,2023-04
u0173,2023-08-01,signup,2023-08,2023-08-01,2023-08
u0173,2023-08-02,feature_use,2023-08,2023-08-02,2023-08
u0173,2023-08-04,login,2023-08,2023-08-04,2023-08
u0173,2023-08-06,support_ticket,2023-08,2023-08-06,2023-08
u0173,2023-08-07,login,2023-08,2023-08-07,2023-08
u0173,2023-08-12,login,2023-08,2023-08-12,2023-08
u0173,2023-08-12,feature_use,2023-08,2023-08-12,2023-08
u0173,2023-08-13,upgrade,2023-08,2023-08-13,2023-08
u0173,2023-08-15,login,2023-08,2023-08-15,2023-08
u0173,2023-08-15,support_ticket,2023-08,2023-08-15,2023-08
u0173,2023-08-15,invite_sent,2023-08,2023-08-15,2023-08
u0173,2023-08-23,login,2023-08,2023-08-23,2023-08
u0173,2023-08-26,support_ticket,2023-08,2023-08-26,2023-08
u0173,2023-08-26,login,2023-08,2023-08-26,2023-08
u0173,2023-08-27,feature_use,2023-08,2023-08-27,2023-08
u0173,2023-08-28,support_ticket,2023-08,2023-08-28,2023-08
u0173,2023-08-29,feature_use,2023-08,2023-08-29,2023-08
u0173,2023-08-30,feature_use,2023-08,2023-08-30,2023-08
u0174,2023-03-26,signup,2023-03,2023-03-26,2023-03
u0174,2023-04-10,churned,2023-04,2023-04-10,2023-03
u0174,2023-05-04,invite_sent,2023-05,2023-05-04,2023-03
u0174,2023-06-10,feature_use,2023-06,2023-06-10,2023-03
u0174,2023-06-12,upgrade,2023-06,2023-06-12,2023-03
u0174,2023-06-15,invite_sent,2023-06,2023-06-15,2023-03
u0175,2023-01-05,signup,2023-01,2023-01-05,2023-01
u0175,2023-02-22,feature_use,2023-02,2023-02-22,2023-01
u0175,2023-03-11,feature_use,2023-03,2023-03-11,2023-01
u0175,2023-03-28,login,2023-03,2023-03-28,2023-01
u0175,2023-04-21,export,2023-04,2023-04-21,2023-01
u0175,2023-06-09,login,2023-06,2023-06-09,2023-01
u0175,2023-06-14,feature_use,2023-06,2023-06-14,2023-01
u0175,2023-07-31,feature_use,2023-07,2023-07-31,2023-01
u0175,2023-08-01,support_ticket,2023-08,2023-08-01,2023-01
u0175,2023-08-20,upgrade,2023-08,2023-08-20,2023-01
u0175,2023-10-08,login,2023-10,2023-10-08,2023-01
u0175,2023-10-09,login,2023-10,2023-10-09,2023-01
u0175,2023-10-09,feature_use,2023-10,2023-10-09,2023-01
u0176,2023-05-04,signup,2023-05,2023-05-04,2023-05
u0176,2023-05-12,export,2023-05,2023-05-12,2023-05
u0176,2023-05-16,login,2023-05,2023-05-16,2023-05
u0176,2023-05-20,feature_use,2023-05,2023-05-20,2023-05
u0176,2023-05-21,feature_use,2023-05,2023-05-21,2023-05
u0176,2023-05-23,upgrade,2023-05,2023-05-23,2023-05
u0176,2023-05-29,export,2023-05,2023-05-29,2023-05
u0176,2023-06-04,support_ticket,2023-06,2023-06-04,2023-05
u0176,2023-06-07,feature_use,2023-06,2023-06-07,2023-05
u0176,2023-06-12,login,2023-06,2023-06-12,2023-05
u0176,2023-06-15,feature_use,2023-06,2023-06-15,2023-05
u0176,2023-06-19,login,2023-06,2023-06-19,2023-05
u0176,2023-06-20,feature_use,2023-06,2023-06-20,2023-05
u0176,2023-07-01,login,2023-07,2023-07-01,2023-05
u0176,2023-07-02,login,2023-07,2023-07-02,2023-05
u0176,2023-07-08,login,2023-07,2023-07-08,2023-05
u0176,2023-07-17,support_ticket,2023-07,2023-07-17,2023-05
u0176,2023-07-17,feature_use,2023-07,2023-07-17,2023-05
u0176,2023-07-18,feature_use,2023-07,2023-07-18,2023-05
u0176,2023-07-19,feature_use,2023-07,2023-07-19,2023-05
u0176,2023-07-20,login,2023-07,2023-07-20,2023-05
u0176,2023-07-24,feature_use,2023-07,2023-07-24,2023-05
u0176,2023-07-25,feature_use,2023-07,2023-07-25,2023-05
u0176,2023-07-30,feature_use,2023-07,2023-07-30,2023-05
u0176,2023-08-04,feature_use,2023-08,2023-08-04,2023-05
u0176,2023-08-07,login,2023-08,2023-08-07,2023-05
u0176,2023-08-09,feature_use,2023-08,2023-08-09,2023-05
u0176,2023-08-12,feature_use,2023-08,2023-08-12,2023-05
u0176,2023-08-13,support_ticket,2023-08,2023-08-13,2023-05
u0176,2023-08-19,feature_use,2023-08,2023-08-19,2023-05
u0177,2023-08-14,signup,2023-08,2023-08-14,2023-08
u0177,2023-08-19,support_ticket,2023-08,2023-08-19,2023-08
u0177,2023-08-20,feature_use,2023-08,2023-08-20,2023-08
u0177,2023-08-30,feature_use,2023-08,2023-08-30,2023-08
u0177,2023-08-31,feature_use,2023-08,2023-08-31,2023-08
u0177,2023-09-01,feature_use,2023-09,2023-09-01,2023-08
u0177,2023-09-02,login,2023-09,2023-09-02,2023-08
u0177,2023-09-04,login,2023-09,2023-09-04,2023-08
u0177,2023-09-11,feature_use,2023-09,2023-09-11,2023-08
u0177,2023-09-11,login,2023-09,2023-09-11,2023-08
u0177,2023-09-23,export,2023-09,2023-09-23,2023-08
u0177,2023-10-01,feature_use,2023-10,2023-10-01,2023-08
u0177,2023-10-01,login,2023-10,2023-10-01,2023-08
u0177,2023-10-02,feature_use,2023-10,2023-10-02,2023-08
u0177,2023-10-06,login,2023-10,2023-10-06,2023-08
u0177,2023-10-11,invite_sent,2023-10,2023-10-11,2023-08
u0177,2023-10-12,login,2023-10,2023-10-12,2023-08
u0177,2023-10-12,support_ticket,2023-10,2023-10-12,2023-08
u0177,2023-10-16,login,2023-10,2023-10-16,2023-08
u0177,2023-10-21,login,2023-10,2023-10-21,2023-08
u0177,2023-10-24,login,2023-10,2023-10-24,2023-08
u0177,2023-10-25,feature_use,2023-10,2023-10-25,2023-08
u0177,2023-10-27,login,2023-10,2023-10-27,2023-08
u0177,2023-10-29,feature_use,2023-10,2023-10-29,2023-08
u0177,2023-10-31,login,2023-10,2023-10-31,2023-08
u0177,2023-11-08,feature_use,2023-11,2023-11-08,2023-08
u0177,2023-11-13,feature_use,2023-11,2023-11-13,2023-08
u0178,2023-06-16,signup,2023-06,2023-06-16,2023-06
u0178,2023-06-18,login,2023-06,2023-06-18,2023-06
u0178,2023-06-19,churned,2023-06,2023-06-19,2023-06
u0178,2023-06-20,invite_sent,2023-06,2023-06-20,2023-06
u0178,2023-06-22,login,2023-06,2023-06-22,2023-06
u0178,2023-06-23,feature_use,2023-06,2023-06-23,2023-06
u0178,2023-06-24,feature_use,2023-06,2023-06-24,2023-06
u0178,2023-06-27,upgrade,2023-06,2023-06-27,2023-06
u0178,2023-06-28,feature_use,2023-06,2023-06-28,2023-06
u0178,2023-06-30,login,2023-06,2023-06-30,2023-06
u0178,2023-07-03,login,2023-07,2023-07-03,2023-06
u0178,2023-07-03,support_ticket,2023-07,2023-07-03,2023-06
u0178,2023-07-05,login,2023-07,2023-07-05,2023-06
u0178,2023-07-06,feature_use,2023-07,2023-07-06,2023-06
u0178,2023-07-11,login,2023-07,2023-07-11,2023-06
u0178,2023-07-12,login,2023-07,2023-07-12,2023-06
u0178,2023-07-12,feature_use,2023-07,2023-07-12,2023-06
u0178,2023-07-15,upgrade,2023-07,2023-07-15,2023-06
u0178,2023-07-17,feature_use,2023-07,2023-07-17,2023-06
u0178,2023-07-18,export,2023-07,2023-07-18,2023-06
u0178,2023-07-20,login,2023-07,2023-07-20,2023-06
u0178,2023-07-21,login,2023-07,2023-07-21,2023-06
u0178,2023-07-21,feature_use,2023-07,2023-07-21,2023-06
u0178,2023-07-23,feature_use,2023-07,2023-07-23,2023-06
u0178,2023-07-24,feature_use,2023-07,2023-07-24,2023-06
u0178,2023-07-26,feature_use,2023-07,2023-07-26,2023-06
u0178,2023-07-28,login,2023-07,2023-07-28,2023-06
u0179,2023-03-20,signup,2023-03,2023-03-20,2023-03
u0179,2023-04-03,login,2023-04,2023-04-03,2023-03
u0179,2023-04-05,feature_use,2023-04,2023-04-05,2023-03
u0179,2023-04-19,login,2023-04,2023-04-19,2023-03
u0179,2023-04-26,feature_use,2023-04,2023-04-26,2023-03
u0179,2023-05-20,feature_use,2023-05,2023-05-20,2023-03
u0179,2023-06-10,feature_use,2023-06,2023-06-10,2023-03
u0179,2023-06-11,login,2023-06,2023-06-11,2023-03
u0179,2023-06-12,login,2023-06,2023-06-12,2023-03
u0179,2023-06-28,login,2023-06,2023-06-28,2023-03
u0179,2023-09-19,login,2023-09,2023-09-19,2023-03
u0179,2023-09-29,feature_use,2023-09,2023-09-29,2023-03
u0179,2023-10-18,invite_sent,2023-10,2023-10-18,2023-03
u0180,2023-07-28,signup,2023-07,2023-07-28,2023-07
u0180,2023-07-29,login,2023-07,2023-07-29,2023-07
u0180,2023-07-29,support_ticket,2023-07,2023-07-29,2023-07
u0180,2023-07-29,feature_use,2023-07,2023-07-29,2023-07
u0180,2023-07-29,export,2023-07,2023-07-29,2023-07
u0180,2023-07-30,support_ticket,2023-07,2023-07-30,2023-07
u0180,2023-07-30,feature_use,2023-07,2023-07-30,2023-07
u0180,2023-07-30,login,2023-07,2023-07-30,2023-07
u0180,2023-07-31,feature_use,2023-07,2023-07-31,2023-07
u0180,2023-07-31,export,2023-07,2023-07-31,2023-07
u0180,2023-08-01,login,2023-08,2023-08-01,2023-07
u0180,2023-08-01,churned,2023-08,2023-08-01,2023-07
u0180,2023-08-02,feature_use,2023-08,2023-08-02,2023-07
u0180,2023-08-02,invite_sent,2023-08,2023-08-02,2023-07
u0180,2023-08-02,login,2023-08,2023-08-02,2023-07
u0180,2023-08-03,login,2023-08,2023-08-03,2023-07
u0180,2023-08-03,support_ticket,2023-08,2023-08-03,2023-07
u0180,2023-08-03,feature_use,2023-08,2023-08-03,2023-07
u0181,2023-08-20,signup,2023-08,2023-08-20,2023-08
u0181,2023-08-21,feature_use,2023-08,2023-08-21,2023-08
u0181,2023-08-21,invite_sent,2023-08,2023-08-21,2023-08
u0181,2023-08-26,support_ticket,2023-08,2023-08-26,2023-08
u0181,2023-08-28,login,2023-08,2023-08-28,2023-08
u0181,2023-08-28,feature_use,2023-08,2023-08-28,2023-08
u0181,2023-09-02,feature_use,2023-09,2023-09-02,2023-08
u0181,2023-09-04,support_ticket,2023-09,2023-09-04,2023-08
u0181,2023-09-07,feature_use,2023-09,2023-09-07,2023-08
u0181,2023-09-11,login,2023-09,2023-09-11,2023-08
u0181,2023-09-12,feature_use,2023-09,2023-09-12,2023-08
u0181,2023-09-14,export,2023-09,2023-09-14,2023-08
u0181,2023-09-15,feature_use,2023-09,2023-09-15,2023-08
u0181,2023-09-24,login,2023-09,2023-09-24,2023-08
u0181,2023-09-25,invite_sent,2023-09,2023-09-25,2023-08
u0181,2023-09-28,login,2023-09,2023-09-28,2023-08
u0181,2023-09-30,login,2023-09,2023-09-30,2023-08
u0181,2023-10-01,feature_use,2023-10,2023-10-01,2023-08
u0181,2023-10-02,feature_use,2023-10,2023-10-02,2023-08
u0181,2023-10-03,login,2023-10,2023-10-03,2023-08
u0181,2023-10-04,login,2023-10,2023-10-04,2023-08
u0181,2023-10-04,churned,2023-10,2023-10-04,2023-08
u0181,2023-10-05,feature_use,2023-10,2023-10-05,2023-08
u0181,2023-10-05,login,2023-10,2023-10-05,2023-08
u0182,2023-04-24,signup,2023-04,2023-04-24,2023-04
u0182,2023-04-25,invite_sent,2023-04,2023-04-25,2023-04
u0182,2023-04-26,churned,2023-04,2023-04-26,2023-04
u0182,2023-04-27,login,2023-04,2023-04-27,2023-04
u0182,2023-04-27,export,2023-04,2023-04-27,2023-04
u0182,2023-04-28,export,2023-04,2023-04-28,2023-04
u0182,2023-05-03,support_ticket,2023-05,2023-05-03,2023-04
u0182,2023-05-03,login,2023-05,2023-05-03,2023-04
u0182,2023-05-06,login,2023-05,2023-05-06,2023-04
u0182,2023-05-07,feature_use,2023-05,2023-05-07,2023-04
u0182,2023-05-07,login,2023-05,2023-05-07,2023-04
u0182,2023-05-08,login,2023-05,2023-05-08,2023-04
u0182,2023-05-09,export,2023-05,2023-05-09,2023-04
u0182,2023-05-09,login,2023-05,2023-05-09,2023-04
u0182,2023-05-12,feature_use,2023-05,2023-05-12,2023-04
u0182,2023-05-12,login,2023-05,2023-05-12,2023-04
u0182,2023-05-15,feature_use,2023-05,2023-05-15,2023-04
u0182,2023-05-15,login,2023-05,2023-05-15,2023-04
u0182,2023-05-18,feature_use,2023-05,2023-05-18,2023-04
u0182,2023-05-20,login,2023-05,2023-05-20,2023-04
u0182,2023-05-21,login,2023-05,2023-05-21,2023-04
u0182,2023-05-21,feature_use,2023-05,2023-05-21,2023-04
u0182,2023-05-26,login,2023-05,2023-05-26,2023-04
u0182,2023-05-28,feature_use,2023-05,2023-05-28,2023-04
u0182,2023-05-29,feature_use,2023-05,2023-05-29,2023-04
u0182,2023-05-30,export,2023-05,2023-05-30,2023-04
u0183,2023-04-26,signup,2023-04,2023-04-26,2023-04
u0183,2023-05-21,login,2023-05,2023-05-21,2023-04
u0183,2023-06-27,churned,2023-06,2023-06-27,2023-04
u0183,2023-06-29,login,2023-06,2023-06-29,2023-04
u0183,2023-07-20,login,2023-07,2023-07-20,2023-04
u0183,2023-07-21,export,2023-07,2023-07-21,2023-04
u0183,2023-08-15,support_ticket,2023-08,2023-08-15,2023-04
u0184,2023-01-28,signup,2023-01,2023-01-28,2023-01
u0184,2023-02-03,feature_use,2023-02,2023-02-03,2023-01
u0184,2023-02-11,feature_use,2023-02,2023-02-11,2023-01
u0184,2023-02-15,feature_use,2023-02,2023-02-15,2023-01
u0184,2023-02-26,feature_use,2023-02,2023-02-26,2023-01
u0184,2023-03-01,invite_sent,2023-03,2023-03-01,2023-01
u0184,2023-03-03,support_ticket,2023-03,2023-03-03,2023-01
u0184,2023-03-07,support_ticket,2023-03,2023-03-07,2023-01
u0184,2023-03-13,churned,2023-03,2023-03-13,2023-01
u0184,2023-03-21,login,2023-03,2023-03-21,2023-01
u0184,2023-06-28,export,2023-06,2023-06-28,2023-01
u0184,2023-07-16,feature_use,2023-07,2023-07-16,2023-01
u0184,2023-08-22,login,2023-08,2023-08-22,2023-01
u0184,2023-08-27,login,2023-08,2023-08-27,2023-01
u0184,2023-09-07,login,2023-09,2023-09-07,2023-01
u0184,2023-09-10,support_ticket,2023-09,2023-09-10,2023-01
u0184,2023-09-12,login,2023-09,2023-09-12,2023-01
u0184,2023-09-14,feature_use,2023-09,2023-09-14,2023-01
u0184,2023-09-23,support_ticket,2023-09,2023-09-23,2023-01
u0185,2023-02-25,signup,2023-02,2023-02-25,2023-02
u0185,2023-03-06,feature_use,2023-03,2023-03-06,2023-02
u0185,2023-03-06,support_ticket,2023-03,2023-03-06,2023-02
u0185,2023-03-10,invite_sent,2023-03,2023-03-10,2023-02
u0185,2023-03-14,login,2023-03,2023-03-14,2023-02
u0185,2023-03-26,login,2023-03,2023-03-26,2023-02
u0185,2023-03-28,upgrade,2023-03,2023-03-28,2023-02
u0185,2023-04-04,support_ticket,2023-04,2023-04-04,2023-02
u0186,2023-01-31,signup,2023-01,2023-01-31,2023-01
u0186,2023-02-01,feature_use,2023-02,2023-02-01,2023-01
u0186,2023-02-01,login,2023-02,2023-02-01,2023-01
u0186,2023-02-03,feature_use,2023-02,2023-02-03,2023-01
u0186,2023-02-05,login,2023-02,2023-02-05,2023-01
u0186,2023-02-10,feature_use,2023-02,2023-02-10,2023-01
u0186,2023-02-10,login,2023-02,2023-02-10,2023-01
u0186,2023-02-12,export,2023-02,2023-02-12,2023-01
u0186,2023-02-13,feature_use,2023-02,2023-02-13,2023-01
u0186,2023-02-13,support_ticket,2023-02,2023-02-13,2023-01
u0186,2023-02-14,login,2023-02,2023-02-14,2023-01
u0186,2023-02-15,feature_use,2023-02,2023-02-15,2023-01
u0186,2023-02-22,login,2023-02,2023-02-22,2023-01
u0186,2023-02-22,export,2023-02,2023-02-22,2023-01
u0186,2023-02-22,support_ticket,2023-02,2023-02-22,2023-01
u0186,2023-02-23,login,2023-02,2023-02-23,2023-01
u0186,2023-02-24,churned,2023-02,2023-02-24,2023-01
u0186,2023-02-25,login,2023-02,2023-02-25,2023-01
u0186,2023-02-28,login,2023-02,2023-02-28,2023-01
u0186,2023-03-02,feature_use,2023-03,2023-03-02,2023-01
u0186,2023-03-02,export,2023-03,2023-03-02,2023-01
u0186,2023-03-03,upgrade,2023-03,2023-03-03,2023-01
u0186,2023-03-05,churned,2023-03,2023-03-05,2023-01
u0186,2023-03-05,support_ticket,2023-03,2023-03-05,2023-01
u0186,2023-03-06,feature_use,2023-03,2023-03-06,2023-01
u0186,2023-03-07,support_ticket,2023-03,2023-03-07,2023-01
u0186,2023-03-08,export,2023-03,2023-03-08,2023-01
u0186,2023-03-09,churned,2023-03,2023-03-09,2023-01
u0186,2023-03-11,login,2023-03,2023-03-11,2023-01
u0186,2023-03-12,login,2023-03,2023-03-12,2023-01
u0187,2023-10-12,signup,2023-10,2023-10-12,2023-10
u0187,2023-10-13,login,2023-10,2023-10-13,2023-10
u0187,2023-10-13,export,2023-10,2023-10-13,2023-10
u0187,2023-10-14,support_ticket,2023-10,2023-10-14,2023-10
u0187,2023-10-14,feature_use,2023-10,2023-10-14,2023-10
u0187,2023-10-16,login,2023-10,2023-10-16,2023-10
u0187,2023-10-17,feature_use,2023-10,2023-10-17,2023-10
u0187,2023-10-17,export,2023-10,2023-10-17,2023-10
u0187,2023-10-17,support_ticket,2023-10,2023-10-17,2023-10
u0187,2023-10-17,login,2023-10,2023-10-17,2023-10
u0187,2023-10-19,feature_use,2023-10,2023-10-19,2023-10
u0187,2023-10-19,login,2023-10,2023-10-19,2023-10
u0187,2023-10-20,login,2023-10,2023-10-20,2023-10
u0187,2023-10-20,feature_use,2023-10,2023-10-20,2023-10
u0187,2023-10-21,upgrade,2023-10,2023-10-21,2023-10
u0187,2023-10-21,invite_sent,2023-10,2023-10-21,2023-10
u0187,2023-10-21,export,2023-10,2023-10-21,2023-10
u0187,2023-10-22,login,2023-10,2023-10-22,2023-10
u0187,2023-10-23,export,2023-10,2023-10-23,2023-10
u0187,2023-10-24,login,2023-10,2023-10-24,2023-10
u0187,2023-10-24,feature_use,2023-10,2023-10-24,2023-10
u0187,2023-10-29,churned,2023-10,2023-10-29,2023-10
u0187,2023-10-30,login,2023-10,2023-10-30,2023-10
u0187,2023-10-31,login,2023-10,2023-10-31,2023-10
u0187,2023-11-01,export,2023-11,2023-11-01,2023-10
u0187,2023-11-01,feature_use,2023-11,2023-11-01,2023-10
u0187,2023-11-02,login,2023-11,2023-11-02,2023-10
u0187,2023-11-04,login,2023-11,2023-11-04,2023-10
u0187,2023-11-04,feature_use,2023-11,2023-11-04,2023-10
u0188,2023-09-08,signup,2023-09,2023-09-08,2023-09
u0188,2023-09-10,login,2023-09,2023-09-10,2023-09
u0188,2023-09-10,support_ticket,2023-09,2023-09-10,2023-09
u0188,2023-09-12,login,2023-09,2023-09-12,2023-09
u0188,2023-09-12,feature_use,2023-09,2023-09-12,2023-09
u0188,2023-09-13,feature_use,2023-09,2023-09-13,2023-09
u0188,2023-09-14,upgrade,2023-09,2023-09-14,2023-09
u0188,2023-09-14,login,2023-09,2023-09-14,2023-09
u0188,2023-09-15,feature_use,2023-09,2023-09-15,2023-09
u0188,2023-09-15,login,2023-09,2023-09-15,2023-09
u0188,2023-09-16,feature_use,2023-09,2023-09-16,2023-09
u0188,2023-09-16,login,2023-09,2023-09-16,2023-09
u0188,2023-09-17,feature_use,2023-09,2023-09-17,2023-09
u0188,2023-09-17,upgrade,2023-09,2023-09-17,2023-09
u0188,2023-09-17,login,2023-09,2023-09-17,2023-09
u0188,2023-09-18,login,2023-09,2023-09-18,2023-09
u0188,2023-09-18,feature_use,2023-09,2023-09-18,2023-09
u0189,2023-05-09,signup,2023-05,2023-05-09,2023-05
u0189,2023-05-12,support_ticket,2023-05,2023-05-12,2023-05
u0189,2023-06-14,churned,2023-06,2023-06-14,2023-05
u0189,2023-06-27,upgrade,2023-06,2023-06-27,2023-05
u0189,2023-07-02,feature_use,2023-07,2023-07-02,2023-05
u0189,2023-07-07,upgrade,2023-07,2023-07-07,2023-05
u0189,2023-07-21,export,2023-07,2023-07-21,2023-05
u0189,2023-07-29,export,2023-07,2023-07-29,2023-05
u0189,2023-08-05,support_ticket,2023-08,2023-08-05,2023-05
u0189,2023-08-21,export,2023-08,2023-08-21,2023-05
u0189,2023-08-27,support_ticket,2023-08,2023-08-27,2023-05
u0189,2023-09-07,feature_use,2023-09,2023-09-07,2023-05
u0189,2023-09-19,feature_use,2023-09,2023-09-19,2023-05
u0189,2023-09-26,invite_sent,2023-09,2023-09-26,2023-05
u0189,2023-09-28,support_ticket,2023-09,2023-09-28,2023-05
u0189,2023-11-10,support_ticket,2023-11,2023-11-10,2023-05
u0189,2023-11-18,upgrade,2023-11,2023-11-18,2023-05
u0189,2023-11-19,feature_use,2023-11,2023-11-19,2023-05
u0189,2023-11-20,invite_sent,2023-11,2023-11-20,2023-05
u0189,2023-11-26,churned,2023-11,2023-11-26,2023-05
u0189,2023-12-17,feature_use,2023-12,2023-12-17,2023-05
u0190,2023-08-02,signup,2023-08,2023-08-02,2023-08
u0190,2023-08-03,feature_use,2023-08,2023-08-03,2023-08
u0190,2023-08-03,churned,2023-08,2023-08-03,2023-08
u0190,2023-08-04,feature_use,2023-08,2023-08-04,2023-08
u0190,2023-08-05,invite_sent,2023-08,2023-08-05,2023-08
u0190,2023-08-07,feature_use,2023-08,2023-08-07,2023-08
u0190,2023-08-09,feature_use,2023-08,2023-08-09,2023-08
u0190,2023-08-10,login,2023-08,2023-08-10,2023-08
u0190,2023-08-11,login,2023-08,2023-08-11,2023-08
u0190,2023-08-12,churned,2023-08,2023-08-12,2023-08
u0190,2023-08-13,login,2023-08,2023-08-13,2023-08
u0190,2023-08-14,login,2023-08,2023-08-14,2023-08
u0190,2023-08-15,feature_use,2023-08,2023-08-15,2023-08
u0190,2023-08-15,login,2023-08,2023-08-15,2023-08
u0190,2023-08-16,invite_sent,2023-08,2023-08-16,2023-08
u0190,2023-08-16,login,2023-08,2023-08-16,2023-08
u0190,2023-08-17,login,2023-08,2023-08-17,2023-08
u0190,2023-08-22,login,2023-08,2023-08-22,2023-08
u0190,2023-08-22,feature_use,2023-08,2023-08-22,2023-08
u0190,2023-08-24,feature_use,2023-08,2023-08-24,2023-08
u0190,2023-08-25,login,2023-08,2023-08-25,2023-08
u0190,2023-08-26,feature_use,2023-08,2023-08-26,2023-08
u0190,2023-08-27,login,2023-08,2023-08-27,2023-08
u0190,2023-08-28,support_ticket,2023-08,2023-08-28,2023-08
u0190,2023-08-28,churned,2023-08,2023-08-28,2023-08
u0190,2023-08-29,feature_use,2023-08,2023-08-29,2023-08
u0190,2023-08-31,feature_use,2023-08,2023-08-31,2023-08
u0190,2023-09-01,login,2023-09,2023-09-01,2023-08
u0190,2023-09-02,login,2023-09,2023-09-02,2023-08
u0190,2023-09-03,login,2023-09,2023-09-03,2023-08
u0190,2023-09-04,upgrade,2023-09,2023-09-04,2023-08
u0191,2023-08-17,signup,2023-08,2023-08-17,2023-08
u0191,2023-08-19,support_ticket,2023-08,2023-08-19,2023-08
u0191,2023-08-23,login,2023-08,2023-08-23,2023-08
u0191,2023-08-25,login,2023-08,2023-08-25,2023-08
u0191,2023-08-25,export,2023-08,2023-08-25,2023-08
u0191,2023-08-27,feature_use,2023-08,2023-08-27,2023-08
u0191,2023-09-01,feature_use,2023-09,2023-09-01,2023-08
u0191,2023-09-03,login,2023-09,2023-09-03,2023-08
u0191,2023-09-05,export,2023-09,2023-09-05,2023-08
u0191,2023-09-05,login,2023-09,2023-09-05,2023-08
u0191,2023-09-06,export,2023-09,2023-09-06,2023-08
u0191,2023-09-06,upgrade,2023-09,2023-09-06,2023-08
u0191,2023-09-08,login,2023-09,2023-09-08,2023-08
u0191,2023-09-09,export,2023-09,2023-09-09,2023-08
u0191,2023-09-09,invite_sent,2023-09,2023-09-09,2023-08
u0191,2023-09-12,login,2023-09,2023-09-12,2023-08
u0191,2023-09-14,login,2023-09,2023-09-14,2023-08
u0191,2023-09-16,feature_use,2023-09,2023-09-16,2023-08
u0192,2023-11-18,signup,2023-11,2023-11-18,2023-11
u0192,2023-11-25,feature_use,2023-11,2023-11-25,2023-11
u0192,2023-11-29,login,2023-11,2023-11-29,2023-11
u0192,2023-12-02,invite_sent,2023-12,2023-12-02,2023-11
u0192,2023-12-09,feature_use,2023-12,2023-12-09,2023-11
u0192,2023-12-12,login,2023-12,2023-12-12,2023-11
u0192,2023-12-15,churned,2023-12,2023-12-15,2023-11
u0192,2023-12-24,login,2023-12,2023-12-24,2023-11
u0193,2023-09-17,signup,2023-09,2023-09-17,2023-09
u0193,2023-09-18,login,2023-09,2023-09-18,2023-09
u0193,2023-09-19,feature_use,2023-09,2023-09-19,2023-09
u0193,2023-09-20,support_ticket,2023-09,2023-09-20,2023-09
u0193,2023-09-20,feature_use,2023-09,2023-09-20,2023-09
u0193,2023-09-23,upgrade,2023-09,2023-09-23,2023-09
u0193,2023-09-23,feature_use,2023-09,2023-09-23,2023-09
u0193,2023-09-23,invite_sent,2023-09,2023-09-23,2023-09
u0194,2023-08-26,signup,2023-08,2023-08-26,2023-08
u0194,2023-08-27,feature_use,2023-08,2023-08-27,2023-08
u0194,2023-09-02,login,2023-09,2023-09-02,2023-08
u0194,2023-09-03,feature_use,2023-09,2023-09-03,2023-08
u0194,2023-09-06,export,2023-09,2023-09-06,2023-08
u0194,2023-09-13,export,2023-09,2023-09-13,2023-08
u0194,2023-09-21,login,2023-09,2023-09-21,2023-08
u0194,2023-09-24,login,2023-09,2023-09-24,2023-08
u0194,2023-10-01,feature_use,2023-10,2023-10-01,2023-08
u0195,2023-03-20,signup,2023-03,2023-03-20,2023-03
u0195,2023-03-22,login,2023-03,2023-03-22,2023-03
u0195,2023-04-03,feature_use,2023-04,2023-04-03,2023-03
u0195,2023-04-14,feature_use,2023-04,2023-04-14,2023-03
u0195,2023-04-15,invite_sent,2023-04,2023-04-15,2023-03
u0195,2023-04-15,login,2023-04,2023-04-15,2023-03
u0195,2023-04-29,feature_use,2023-04,2023-04-29,2023-03
u0195,2023-05-07,invite_sent,2023-05,2023-05-07,2023-03
u0195,2023-05-13,login,2023-05,2023-05-13,2023-03
u0195,2023-05-16,upgrade,2023-05,2023-05-16,2023-03
u0195,2023-05-26,feature_use,2023-05,2023-05-26,2023-03
u0195,2023-06-05,login,2023-06,2023-06-05,2023-03
u0195,2023-06-15,feature_use,2023-06,2023-06-15,2023-03
u0195,2023-06-20,login,2023-06,2023-06-20,2023-03
u0195,2023-06-20,feature_use,2023-06,2023-06-20,2023-03
u0195,2023-06-27,feature_use,2023-06,2023-06-27,2023-03
u0195,2023-07-06,feature_use,2023-07,2023-07-06,2023-03
u0196,2023-02-02,signup,2023-02,2023-02-02,2023-02
u0196,2023-02-04,login,2023-02,2023-02-04,2023-02
u0196,2023-02-05,login,2023-02,2023-02-05,2023-02
u0196,2023-02-06,invite_sent,2023-02,2023-02-06,2023-02
u0196,2023-02-06,login,2023-02,2023-02-06,2023-02
u0196,2023-02-07,feature_use,2023-02,2023-02-07,2023-02
u0196,2023-02-08,login,2023-02,2023-02-08,2023-02
u0196,2023-02-09,invite_sent,2023-02,2023-02-09,2023-02
u0196,2023-02-09,login,2023-02,2023-02-09,2023-02
u0196,2023-02-11,login,2023-02,2023-02-11,2023-02
u0196,2023-02-13,login,2023-02,2023-02-13,2023-02
u0197,2023-07-08,signup,2023-07,2023-07-08,2023-07
u0197,2023-07-09,feature_use,2023-07,2023-07-09,2023-07
u0197,2023-07-09,login,2023-07,2023-07-09,2023-07
u0197,2023-07-10,feature_use,2023-07,2023-07-10,2023-07
u0197,2023-07-11,login,2023-07,2023-07-11,2023-07
u0197,2023-07-12,upgrade,2023-07,2023-07-12,2023-07
u0197,2023-07-12,feature_use,2023-07,2023-07-12,2023-07
u0197,2023-07-12,login,2023-07,2023-07-12,2023-07
u0197,2023-07-13,login,2023-07,2023-07-13,2023-07
u0197,2023-07-14,login,2023-07,2023-07-14,2023-07
u0197,2023-07-15,login,2023-07,2023-07-15,2023-07
u0197,2023-07-15,feature_use,2023-07,2023-07-15,2023-07
u0197,2023-07-16,feature_use,2023-07,2023-07-16,2023-07
u0197,2023-07-16,invite_sent,2023-07,2023-07-16,2023-07
u0197,2023-07-16,export,2023-07,2023-07-16,2023-07
u0197,2023-07-18,support_ticket,2023-07,2023-07-18,2023-07
u0197,2023-07-19,churned,2023-07,2023-07-19,2023-07
u0197,2023-07-19,login,2023-07,2023-07-19,2023-07
u0197,2023-07-19,feature_use,2023-07,2023-07-19,2023-07
u0197,2023-07-20,feature_use,2023-07,2023-07-20,2023-07
u0197,2023-07-21,feature_use,2023-07,2023-07-21,2023-07
u0197,2023-07-22,support_ticket,2023-07,2023-07-22,2023-07
u0197,2023-07-22,feature_use,2023-07,2023-07-22,2023-07
u0197,2023-07-23,feature_use,2023-07,2023-07-23,2023-07
u0197,2023-07-23,support_ticket,2023-07,2023-07-23,2023-07
u0197,2023-07-24,churned,2023-07,2023-07-24,2023-07
u0197,2023-07-24,login,2023-07,2023-07-24,2023-07
u0198,2023-05-08,signup,2023-05,2023-05-08,2023-05
u0198,2023-05-22,feature_use,2023-05,2023-05-22,2023-05
u0198,2023-05-25,export,2023-05,2023-05-25,2023-05
u0198,2023-05-26,invite_sent,2023-05,2023-05-26,2023-05
u0198,2023-06-10,login,2023-06,2023-06-10,2023-05
u0198,2023-06-14,invite_sent,2023-06,2023-06-14,2023-05
u0198,2023-06-23,feature_use,2023-06,2023-06-23,2023-05
u0198,2023-06-28,login,2023-06,2023-06-28,2023-05
u0198,2023-07-08,feature_use,2023-07,2023-07-08,2023-05
u0198,2023-07-25,login,2023-07,2023-07-25,2023-05
u0198,2023-07-27,login,2023-07,2023-07-27,2023-05
u0198,2023-08-26,upgrade,2023-08,2023-08-26,2023-05
u0198,2023-08-30,feature_use,2023-08,2023-08-30,2023-05
u0198,2023-08-31,churned,2023-08,2023-08-31,2023-05
u0198,2023-09-19,login,2023-09,2023-09-19,2023-05
u0198,2023-10-07,feature_use,2023-10,2023-10-07,2023-05
u0198,2023-10-11,export,2023-10,2023-10-11,2023-05
u0198,2023-11-28,invite_sent,2023-11,2023-11-28,2023-05
u0199,2023-04-14,signup,2023-04,2023-04-14,2023-04
u0199,2023-04-17,churned,2023-04,2023-04-17,2023-04
u0199,2023-04-20,invite_sent,2023-04,2023-04-20,2023-04
u0199,2023-04-22,feature_use,2023-04,2023-04-22,2023-04
u0199,2023-04-24,support_ticket,2023-04,2023-04-24,2023-04
u0199,2023-04-24,feature_use,2023-04,2023-04-24,2023-04
u0199,2023-04-25,feature_use,2023-04,2023-04-25,2023-04
u0199,2023-04-26,login,2023-04,2023-04-26,2023-04
u0199,2023-04-27,login,2023-04,2023-04-27,2023-04
u0199,2023-05-01,support_ticket,2023-05,2023-05-01,2023-04
u0199,2023-05-03,feature_use,2023-05,2023-05-03,2023-04
u0199,2023-05-04,feature_use,2023-05,2023-05-04,2023-04
u0199,2023-05-06,login,2023-05,2023-05-06,2023-04
u0199,2023-05-08,feature_use,2023-05,2023-05-08,2023-04
u0199,2023-05-11,invite_sent,2023-05,2023-05-11,2023-04
u0199,2023-05-12,feature_use,2023-05,2023-05-12,2023-04
u0199,2023-05-14,login,2023-05,2023-05-14,2023-04
u0199,2023-05-15,login,2023-05,2023-05-15,2023-04
u0199,2023-05-16,login,2023-05,2023-05-16,2023-04
u0199,2023-05-17,upgrade,2023-05,2023-05-17,2023-04
u0199,2023-05-21,login,2023-05,2023-05-21,2023-04
u0199,2023-05-22,login,2023-05,2023-05-22,2023-04
u0199,2023-05-23,feature_use,2023-05,2023-05-23,2023-04
u0199,2023-05-25,upgrade,2023-05,2023-05-25,2023-04
u0199,2023-05-29,login,2023-05,2023-05-29,2023-04
u0199,2023-06-01,feature_use,2023-06,2023-06-01,2023-04
u0199,2023-06-02,feature_use,2023-06,2023-06-02,2023-04
u0199,2023-06-02,upgrade,2023-06,2023-06-02,2023-04
u0199,2023-06-04,feature_use,2023-06,2023-06-04,2023-04
u0199,2023-06-08,login,2023-06,2023-06-08,2023-04
u0200,2023-07-17,signup,2023-07,2023-07-17,2023-07
u0200,2023-07-19,login,2023-07,2023-07-19,2023-07
u0200,2023-07-28,feature_use,2023-07,2023-07-28,2023-07
u0200,2023-07-29,feature_use,2023-07,2023-07-29,2023-07
u0200,2023-08-08,export,2023-08,2023-08-08,2023-07
u0200,2023-08-11,export,2023-08,2023-08-11,2023-07
u0200,2023-08-18,feature_use,2023-08,2023-08-18,2023-07
u0200,2023-08-19,upgrade,2023-08,2023-08-19,2023-07
u0200,2023-08-20,feature_use,2023-08,2023-08-20,2023-07
u0200,2023-09-02,feature_use,2023-09,2023-09-02,2023-07
u0200,2023-09-05,feature_use,2023-09,2023-09-05,2023-07
u0200,2023-09-17,login,2023-09,2023-09-17,2023-07
u0200,2023-09-20,churned,2023-09,2023-09-20,2023-07
u0200,2023-10-01,churned,2023-10,2023-10-01,2023-07
u0200,2023-10-10,export,2023-10,2023-10-10,2023-07
u0200,2023-10-11,feature_use,2023-10,2023-10-11,2023-07
u0200,2023-10-12,login,2023-10,2023-10-12,2023-07
u0200,2023-10-13,login,2023-10,2023-10-13,2023-07
u0201,2023-10-28,signup,2023-10,2023-10-28,2023-10
u0201,2023-10-29,login,2023-10,2023-10-29,2023-10
u0201,2023-11-04,feature_use,2023-11,2023-11-04,2023-10
u0201,2023-11-08,support_ticket,2023-11,2023-11-08,2023-10
u0201,2023-11-17,login,2023-11,2023-11-17,2023-10
u0201,2023-12-15,login,2023-12,2023-12-15,2023-10
u0201,2023-12-15,feature_use,2023-12,2023-12-15,2023-10
u0201,2023-12-17,support_ticket,2023-12,2023-12-17,2023-10
u0201,2023-12-20,login,2023-12,2023-12-20,2023-10
u0202,2023-08-02,signup,2023-08,2023-08-02,2023-08
u0202,2023-08-03,feature_use,2023-08,2023-08-03,2023-08
u0202,2023-08-06,feature_use,2023-08,2023-08-06,2023-08
u0202,2023-08-10,login,2023-08,2023-08-10,2023-08
u0202,2023-08-13,feature_use,2023-08,2023-08-13,2023-08
u0202,2023-08-16,export,2023-08,2023-08-16,2023-08
u0202,2023-08-17,feature_use,2023-08,2023-08-17,2023-08
u0202,2023-08-24,login,2023-08,2023-08-24,2023-08
u0202,2023-08-25,feature_use,2023-08,2023-08-25,2023-08
u0202,2023-08-26,support_ticket,2023-08,2023-08-26,2023-08
u0202,2023-08-27,login,2023-08,2023-08-27,2023-08
u0202,2023-08-28,login,2023-08,2023-08-28,2023-08
u0202,2023-09-07,login,2023-09,2023-09-07,2023-08
u0202,2023-10-03,feature_use,2023-10,2023-10-03,2023-08
u0202,2023-10-04,login,2023-10,2023-10-04,2023-08
u0202,2023-10-22,invite_sent,2023-10,2023-10-22,2023-08
u0202,2023-11-01,login,2023-11,2023-11-01,2023-08
u0202,2023-11-04,feature_use,2023-11,2023-11-04,2023-08
u0202,2023-11-08,login,2023-11,2023-11-08,2023-08
u0202,2023-11-12,churned,2023-11,2023-11-12,2023-08
u0202,2023-11-15,login,2023-11,2023-11-15,2023-08
u0202,2023-11-22,feature_use,2023-11,2023-11-22,2023-08
u0203,2023-02-19,signup,2023-02,2023-02-19,2023-02
u0203,2023-03-16,feature_use,2023-03,2023-03-16,2023-02
u0203,2023-03-23,feature_use,2023-03,2023-03-23,2023-02
u0203,2023-04-09,login,2023-04,2023-04-09,2023-02
u0204,2023-06-22,signup,2023-06,2023-06-22,2023-06
u0204,2023-06-23,churned,2023-06,2023-06-23,2023-06
u0204,2023-06-26,feature_use,2023-06,2023-06-26,2023-06
u0204,2023-06-28,churned,2023-06,2023-06-28,2023-06
u0204,2023-07-24,feature_use,2023-07,2023-07-24,2023-06
u0204,2023-08-02,support_ticket,2023-08,2023-08-02,2023-06
u0204,2023-08-06,feature_use,2023-08,2023-08-06,2023-06
u0204,2023-08-07,export,2023-08,2023-08-07,2023-06
u0204,2023-08-08,feature_use,2023-08,2023-08-08,2023-06
u0204,2023-08-10,feature_use,2023-08,2023-08-10,2023-06
u0204,2023-08-13,upgrade,2023-08,2023-08-13,2023-06
u0204,2023-08-14,feature_use,2023-08,2023-08-14,2023-06
u0204,2023-08-18,login,2023-08,2023-08-18,2023-06
u0204,2023-08-20,export,2023-08,2023-08-20,2023-06
u0204,2023-08-22,churned,2023-08,2023-08-22,2023-06
u0204,2023-08-24,feature_use,2023-08,2023-08-24,2023-06
u0204,2023-09-09,support_ticket,2023-09,2023-09-09,2023-06
u0204,2023-09-10,upgrade,2023-09,2023-09-10,2023-06
u0204,2023-09-12,login,2023-09,2023-09-12,2023-06
u0204,2023-09-18,export,2023-09,2023-09-18,2023-06
u0204,2023-09-20,support_ticket,2023-09,2023-09-20,2023-06
u0204,2023-09-25,login,2023-09,2023-09-25,2023-06
u0204,2023-10-04,login,2023-10,2023-10-04,2023-06
u0204,2023-10-05,login,2023-10,2023-10-05,2023-06
u0204,2023-10-12,feature_use,2023-10,2023-10-12,2023-06
u0204,2023-10-14,invite_sent,2023-10,2023-10-14,2023-06
u0205,2023-02-21,signup,2023-02,2023-02-21,2023-02
u0205,2023-03-01,login,2023-03,2023-03-01,2023-02
u0205,2023-03-21,feature_use,2023-03,2023-03-21,2023-02
u0205,2023-03-30,export,2023-03,2023-03-30,2023-02
u0205,2023-04-06,support_ticket,2023-04,2023-04-06,2023-02
u0205,2023-04-24,login,2023-04,2023-04-24,2023-02
u0205,2023-05-10,export,2023-05,2023-05-10,2023-02
u0205,2023-05-16,invite_sent,2023-05,2023-05-16,2023-02
u0205,2023-06-16,invite_sent,2023-06,2023-06-16,2023-02
u0205,2023-06-21,login,2023-06,2023-06-21,2023-02
u0205,2023-06-25,feature_use,2023-06,2023-06-25,2023-02
u0205,2023-06-29,support_ticket,2023-06,2023-06-29,2023-02
u0205,2023-07-01,login,2023-07,2023-07-01,2023-02
u0205,2023-07-12,churned,2023-07,2023-07-12,2023-02
u0205,2023-07-18,support_ticket,2023-07,2023-07-18,2023-02
u0205,2023-08-09,upgrade,2023-08,2023-08-09,2023-02
u0206,2023-05-24,signup,2023-05,2023-05-24,2023-05
u0206,2023-05-25,login,2023-05,2023-05-25,2023-05
u0206,2023-05-26,feature_use,2023-05,2023-05-26,2023-05
u0206,2023-05-27,login,2023-05,2023-05-27,2023-05
u0206,2023-05-28,feature_use,2023-05,2023-05-28,2023-05
u0206,2023-05-28,login,2023-05,2023-05-28,2023-05
u0206,2023-05-29,export,2023-05,2023-05-29,2023-05
u0206,2023-05-29,feature_use,2023-05,2023-05-29,2023-05
u0206,2023-05-29,support_ticket,2023-05,2023-05-29,2023-05
u0206,2023-06-01,login,2023-06,2023-06-01,2023-05
u0206,2023-06-03,login,2023-06,2023-06-03,2023-05
u0206,2023-06-03,export,2023-06,2023-06-03,2023-05
u0206,2023-06-03,feature_use,2023-06,2023-06-03,2023-05
u0206,2023-06-04,export,2023-06,2023-06-04,2023-05
u0206,2023-06-04,feature_use,2023-06,2023-06-04,2023-05
u0206,2023-06-04,support_ticket,2023-06,2023-06-04,2023-05
u0206,2023-06-04,login,2023-06,2023-06-04,2023-05
u0206,2023-06-06,feature_use,2023-06,2023-06-06,2023-05
u0206,2023-06-06,churned,2023-06,2023-06-06,2023-05
u0206,2023-06-07,support_ticket,2023-06,2023-06-07,2023-05
u0206,2023-06-09,login,2023-06,2023-06-09,2023-05
u0206,2023-06-09,feature_use,2023-06,2023-06-09,2023-05
u0206,2023-06-11,feature_use,2023-06,2023-06-11,2023-05
u0206,2023-06-11,churned,2023-06,2023-06-11,2023-05
u0206,2023-06-11,export,2023-06,2023-06-11,2023-05
u0206,2023-06-12,support_ticket,2023-06,2023-06-12,2023-05
u0206,2023-06-12,invite_sent,2023-06,2023-06-12,2023-05
u0206,2023-06-12,feature_use,2023-06,2023-06-12,2023-05
u0206,2023-06-13,login,2023-06,2023-06-13,2023-05
u0206,2023-06-13,feature_use,2023-06,2023-06-13,2023-05
u0207,2023-10-21,signup,2023-10,2023-10-21,2023-10
u0207,2023-10-22,login,2023-10,2023-10-22,2023-10
u0207,2023-10-25,invite_sent,2023-10,2023-10-25,2023-10
u0207,2023-10-25,export,2023-10,2023-10-25,2023-10
u0207,2023-10-25,login,2023-10,2023-10-25,2023-10
u0207,2023-10-28,login,2023-10,2023-10-28,2023-10
u0207,2023-10-30,login,2023-10,2023-10-30,2023-10
u0207,2023-10-31,feature_use,2023-10,2023-10-31,2023-10
u0207,2023-11-01,churned,2023-11,2023-11-01,2023-10
u0207,2023-11-01,feature_use,2023-11,2023-11-01,2023-10
u0207,2023-11-01,invite_sent,2023-11,2023-11-01,2023-10
u0207,2023-11-02,export,2023-11,2023-11-02,2023-10
u0207,2023-11-03,upgrade,2023-11,2023-11-03,2023-10
u0207,2023-11-04,export,2023-11,2023-11-04,2023-10
u0207,2023-11-04,login,2023-11,2023-11-04,2023-10
u0207,2023-11-05,upgrade,2023-11,2023-11-05,2023-10
u0207,2023-11-09,upgrade,2023-11,2023-11-09,2023-10
u0207,2023-11-09,login,2023-11,2023-11-09,2023-10
u0207,2023-11-09,invite_sent,2023-11,2023-11-09,2023-10
u0207,2023-11-10,feature_use,2023-11,2023-11-10,2023-10
u0207,2023-11-12,login,2023-11,2023-11-12,2023-10
u0207,2023-11-13,support_ticket,2023-11,2023-11-13,2023-10
u0207,2023-11-15,login,2023-11,2023-11-15,2023-10
u0207,2023-11-16,login,2023-11,2023-11-16,2023-10
u0207,2023-11-18,feature_use,2023-11,2023-11-18,2023-10
u0207,2023-11-19,upgrade,2023-11,2023-11-19,2023-10
u0207,2023-11-21,login,2023-11,2023-11-21,2023-10
u0207,2023-11-26,feature_use,2023-11,2023-11-26,2023-10
u0207,2023-11-27,login,2023-11,2023-11-27,2023-10
u0207,2023-11-28,export,2023-11,2023-11-28,2023-10
u0207,2023-12-03,invite_sent,2023-12,2023-12-03,2023-10
u0208,2023-09-21,signup,2023-09,2023-09-21,2023-09
u0208,2023-10-06,login,2023-10,2023-10-06,2023-09
u0208,2023-10-14,feature_use,2023-10,2023-10-14,2023-09
u0208,2023-10-22,feature_use,2023-10,2023-10-22,2023-09
u0208,2023-10-23,login,2023-10,2023-10-23,2023-09
u0208,2023-10-30,upgrade,2023-10,2023-10-30,2023-09
u0208,2023-11-08,login,2023-11,2023-11-08,2023-09
u0208,2023-11-09,support_ticket,2023-11,2023-11-09,2023-09
u0208,2023-11-20,export,2023-11,2023-11-20,2023-09
u0208,2023-12-11,upgrade,2023-12,2023-12-11,2023-09
u0208,2023-12-11,feature_use,2023-12,2023-12-11,2023-09
u0208,2023-12-14,feature_use,2023-12,2023-12-14,2023-09
u0208,2023-12-15,login,2023-12,2023-12-15,2023-09
u0209,2023-09-08,signup,2023-09,2023-09-08,2023-09
u0209,2023-09-11,feature_use,2023-09,2023-09-11,2023-09
u0209,2023-09-24,login,2023-09,2023-09-24,2023-09
u0209,2023-10-05,churned,2023-10,2023-10-05,2023-09
u0209,2023-10-20,login,2023-10,2023-10-20,2023-09
u0209,2023-11-09,churned,2023-11,2023-11-09,2023-09
u0209,2023-11-14,export,2023-11,2023-11-14,2023-09
u0209,2023-11-15,feature_use,2023-11,2023-11-15,2023-09
u0209,2023-11-16,login,2023-11,2023-11-16,2023-09
u0209,2023-11-16,upgrade,2023-11,2023-11-16,2023-09
u0209,2023-11-19,support_ticket,2023-11,2023-11-19,2023-09
u0209,2023-11-21,feature_use,2023-11,2023-11-21,2023-09
u0209,2023-11-21,login,2023-11,2023-11-21,2023-09
u0209,2023-11-23,login,2023-11,2023-11-23,2023-09
u0209,2023-12-01,login,2023-12,2023-12-01,2023-09
u0209,2023-12-06,support_ticket,2023-12,2023-12-06,2023-09
u0209,2023-12-07,feature_use,2023-12,2023-12-07,2023-09
u0209,2023-12-07,login,2023-12,2023-12-07,2023-09
u0210,2023-11-03,signup,2023-11,2023-11-03,2023-11
u0210,2023-11-05,login,2023-11,2023-11-05,2023-11
u0210,2023-11-06,invite_sent,2023-11,2023-11-06,2023-11
u0210,2023-11-07,login,2023-11,2023-11-07,2023-11
u0210,2023-11-07,feature_use,2023-11,2023-11-07,2023-11
u0210,2023-11-08,feature_use,2023-11,2023-11-08,2023-11
u0210,2023-11-09,login,2023-11,2023-11-09,2023-11
u0210,2023-11-09,feature_use,2023-11,2023-11-09,2023-11
u0210,2023-11-10,login,2023-11,2023-11-10,2023-11
u0210,2023-11-10,feature_use,2023-11,2023-11-10,2023-11
u0210,2023-11-10,upgrade,2023-11,2023-11-10,2023-11
u0210,2023-11-12,export,2023-11,2023-11-12,2023-11
u0210,2023-11-12,login,2023-11,2023-11-12,2023-11
u0210,2023-11-13,login,2023-11,2023-11-13,2023-11
u0210,2023-11-13,feature_use,2023-11,2023-11-13,2023-11
u0210,2023-11-15,churned,2023-11,2023-11-15,2023-11
u0210,2023-11-15,feature_use,2023-11,2023-11-15,2023-11
u0210,2023-11-16,feature_use,2023-11,2023-11-16,2023-11
u0210,2023-11-18,support_ticket,2023-11,2023-11-18,2023-11
u0210,2023-11-18,login,2023-11,2023-11-18,2023-11
u0210,2023-11-19,upgrade,2023-11,2023-11-19,2023-11
u0210,2023-11-20,invite_sent,2023-11,2023-11-20,2023-11
u0210,2023-11-20,login,2023-11,2023-11-20,2023-11
u0210,2023-11-21,login,2023-11,2023-11-21,2023-11
u0210,2023-11-22,login,2023-11,2023-11-22,2023-11
u0210,2023-11-22,feature_use,2023-11,2023-11-22,2023-11
u0210,2023-11-23,feature_use,2023-11,2023-11-23,2023-11
u0210,2023-11-24,upgrade,2023-11,2023-11-24,2023-11
u0210,2023-11-25,login,2023-11,2023-11-25,2023-11
u0210,2023-11-25,feature_use,2023-11,2023-11-25,2023-11
u0210,2023-11-26,login,2023-11,2023-11-26,2023-11
u0210,2023-11-27,login,2023-11,2023-11-27,2023-11
u0210,2023-11-30,feature_use,2023-11,2023-11-30,2023-11
u0210,2023-12-01,export,2023-12,2023-12-01,2023-11
u0211,2023-03-25,signup,2023-03,2023-03-25,2023-03
u0211,2023-04-06,login,2023-04,2023-04-06,2023-03
u0211,2023-04-07,feature_use,2023-04,2023-04-07,2023-03
u0211,2023-04-07,invite_sent,2023-04,2023-04-07,2023-03
u0211,2023-04-08,support_ticket,2023-04,2023-04-08,2023-03
u0211,2023-04-10,feature_use,2023-04,2023-04-10,2023-03
u0211,2023-04-10,login,2023-04,2023-04-10,2023-03
u0211,2023-04-11,login,2023-04,2023-04-11,2023-03
u0211,2023-04-13,export,2023-04,2023-04-13,2023-03
u0211,2023-04-16,login,2023-04,2023-04-16,2023-03
u0211,2023-04-23,login,2023-04,2023-04-23,2023-03
u0211,2023-04-23,feature_use,2023-04,2023-04-23,2023-03
u0211,2023-04-26,login,2023-04,2023-04-26,2023-03
u0211,2023-05-01,feature_use,2023-05,2023-05-01,2023-03
u0211,2023-05-04,feature_use,2023-05,2023-05-04,2023-03
u0211,2023-05-07,support_ticket,2023-05,2023-05-07,2023-03
u0211,2023-05-09,upgrade,2023-05,2023-05-09,2023-03
u0211,2023-05-14,login,2023-05,2023-05-14,2023-03
u0211,2023-05-16,feature_use,2023-05,2023-05-16,2023-03
u0211,2023-05-17,login,2023-05,2023-05-17,2023-03
u0211,2023-05-20,feature_use,2023-05,2023-05-20,2023-03
u0211,2023-05-27,login,2023-05,2023-05-27,2023-03
u0211,2023-05-30,upgrade,2023-05,2023-05-30,2023-03
u0211,2023-06-02,feature_use,2023-06,2023-06-02,2023-03
u0212,2023-03-06,signup,2023-03,2023-03-06,2023-03
u0212,2023-03-07,churned,2023-03,2023-03-07,2023-03
u0212,2023-03-10,invite_sent,2023-03,2023-03-10,2023-03
u0212,2023-03-10,login,2023-03,2023-03-10,2023-03
u0212,2023-03-11,upgrade,2023-03,2023-03-11,2023-03
u0212,2023-03-12,invite_sent,2023-03,2023-03-12,2023-03
u0212,2023-03-12,feature_use,2023-03,2023-03-12,2023-03
u0212,2023-03-12,login,2023-03,2023-03-12,2023-03
u0212,2023-03-15,feature_use,2023-03,2023-03-15,2023-03
u0212,2023-03-18,feature_use,2023-03,2023-03-18,2023-03
u0212,2023-03-21,login,2023-03,2023-03-21,2023-03
u0212,2023-03-22,feature_use,2023-03,2023-03-22,2023-03
u0212,2023-03-25,feature_use,2023-03,2023-03-25,2023-03
u0212,2023-03-29,support_ticket,2023-03,2023-03-29,2023-03
u0212,2023-04-02,upgrade,2023-04,2023-04-02,2023-03
u0212,2023-04-02,support_ticket,2023-04,2023-04-02,2023-03
u0212,2023-04-03,feature_use,2023-04,2023-04-03,2023-03
u0212,2023-04-07,support_ticket,2023-04,2023-04-07,2023-03
u0212,2023-04-08,login,2023-04,2023-04-08,2023-03
u0212,2023-04-16,churned,2023-04,2023-04-16,2023-03
u0213,2023-09-21,signup,2023-09,2023-09-21,2023-09
u0213,2023-09-27,feature_use,2023-09,2023-09-27,2023-09
u0213,2023-10-13,feature_use,2023-10,2023-10-13,2023-09
u0213,2023-10-16,invite_sent,2023-10,2023-10-16,2023-09
u0213,2023-11-12,login,2023-11,2023-11-12,2023-09
u0213,2023-11-15,upgrade,2023-11,2023-11-15,2023-09
u0213,2023-11-28,feature_use,2023-11,2023-11-28,2023-09
u0213,2023-12-25,feature_use,2023-12,2023-12-25,2023-09
u0213,2023-12-26,login,2023-12,2023-12-26,2023-09
u0213,2023-12-28,feature_use,2023-12,2023-12-28,2023-09
u0214,2023-04-26,signup,2023-04,2023-04-26,2023-04
u0214,2023-04-28,feature_use,2023-04,2023-04-28,2023-04
u0214,2023-04-30,login,2023-04,2023-04-30,2023-04
u0214,2023-05-05,login,2023-05,2023-05-05,2023-04
u0214,2023-05-06,feature_use,2023-05,2023-05-06,2023-04
u0214,2023-05-09,login,2023-05,2023-05-09,2023-04
u0214,2023-05-13,login,2023-05,2023-05-13,2023-04
u0214,2023-05-14,export,2023-05,2023-05-14,2023-04
u0214,2023-05-18,login,2023-05,2023-05-18,2023-04
u0214,2023-05-20,feature_use,2023-05,2023-05-20,2023-04
u0214,2023-05-24,login,2023-05,2023-05-24,2023-04
u0215,2023-06-06,signup,2023-06,2023-06-06,2023-06
u0215,2023-06-08,login,2023-06,2023-06-08,2023-06
u0215,2023-06-15,login,2023-06,2023-06-15,2023-06
u0215,2023-06-16,invite_sent,2023-06,2023-06-16,2023-06
u0215,2023-06-21,login,2023-06,2023-06-21,2023-06
u0215,2023-06-28,feature_use,2023-06,2023-06-28,2023-06
u0215,2023-07-07,feature_use,2023-07,2023-07-07,2023-06
u0215,2023-07-11,feature_use,2023-07,2023-07-11,2023-06
u0215,2023-07-16,feature_use,2023-07,2023-07-16,2023-06
u0215,2023-07-23,feature_use,2023-07,2023-07-23,2023-06
u0215,2023-07-25,login,2023-07,2023-07-25,2023-06
u0215,2023-07-27,invite_sent,2023-07,2023-07-27,2023-06
u0215,2023-08-14,login,2023-08,2023-08-14,2023-06
u0215,2023-08-22,login,2023-08,2023-08-22,2023-06
u0215,2023-08-29,support_ticket,2023-08,2023-08-29,2023-06
u0215,2023-09-05,login,2023-09,2023-09-05,2023-06
u0215,2023-09-05,support_ticket,2023-09,2023-09-05,2023-06
u0215,2023-09-14,login,2023-09,2023-09-14,2023-06
u0215,2023-09-17,feature_use,2023-09,2023-09-17,2023-06
u0215,2023-09-25,feature_use,2023-09,2023-09-25,2023-06
u0215,2023-09-27,feature_use,2023-09,2023-09-27,2023-06
u0215,2023-09-27,login,2023-09,2023-09-27,2023-06
u0215,2023-10-05,feature_use,2023-10,2023-10-05,2023-06
u0215,2023-10-09,login,2023-10,2023-10-09,2023-06
u0215,2023-10-25,feature_use,2023-10,2023-10-25,2023-06
u0215,2023-11-11,feature_use,2023-11,2023-11-11,2023-06
u0215,2023-11-12,export,2023-11,2023-11-12,2023-06
u0215,2023-11-22,login,2023-11,2023-11-22,2023-06
u0215,2023-11-24,churned,2023-11,2023-11-24,2023-06
u0215,2023-11-28,upgrade,2023-11,2023-11-28,2023-06
u0215,2023-12-05,login,2023-12,2023-12-05,2023-06
u0215,2023-12-08,login,2023-12,2023-12-08,2023-06
u0215,2023-12-13,export,2023-12,2023-12-13,2023-06
u0215,2023-12-14,login,2023-12,2023-12-14,2023-06
u0216,2023-02-25,signup,2023-02,2023-02-25,2023-02
u0216,2023-02-27,feature_use,2023-02,2023-02-27,2023-02
u0216,2023-03-08,support_ticket,2023-03,2023-03-08,2023-02
u0216,2023-03-12,export,2023-03,2023-03-12,2023-02
u0216,2023-03-29,feature_use,2023-03,2023-03-29,2023-02
u0216,2023-03-29,login,2023-03,2023-03-29,2023-02
u0216,2023-04-04,login,2023-04,2023-04-04,2023-02
u0216,2023-04-11,feature_use,2023-04,2023-04-11,2023-02
u0216,2023-04-21,churned,2023-04,2023-04-21,2023-02
u0216,2023-05-23,export,2023-05,2023-05-23,2023-02
u0216,2023-05-24,login,2023-05,2023-05-24,2023-02
u0216,2023-05-26,login,2023-05,2023-05-26,2023-02
u0216,2023-05-30,feature_use,2023-05,2023-05-30,2023-02
u0217,2023-08-08,signup,2023-08,2023-08-08,2023-08
u0217,2023-08-12,feature_use,2023-08,2023-08-12,2023-08
u0217,2023-08-17,feature_use,2023-08,2023-08-17,2023-08
u0217,2023-08-18,login,2023-08,2023-08-18,2023-08
u0217,2023-08-18,feature_use,2023-08,2023-08-18,2023-08
u0217,2023-08-26,churned,2023-08,2023-08-26,2023-08
u0217,2023-09-15,feature_use,2023-09,2023-09-15,2023-08
u0217,2023-09-17,login,2023-09,2023-09-17,2023-08
u0217,2023-09-22,upgrade,2023-09,2023-09-22,2023-08
u0218,2023-09-26,signup,2023-09,2023-09-26,2023-09
u0218,2023-09-30,feature_use,2023-09,2023-09-30,2023-09
u0218,2023-10-04,login,2023-10,2023-10-04,2023-09
u0218,2023-10-08,login,2023-10,2023-10-08,2023-09
u0218,2023-10-14,invite_sent,2023-10,2023-10-14,2023-09
u0218,2023-10-16,login,2023-10,2023-10-16,2023-09
u0218,2023-10-17,invite_sent,2023-10,2023-10-17,2023-09
u0218,2023-10-17,login,2023-10,2023-10-17,2023-09
u0218,2023-10-18,feature_use,2023-10,2023-10-18,2023-09
u0218,2023-10-27,login,2023-10,2023-10-27,2023-09
u0218,2023-10-28,login,2023-10,2023-10-28,2023-09
u0218,2023-11-01,support_ticket,2023-11,2023-11-01,2023-09
u0218,2023-11-04,login,2023-11,2023-11-04,2023-09
u0218,2023-11-07,login,2023-11,2023-11-07,2023-09
u0218,2023-11-08,login,2023-11,2023-11-08,2023-09
u0218,2023-11-11,feature_use,2023-11,2023-11-11,2023-09
u0219,2023-03-08,signup,2023-03,2023-03-08,2023-03
u0219,2023-03-31,export,2023-03,2023-03-31,2023-03
u0219,2023-04-03,login,2023-04,2023-04-03,2023-03
u0219,2023-04-10,login,2023-04,2023-04-10,2023-03
u0219,2023-04-11,feature_use,2023-04,2023-04-11,2023-03
u0219,2023-04-20,feature_use,2023-04,2023-04-20,2023-03
u0219,2023-04-25,login,2023-04,2023-04-25,2023-03
u0219,2023-04-27,upgrade,2023-04,2023-04-27,2023-03
u0219,2023-05-01,feature_use,2023-05,2023-05-01,2023-03
u0219,2023-05-08,feature_use,2023-05,2023-05-08,2023-03
u0219,2023-05-22,login,2023-05,2023-05-22,2023-03
u0219,2023-05-25,upgrade,2023-05,2023-05-25,2023-03
u0219,2023-06-10,feature_use,2023-06,2023-06-10,2023-03
u0219,2023-06-24,feature_use,2023-06,2023-06-24,2023-03
u0219,2023-06-28,login,2023-06,2023-06-28,2023-03
u0219,2023-07-15,support_ticket,2023-07,2023-07-15,2023-03
u0219,2023-07-15,upgrade,2023-07,2023-07-15,2023-03
u0219,2023-07-17,feature_use,2023-07,2023-07-17,2023-03
u0219,2023-07-18,churned,2023-07,2023-07-18,2023-03
u0219,2023-07-22,feature_use,2023-07,2023-07-22,2023-03
u0219,2023-07-26,feature_use,2023-07,2023-07-26,2023-03
u0219,2023-07-27,upgrade,2023-07,2023-07-27,2023-03
u0219,2023-07-30,churned,2023-07,2023-07-30,2023-03
u0219,2023-07-31,login,2023-07,2023-07-31,2023-03
u0219,2023-08-02,login,2023-08,2023-08-02,2023-03
u0219,2023-08-06,churned,2023-08,2023-08-06,2023-03
u0219,2023-08-10,login,2023-08,2023-08-10,2023-03
u0219,2023-08-11,login,2023-08,2023-08-11,2023-03
u0219,2023-08-23,support_ticket,2023-08,2023-08-23,2023-03
u0219,2023-08-31,feature_use,2023-08,2023-08-31,2023-03
u0219,2023-09-02,login,2023-09,2023-09-02,2023-03
u0219,2023-09-03,churned,2023-09,2023-09-03,2023-03
u0219,2023-09-03,login,2023-09,2023-09-03,2023-03
u0219,2023-09-08,login,2023-09,2023-09-08,2023-03
u0219,2023-09-09,login,2023-09,2023-09-09,2023-03
u0219,2023-09-19,login,2023-09,2023-09-19,2023-03
u0219,2023-09-19,export,2023-09,2023-09-19,2023-03
u0219,2023-09-24,feature_use,2023-09,2023-09-24,2023-03
u0219,2023-09-27,feature_use,2023-09,2023-09-27,2023-03
u0219,2023-10-03,feature_use,2023-10,2023-10-03,2023-03
u0220,2023-09-26,signup,2023-09,2023-09-26,2023-09
u0220,2023-09-27,feature_use,2023-09,2023-09-27,2023-09
u0220,2023-10-05,login,2023-10,2023-10-05,2023-09
u0220,2023-10-10,feature_use,2023-10,2023-10-10,2023-09
u0220,2023-10-11,login,2023-10,2023-10-11,2023-09
u0220,2023-10-12,login,2023-10,2023-10-12,2023-09
u0220,2023-10-12,churned,2023-10,2023-10-12,2023-09
u0220,2023-10-13,upgrade,2023-10,2023-10-13,2023-09
u0220,2023-10-15,upgrade,2023-10,2023-10-15,2023-09
u0220,2023-10-15,login,2023-10,2023-10-15,2023-09
u0220,2023-10-20,login,2023-10,2023-10-20,2023-09
u0220,2023-10-23,invite_sent,2023-10,2023-10-23,2023-09
u0220,2023-11-01,login,2023-11,2023-11-01,2023-09
u0220,2023-11-06,login,2023-11,2023-11-06,2023-09
u0220,2023-11-06,feature_use,2023-11,2023-11-06,2023-09
u0220,2023-11-11,export,2023-11,2023-11-11,2023-09
u0220,2023-11-16,login,2023-11,2023-11-16,2023-09
u0220,2023-11-22,login,2023-11,2023-11-22,2023-09
u0221,2023-01-30,signup,2023-01,2023-01-30,2023-01
u0221,2023-01-31,feature_use,2023-01,2023-01-31,2023-01
u0221,2023-02-01,feature_use,2023-02,2023-02-01,2023-01
u0221,2023-02-01,login,2023-02,2023-02-01,2023-01
u0221,2023-02-04,feature_use,2023-02,2023-02-04,2023-01
u0221,2023-02-06,upgrade,2023-02,2023-02-06,2023-01
u0221,2023-02-11,feature_use,2023-02,2023-02-11,2023-01
u0221,2023-02-11,login,2023-02,2023-02-11,2023-01
u0221,2023-02-11,support_ticket,2023-02,2023-02-11,2023-01
u0221,2023-02-12,login,2023-02,2023-02-12,2023-01
u0221,2023-02-13,support_ticket,2023-02,2023-02-13,2023-01
u0221,2023-02-13,feature_use,2023-02,2023-02-13,2023-01
u0221,2023-02-14,upgrade,2023-02,2023-02-14,2023-01
u0221,2023-02-14,login,2023-02,2023-02-14,2023-01
u0221,2023-02-16,export,2023-02,2023-02-16,2023-01
u0221,2023-02-17,login,2023-02,2023-02-17,2023-01
u0221,2023-02-24,invite_sent,2023-02,2023-02-24,2023-01
u0221,2023-02-25,login,2023-02,2023-02-25,2023-01
u0221,2023-02-27,feature_use,2023-02,2023-02-27,2023-01
u0221,2023-03-01,invite_sent,2023-03,2023-03-01,2023-01
u0221,2023-03-02,login,2023-03,2023-03-02,2023-01
u0221,2023-03-03,invite_sent,2023-03,2023-03-03,2023-01
u0221,2023-03-05,login,2023-03,2023-03-05,2023-01
u0222,2023-07-13,signup,2023-07,2023-07-13,2023-07
u0222,2023-07-16,login,2023-07,2023-07-16,2023-07
u0222,2023-08-31,export,2023-08,2023-08-31,2023-07
u0222,2023-09-01,login,2023-09,2023-09-01,2023-07
u0223,2023-03-15,signup,2023-03,2023-03-15,2023-03
u0223,2023-03-21,login,2023-03,2023-03-21,2023-03
u0223,2023-03-22,feature_use,2023-03,2023-03-22,2023-03
u0223,2023-04-06,export,2023-04,2023-04-06,2023-03
u0224,2023-09-03,signup,2023-09,2023-09-03,2023-09
u0224,2023-09-06,export,2023-09,2023-09-06,2023-09
u0224,2023-09-17,feature_use,2023-09,2023-09-17,2023-09
u0224,2023-09-23,login,2023-09,2023-09-23,2023-09
u0224,2023-10-02,login,2023-10,2023-10-02,2023-09
u0224,2023-10-02,invite_sent,2023-10,2023-10-02,2023-09
u0224,2023-10-13,login,2023-10,2023-10-13,2023-09
u0224,2023-10-19,feature_use,2023-10,2023-10-19,2023-09
u0224,2023-10-23,upgrade,2023-10,2023-10-23,2023-09
u0224,2023-10-27,login,2023-10,2023-10-27,2023-09
u0224,2023-10-28,feature_use,2023-10,2023-10-28,2023-09
u0224,2023-11-12,upgrade,2023-11,2023-11-12,2023-09
u0224,2023-11-23,feature_use,2023-11,2023-11-23,2023-09
u0225,2023-02-27,signup,2023-02,2023-02-27,2023-02
u0225,2023-03-09,support_ticket,2023-03,2023-03-09,2023-02
u0225,2023-03-10,invite_sent,2023-03,2023-03-10,2023-02
u0225,2023-03-13,invite_sent,2023-03,2023-03-13,2023-02
u0225,2023-03-19,support_ticket,2023-03,2023-03-19,2023-02
u0225,2023-04-02,support_ticket,2023-04,2023-04-02,2023-02
u0225,2023-04-03,invite_sent,2023-04,2023-04-03,2023-02
u0225,2023-04-05,login,2023-04,2023-04-05,2023-02
u0225,2023-04-13,export,2023-04,2023-04-13,2023-02
u0225,2023-04-15,invite_sent,2023-04,2023-04-15,2023-02
u0225,2023-04-23,feature_use,2023-04,2023-04-23,2023-02
u0225,2023-04-23,login,2023-04,2023-04-23,2023-02
u0225,2023-05-15,login,2023-05,2023-05-15,2023-02
u0225,2023-05-16,login,2023-05,2023-05-16,2023-02
u0225,2023-05-17,login,2023-05,2023-05-17,2023-02
u0225,2023-05-18,support_ticket,2023-05,2023-05-18,2023-02
u0225,2023-05-23,feature_use,2023-05,2023-05-23,2023-02
u0225,2023-05-24,upgrade,2023-05,2023-05-24,2023-02
u0226,2023-03-17,signup,2023-03,2023-03-17,2023-03
u0226,2023-03-18,login,2023-03,2023-03-18,2023-03
u0226,2023-04-02,invite_sent,2023-04,2023-04-02,2023-03
u0226,2023-04-08,feature_use,2023-04,2023-04-08,2023-03
u0226,2023-04-09,login,2023-04,2023-04-09,2023-03
u0226,2023-04-10,login,2023-04,2023-04-10,2023-03
u0226,2023-04-15,feature_use,2023-04,2023-04-15,2023-03
u0226,2023-04-19,login,2023-04,2023-04-19,2023-03
u0226,2023-04-21,invite_sent,2023-04,2023-04-21,2023-03
u0226,2023-04-22,login,2023-04,2023-04-22,2023-03
u0226,2023-04-23,export,2023-04,2023-04-23,2023-03
u0226,2023-06-11,login,2023-06,2023-06-11,2023-03
u0226,2023-06-18,export,2023-06,2023-06-18,2023-03
u0226,2023-06-24,login,2023-06,2023-06-24,2023-03
u0226,2023-06-24,feature_use,2023-06,2023-06-24,2023-03
u0226,2023-07-03,feature_use,2023-07,2023-07-03,2023-03
u0226,2023-07-18,support_ticket,2023-07,2023-07-18,2023-03
u0226,2023-07-22,feature_use,2023-07,2023-07-22,2023-03
u0226,2023-07-23,feature_use,2023-07,2023-07-23,2023-03
u0226,2023-08-06,churned,2023-08,2023-08-06,2023-03
u0226,2023-08-07,feature_use,2023-08,2023-08-07,2023-03
u0226,2023-08-19,support_ticket,2023-08,2023-08-19,2023-03
u0226,2023-09-01,invite_sent,2023-09,2023-09-01,2023-03
u0226,2023-09-11,churned,2023-09,2023-09-11,2023-03
u0226,2023-09-18,support_ticket,2023-09,2023-09-18,2023-03
u0226,2023-09-20,login,2023-09,2023-09-20,2023-03
u0226,2023-09-25,login,2023-09,2023-09-25,2023-03
u0226,2023-10-02,upgrade,2023-10,2023-10-02,2023-03
u0226,2023-10-14,login,2023-10,2023-10-14,2023-03
u0226,2023-10-21,login,2023-10,2023-10-21,2023-03
u0226,2023-10-25,support_ticket,2023-10,2023-10-25,2023-03
u0227,2023-08-04,signup,2023-08,2023-08-04,2023-08
u0227,2023-08-08,support_ticket,2023-08,2023-08-08,2023-08
u0227,2023-08-12,churned,2023-08,2023-08-12,2023-08
u0227,2023-08-13,support_ticket,2023-08,2023-08-13,2023-08
u0227,2023-08-15,login,2023-08,2023-08-15,2023-08
u0227,2023-08-16,feature_use,2023-08,2023-08-16,2023-08
u0227,2023-08-20,login,2023-08,2023-08-20,2023-08
u0227,2023-08-28,login,2023-08,2023-08-28,2023-08
u0227,2023-08-31,login,2023-08,2023-08-31,2023-08
u0227,2023-09-01,feature_use,2023-09,2023-09-01,2023-08
u0227,2023-09-04,feature_use,2023-09,2023-09-04,2023-08
u0227,2023-09-10,export,2023-09,2023-09-10,2023-08
u0227,2023-09-11,login,2023-09,2023-09-11,2023-08
u0227,2023-09-18,login,2023-09,2023-09-18,2023-08
u0227,2023-09-18,invite_sent,2023-09,2023-09-18,2023-08
u0227,2023-09-19,login,2023-09,2023-09-19,2023-08
u0227,2023-09-20,login,2023-09,2023-09-20,2023-08
u0227,2023-09-27,feature_use,2023-09,2023-09-27,2023-08
u0228,2023-06-22,signup,2023-06,2023-06-22,2023-06
u0228,2023-06-23,feature_use,2023-06,2023-06-23,2023-06
u0228,2023-06-25,feature_use,2023-06,2023-06-25,2023-06
u0228,2023-06-27,support_ticket,2023-06,2023-06-27,2023-06
u0228,2023-06-28,feature_use,2023-06,2023-06-28,2023-06
u0228,2023-06-29,login,2023-06,2023-06-29,2023-06
u0228,2023-06-30,login,2023-06,2023-06-30,2023-06
u0228,2023-07-01,support_ticket,2023-07,2023-07-01,2023-06
u0228,2023-07-03,login,2023-07,2023-07-03,2023-06
u0228,2023-07-04,feature_use,2023-07,2023-07-04,2023-06
u0228,2023-07-05,login,2023-07,2023-07-05,2023-06
u0228,2023-07-07,feature_use,2023-07,2023-07-07,2023-06
u0228,2023-07-09,invite_sent,2023-07,2023-07-09,2023-06
u0228,2023-07-16,feature_use,2023-07,2023-07-16,2023-06
u0228,2023-07-18,feature_use,2023-07,2023-07-18,2023-06
u0228,2023-07-18,export,2023-07,2023-07-18,2023-06
u0228,2023-07-20,feature_use,2023-07,2023-07-20,2023-06
u0228,2023-07-22,feature_use,2023-07,2023-07-22,2023-06
u0228,2023-07-25,login,2023-07,2023-07-25,2023-06
u0229,2023-11-05,signup,2023-11,2023-11-05,2023-11
u0229,2023-11-19,feature_use,2023-11,2023-11-19,2023-11
u0229,2023-11-21,login,2023-11,2023-11-21,2023-11
u0229,2023-11-25,login,2023-11,2023-11-25,2023-11
u0229,2023-12-10,login,2023-12,2023-12-10,2023-11
u0230,2023-04-14,signup,2023-04,2023-04-14,2023-04
u0230,2023-04-17,login,2023-04,2023-04-17,2023-04
u0230,2023-04-20,export,2023-04,2023-04-20,2023-04
u0230,2023-04-20,invite_sent,2023-04,2023-04-20,2023-04
u0230,2023-04-21,login,2023-04,2023-04-21,2023-04
u0230,2023-04-24,login,2023-04,2023-04-24,2023-04
u0230,2023-04-24,feature_use,2023-04,2023-04-24,2023-04
u0230,2023-05-02,login,2023-05,2023-05-02,2023-04
u0230,2023-05-04,login,2023-05,2023-05-04,2023-04
u0230,2023-05-05,login,2023-05,2023-05-05,2023-04
u0230,2023-05-05,support_ticket,2023-05,2023-05-05,2023-04
u0230,2023-05-07,support_ticket,2023-05,2023-05-07,2023-04
u0230,2023-05-07,churned,2023-05,2023-05-07,2023-04
u0230,2023-05-09,feature_use,2023-05,2023-05-09,2023-04
u0230,2023-05-10,feature_use,2023-05,2023-05-10,2023-04
u0230,2023-05-15,login,2023-05,2023-05-15,2023-04
u0230,2023-05-17,login,2023-05,2023-05-17,2023-04
u0230,2023-05-21,feature_use,2023-05,2023-05-21,2023-04
u0230,2023-05-21,churned,2023-05,2023-05-21,2023-04
u0231,2023-04-29,signup,2023-04,2023-04-29,2023-04
u0231,2023-06-02,login,2023-06,2023-06-02,2023-04
u0231,2023-06-08,feature_use,2023-06,2023-06-08,2023-04
u0231,2023-07-26,feature_use,2023-07,2023-07-26,2023-04
u0231,2023-07-31,feature_use,2023-07,2023-07-31,2023-04
u0231,2023-08-07,login,2023-08,2023-08-07,2023-04
u0231,2023-08-18,login,2023-08,2023-08-18,2023-04
u0231,2023-09-05,feature_use,2023-09,2023-09-05,2023-04
u0231,2023-09-10,invite_sent,2023-09,2023-09-10,2023-04
u0231,2023-10-03,feature_use,2023-10,2023-10-03,2023-04
u0231,2023-10-29,support_ticket,2023-10,2023-10-29,2023-04
u0231,2023-11-02,feature_use,2023-11,2023-11-02,2023-04
u0231,2023-11-12,upgrade,2023-11,2023-11-12,2023-04
u0232,2023-09-12,signup,2023-09,2023-09-12,2023-09
u0232,2023-09-13,feature_use,2023-09,2023-09-13,2023-09
u0232,2023-09-14,upgrade,2023-09,2023-09-14,2023-09
u0232,2023-09-14,invite_sent,2023-09,2023-09-14,2023-09
u0232,2023-09-15,feature_use,2023-09,2023-09-15,2023-09
u0232,2023-09-15,login,2023-09,2023-09-15,2023-09
u0232,2023-09-16,login,2023-09,2023-09-16,2023-09
u0232,2023-09-16,churned,2023-09,2023-09-16,2023-09
u0232,2023-09-16,feature_use,2023-09,2023-09-16,2023-09
u0232,2023-09-17,feature_use,2023-09,2023-09-17,2023-09
u0233,2023-07-06,signup,2023-07,2023-07-06,2023-07
u0233,2023-07-09,login,2023-07,2023-07-09,2023-07
u0233,2023-07-17,feature_use,2023-07,2023-07-17,2023-07
u0233,2023-07-21,support_ticket,2023-07,2023-07-21,2023-07
u0233,2023-07-23,login,2023-07,2023-07-23,2023-07
u0233,2023-07-25,login,2023-07,2023-07-25,2023-07
u0233,2023-08-02,login,2023-08,2023-08-02,2023-07
u0233,2023-08-09,feature_use,2023-08,2023-08-09,2023-07
u0233,2023-08-13,feature_use,2023-08,2023-08-13,2023-07
u0233,2023-08-15,invite_sent,2023-08,2023-08-15,2023-07
u0233,2023-08-16,feature_use,2023-08,2023-08-16,2023-07
u0233,2023-08-22,upgrade,2023-08,2023-08-22,2023-07
u0233,2023-08-27,feature_use,2023-08,2023-08-27,2023-07
u0233,2023-08-30,export,2023-08,2023-08-30,2023-07
u0233,2023-09-07,upgrade,2023-09,2023-09-07,2023-07
u0233,2023-09-12,export,2023-09,2023-09-12,2023-07
u0233,2023-09-25,feature_use,2023-09,2023-09-25,2023-07
u0233,2023-09-26,feature_use,2023-09,2023-09-26,2023-07
u0233,2023-10-04,feature_use,2023-10,2023-10-04,2023-07
u0233,2023-10-07,support_ticket,2023-10,2023-10-07,2023-07
u0233,2023-10-12,login,2023-10,2023-10-12,2023-07
u0233,2023-10-16,support_ticket,2023-10,2023-10-16,2023-07
u0233,2023-10-20,feature_use,2023-10,2023-10-20,2023-07
u0233,2023-10-31,login,2023-10,2023-10-31,2023-07
u0233,2023-11-02,feature_use,2023-11,2023-11-02,2023-07
u0233,2023-11-03,login,2023-11,2023-11-03,2023-07
u0233,2023-11-05,login,2023-11,2023-11-05,2023-07
u0233,2023-11-08,login,2023-11,2023-11-08,2023-07
u0233,2023-11-15,export,2023-11,2023-11-15,2023-07
u0234,2023-08-05,signup,2023-08,2023-08-05,2023-08
u0234,2023-08-09,login,2023-08,2023-08-09,2023-08
u0234,2023-08-11,login,2023-08,2023-08-11,2023-08
u0234,2023-08-22,login,2023-08,2023-08-22,2023-08
u0234,2023-08-23,feature_use,2023-08,2023-08-23,2023-08
u0234,2023-08-25,export,2023-08,2023-08-25,2023-08
u0234,2023-08-25,login,2023-08,2023-08-25,2023-08
u0234,2023-08-28,invite_sent,2023-08,2023-08-28,2023-08
u0234,2023-09-02,login,2023-09,2023-09-02,2023-08
u0234,2023-09-03,export,2023-09,2023-09-03,2023-08
u0234,2023-09-05,feature_use,2023-09,2023-09-05,2023-08
u0234,2023-09-08,login,2023-09,2023-09-08,2023-08
u0234,2023-09-19,support_ticket,2023-09,2023-09-19,2023-08
u0234,2023-09-19,feature_use,2023-09,2023-09-19,2023-08
u0235,2023-01-06,signup,2023-01,2023-01-06,2023-01
u0235,2023-01-08,churned,2023-01,2023-01-08,2023-01
u0235,2023-02-15,upgrade,2023-02,2023-02-15,2023-01
u0235,2023-02-25,login,2023-02,2023-02-25,2023-01
u0235,2023-03-06,support_ticket,2023-03,2023-03-06,2023-01
u0235,2023-03-12,feature_use,2023-03,2023-03-12,2023-01
u0235,2023-04-13,feature_use,2023-04,2023-04-13,2023-01
u0235,2023-06-18,login,2023-06,2023-06-18,2023-01
u0235,2023-06-21,feature_use,2023-06,2023-06-21,2023-01
u0235,2023-08-03,login,2023-08,2023-08-03,2023-01
u0235,2023-08-29,invite_sent,2023-08,2023-08-29,2023-01
u0235,2023-09-19,export,2023-09,2023-09-19,2023-01
u0235,2023-10-13,support_ticket,2023-10,2023-10-13,2023-01
u0235,2023-10-30,feature_use,2023-10,2023-10-30,2023-01
u0235,2023-11-10,feature_use,2023-11,2023-11-10,2023-01
u0235,2023-11-30,churned,2023-11,2023-11-30,2023-01
u0236,2023-06-28,signup,2023-06,2023-06-28,2023-06
u0236,2023-06-29,feature_use,2023-06,2023-06-29,2023-06
u0236,2023-06-29,invite_sent,2023-06,2023-06-29,2023-06
u0236,2023-06-29,login,2023-06,2023-06-29,2023-06
u0236,2023-06-30,feature_use,2023-06,2023-06-30,2023-06
u0236,2023-07-02,upgrade,2023-07,2023-07-02,2023-06
u0236,2023-07-02,churned,2023-07,2023-07-02,2023-06
u0236,2023-07-02,login,2023-07,2023-07-02,2023-06
u0236,2023-07-02,feature_use,2023-07,2023-07-02,2023-06
u0236,2023-07-04,feature_use,2023-07,2023-07-04,2023-06
u0236,2023-07-07,login,2023-07,2023-07-07,2023-06
u0236,2023-07-08,feature_use,2023-07,2023-07-08,2023-06
u0236,2023-07-09,login,2023-07,2023-07-09,2023-06
u0236,2023-07-10,login,2023-07,2023-07-10,2023-06
u0236,2023-07-10,churned,2023-07,2023-07-10,2023-06
u0236,2023-07-10,support_ticket,2023-07,2023-07-10,2023-06
u0236,2023-07-10,export,2023-07,2023-07-10,2023-06
u0236,2023-07-11,login,2023-07,2023-07-11,2023-06
u0236,2023-07-12,feature_use,2023-07,2023-07-12,2023-06
u0236,2023-07-12,login,2023-07,2023-07-12,2023-06
u0236,2023-07-13,feature_use,2023-07,2023-07-13,2023-06
u0236,2023-07-14,invite_sent,2023-07,2023-07-14,2023-06
u0236,2023-07-15,feature_use,2023-07,2023-07-15,2023-06
u0236,2023-07-15,login,2023-07,2023-07-15,2023-06
u0236,2023-07-15,support_ticket,2023-07,2023-07-15,2023-06
u0237,2023-11-26,signup,2023-11,2023-11-26,2023-11
u0237,2023-11-27,feature_use,2023-11,2023-11-27,2023-11
u0237,2023-11-29,login,2023-11,2023-11-29,2023-11
u0237,2023-11-30,upgrade,2023-11,2023-11-30,2023-11
u0237,2023-11-30,login,2023-11,2023-11-30,2023-11
u0237,2023-12-01,feature_use,2023-12,2023-12-01,2023-11
u0237,2023-12-02,feature_use,2023-12,2023-12-02,2023-11
u0237,2023-12-02,login,2023-12,2023-12-02,2023-11
u0237,2023-12-04,feature_use,2023-12,2023-12-04,2023-11
u0237,2023-12-04,login,2023-12,2023-12-04,2023-11
u0237,2023-12-05,feature_use,2023-12,2023-12-05,2023-11
u0237,2023-12-05,login,2023-12,2023-12-05,2023-11
u0237,2023-12-06,login,2023-12,2023-12-06,2023-11
u0237,2023-12-07,login,2023-12,2023-12-07,2023-11
u0237,2023-12-09,export,2023-12,2023-12-09,2023-11
u0237,2023-12-09,login,2023-12,2023-12-09,2023-11
u0237,2023-12-10,login,2023-12,2023-12-10,2023-11
u0237,2023-12-11,feature_use,2023-12,2023-12-11,2023-11
u0237,2023-12-11,invite_sent,2023-12,2023-12-11,2023-11
u0237,2023-12-12,export,2023-12,2023-12-12,2023-11
u0237,2023-12-14,export,2023-12,2023-12-14,2023-11
u0237,2023-12-15,login,2023-12,2023-12-15,2023-11
u0237,2023-12-15,feature_use,2023-12,2023-12-15,2023-11
u0237,2023-12-16,upgrade,2023-12,2023-12-16,2023-11
u0237,2023-12-17,feature_use,2023-12,2023-12-17,2023-11
u0237,2023-12-17,invite_sent,2023-12,2023-12-17,2023-11
u0237,2023-12-17,churned,2023-12,2023-12-17,2023-11
u0237,2023-12-20,login,2023-12,2023-12-20,2023-11
u0237,2023-12-20,upgrade,2023-12,2023-12-20,2023-11
u0237,2023-12-20,support_ticket,2023-12,2023-12-20,2023-11
u0237,2023-12-21,login,2023-12,2023-12-21,2023-11
u0237,2023-12-22,feature_use,2023-12,2023-12-22,2023-11
u0237,2023-12-22,login,2023-12,2023-12-22,2023-11
u0237,2023-12-23,feature_use,2023-12,2023-12-23,2023-11
u0237,2023-12-24,login,2023-12,2023-12-24,2023-11
u0237,2023-12-25,login,2023-12,2023-12-25,2023-11
u0237,2023-12-26,churned,2023-12,2023-12-26,2023-11
u0237,2023-12-26,export,2023-12,2023-12-26,2023-11
u0238,2023-02-07,signup,2023-02,2023-02-07,2023-02
u0238,2023-02-08,login,2023-02,2023-02-08,2023-02
u0238,2023-02-11,login,2023-02,2023-02-11,2023-02
u0238,2023-02-12,login,2023-02,2023-02-12,2023-02
u0238,2023-02-22,invite_sent,2023-02,2023-02-22,2023-02
u0238,2023-03-02,feature_use,2023-03,2023-03-02,2023-02
u0238,2023-03-03,login,2023-03,2023-03-03,2023-02
u0238,2023-03-04,feature_use,2023-03,2023-03-04,2023-02
u0238,2023-03-07,export,2023-03,2023-03-07,2023-02
u0238,2023-03-12,invite_sent,2023-03,2023-03-12,2023-02
u0238,2023-03-20,feature_use,2023-03,2023-03-20,2023-02
u0238,2023-03-23,churned,2023-03,2023-03-23,2023-02
u0238,2023-04-02,feature_use,2023-04,2023-04-02,2023-02
u0238,2023-04-06,support_ticket,2023-04,2023-04-06,2023-02
u0238,2023-04-10,churned,2023-04,2023-04-10,2023-02
u0238,2023-04-14,support_ticket,2023-04,2023-04-14,2023-02
u0238,2023-04-17,login,2023-04,2023-04-17,2023-02
u0239,2023-04-23,signup,2023-04,2023-04-23,2023-04
u0239,2023-05-06,invite_sent,2023-05,2023-05-06,2023-04
u0239,2023-05-10,login,2023-05,2023-05-10,2023-04
u0239,2023-05-11,login,2023-05,2023-05-11,2023-04
u0239,2023-05-16,upgrade,2023-05,2023-05-16,2023-04
u0239,2023-05-19,invite_sent,2023-05,2023-05-19,2023-04
u0239,2023-05-19,login,2023-05,2023-05-19,2023-04
u0239,2023-05-21,feature_use,2023-05,2023-05-21,2023-04
u0239,2023-06-04,login,2023-06,2023-06-04,2023-04
u0239,2023-06-06,export,2023-06,2023-06-06,2023-04
u0239,2023-06-08,login,2023-06,2023-06-08,2023-04
u0239,2023-06-10,support_ticket,2023-06,2023-06-10,2023-04
u0240,2023-10-28,signup,2023-10,2023-10-28,2023-10
u0240,2023-10-30,login,2023-10,2023-10-30,2023-10
u0240,2023-10-31,churned,2023-10,2023-10-31,2023-10
u0240,2023-11-01,support_ticket,2023-11,2023-11-01,2023-10
u0240,2023-11-02,login,2023-11,2023-11-02,2023-10
u0240,2023-11-04,feature_use,2023-11,2023-11-04,2023-10
u0240,2023-11-09,login,2023-11,2023-11-09,2023-10
u0240,2023-11-11,feature_use,2023-11,2023-11-11,2023-10
u0240,2023-11-12,feature_use,2023-11,2023-11-12,2023-10
u0240,2023-11-14,feature_use,2023-11,2023-11-14,2023-10
u0240,2023-11-15,support_ticket,2023-11,2023-11-15,2023-10
u0240,2023-11-15,feature_use,2023-11,2023-11-15,2023-10
u0240,2023-11-16,feature_use,2023-11,2023-11-16,2023-10
u0240,2023-11-18,feature_use,2023-11,2023-11-18,2023-10
u0240,2023-11-18,login,2023-11,2023-11-18,2023-10
u0240,2023-11-18,upgrade,2023-11,2023-11-18,2023-10
u0240,2023-11-19,login,2023-11,2023-11-19,2023-10
u0240,2023-11-21,feature_use,2023-11,2023-11-21,2023-10
u0240,2023-11-22,feature_use,2023-11,2023-11-22,2023-10
u0240,2023-11-22,login,2023-11,2023-11-22,2023-10
u0240,2023-11-25,export,2023-11,2023-11-25,2023-10
u0240,2023-11-25,feature_use,2023-11,2023-11-25,2023-10
u0240,2023-11-25,login,2023-11,2023-11-25,2023-10
u0240,2023-11-26,login,2023-11,2023-11-26,2023-10
u0240,2023-11-29,login,2023-11,2023-11-29,2023-10
u0240,2023-12-01,login,2023-12,2023-12-01,2023-10
u0240,2023-12-04,login,2023-12,2023-12-04,2023-10
u0240,2023-12-04,support_ticket,2023-12,2023-12-04,2023-10
u0240,2023-12-06,invite_sent,2023-12,2023-12-06,2023-10
u0240,2023-12-07,login,2023-12,2023-12-07,2023-10
u0240,2023-12-08,support_ticket,2023-12,2023-12-08,2023-10
u0240,2023-12-09,invite_sent,2023-12,2023-12-09,2023-10
u0240,2023-12-09,feature_use,2023-12,2023-12-09,2023-10
u0240,2023-12-10,login,2023-12,2023-12-10,2023-10
u0241,2023-03-05,signup,2023-03,2023-03-05,2023-03
u0241,2023-03-08,login,2023-03,2023-03-08,2023-03
u0241,2023-03-10,login,2023-03,2023-03-10,2023-03
u0241,2023-03-11,login,2023-03,2023-03-11,2023-03
u0241,2023-03-16,login,2023-03,2023-03-16,2023-03
u0241,2023-03-17,login,2023-03,2023-03-17,2023-03
u0241,2023-03-30,export,2023-03,2023-03-30,2023-03
u0241,2023-04-06,export,2023-04,2023-04-06,2023-03
u0241,2023-04-07,login,2023-04,2023-04-07,2023-03
u0241,2023-04-12,support_ticket,2023-04,2023-04-12,2023-03
u0241,2023-04-18,login,2023-04,2023-04-18,2023-03
u0241,2023-04-18,invite_sent,2023-04,2023-04-18,2023-03
u0241,2023-05-02,login,2023-05,2023-05-02,2023-03
u0241,2023-05-11,export,2023-05,2023-05-11,2023-03
u0241,2023-05-15,login,2023-05,2023-05-15,2023-03
u0241,2023-05-22,login,2023-05,2023-05-22,2023-03
u0241,2023-05-27,export,2023-05,2023-05-27,2023-03
u0241,2023-05-29,upgrade,2023-05,2023-05-29,2023-03
u0241,2023-06-02,feature_use,2023-06,2023-06-02,2023-03
u0241,2023-06-08,support_ticket,2023-06,2023-06-08,2023-03
u0241,2023-06-11,login,2023-06,2023-06-11,2023-03
u0241,2023-06-12,login,2023-06,2023-06-12,2023-03
u0241,2023-06-14,login,2023-06,2023-06-14,2023-03
u0241,2023-06-17,login,2023-06,2023-06-17,2023-03
u0241,2023-06-19,feature_use,2023-06,2023-06-19,2023-03
u0241,2023-06-20,upgrade,2023-06,2023-06-20,2023-03
u0241,2023-06-30,feature_use,2023-06,2023-06-30,2023-03
u0241,2023-07-02,login,2023-07,2023-07-02,2023-03
u0241,2023-07-10,feature_use,2023-07,2023-07-10,2023-03
u0241,2023-07-20,invite_sent,2023-07,2023-07-20,2023-03
u0241,2023-07-21,churned,2023-07,2023-07-21,2023-03
u0241,2023-07-26,support_ticket,2023-07,2023-07-26,2023-03
u0241,2023-07-31,churned,2023-07,2023-07-31,2023-03
u0241,2023-08-02,feature_use,2023-08,2023-08-02,2023-03
u0241,2023-08-11,login,2023-08,2023-08-11,2023-03
u0241,2023-08-17,support_ticket,2023-08,2023-08-17,2023-03
u0241,2023-08-17,churned,2023-08,2023-08-17,2023-03
u0241,2023-08-24,login,2023-08,2023-08-24,2023-03
u0241,2023-08-29,export,2023-08,2023-08-29,2023-03
u0241,2023-09-07,feature_use,2023-09,2023-09-07,2023-03
u0241,2023-09-07,invite_sent,2023-09,2023-09-07,2023-03
u0242,2023-09-28,signup,2023-09,2023-09-28,2023-09
u0242,2023-09-30,feature_use,2023-09,2023-09-30,2023-09
u0242,2023-10-02,login,2023-10,2023-10-02,2023-09
u0242,2023-10-03,churned,2023-10,2023-10-03,2023-09
u0242,2023-10-04,login,2023-10,2023-10-04,2023-09
u0242,2023-10-05,login,2023-10,2023-10-05,2023-09
u0242,2023-10-05,invite_sent,2023-10,2023-10-05,2023-09
u0242,2023-10-05,support_ticket,2023-10,2023-10-05,2023-09
u0242,2023-10-08,export,2023-10,2023-10-08,2023-09
u0242,2023-10-12,upgrade,2023-10,2023-10-12,2023-09
u0242,2023-10-12,feature_use,2023-10,2023-10-12,2023-09
u0242,2023-10-12,login,2023-10,2023-10-12,2023-09
u0242,2023-10-13,invite_sent,2023-10,2023-10-13,2023-09
u0242,2023-10-14,feature_use,2023-10,2023-10-14,2023-09
u0242,2023-10-14,login,2023-10,2023-10-14,2023-09
u0242,2023-10-15,support_ticket,2023-10,2023-10-15,2023-09
u0242,2023-10-15,login,2023-10,2023-10-15,2023-09
u0242,2023-10-16,login,2023-10,2023-10-16,2023-09
u0242,2023-10-16,feature_use,2023-10,2023-10-16,2023-09
u0242,2023-10-18,upgrade,2023-10,2023-10-18,2023-09
u0242,2023-10-18,invite_sent,2023-10,2023-10-18,2023-09
u0242,2023-10-19,support_ticket,2023-10,2023-10-19,2023-09
u0242,2023-10-20,login,2023-10,2023-10-20,2023-09
u0242,2023-10-23,login,2023-10,2023-10-23,2023-09
u0242,2023-10-23,churned,2023-10,2023-10-23,2023-09
u0242,2023-10-24,login,2023-10,2023-10-24,2023-09
u0242,2023-10-28,login,2023-10,2023-10-28,2023-09
u0242,2023-10-29,login,2023-10,2023-10-29,2023-09
u0242,2023-10-31,login,2023-10,2023-10-31,2023-09
u0242,2023-10-31,feature_use,2023-10,2023-10-31,2023-09
u0242,2023-11-01,feature_use,2023-11,2023-11-01,2023-09
u0243,2023-01-26,signup,2023-01,2023-01-26,2023-01
u0243,2023-03-13,feature_use,2023-03,2023-03-13,2023-01
u0243,2023-03-24,login,2023-03,2023-03-24,2023-01
u0243,2023-03-24,upgrade,2023-03,2023-03-24,2023-01
u0243,2023-03-25,export,2023-03,2023-03-25,2023-01
u0243,2023-03-31,churned,2023-03,2023-03-31,2023-01
u0243,2023-04-05,login,2023-04,2023-04-05,2023-01
u0243,2023-04-12,login,2023-04,2023-04-12,2023-01
u0243,2023-05-07,feature_use,2023-05,2023-05-07,2023-01
u0243,2023-06-08,feature_use,2023-06,2023-06-08,2023-01
u0243,2023-06-11,feature_use,2023-06,2023-06-11,2023-01
u0243,2023-06-12,login,2023-06,2023-06-12,2023-01
u0243,2023-07-20,login,2023-07,2023-07-20,2023-01
u0243,2023-07-25,upgrade,2023-07,2023-07-25,2023-01
u0243,2023-09-09,upgrade,2023-09,2023-09-09,2023-01
u0243,2023-09-13,login,2023-09,2023-09-13,2023-01
u0244,2023-09-11,signup,2023-09,2023-09-11,2023-09
u0244,2023-09-12,feature_use,2023-09,2023-09-12,2023-09
u0244,2023-09-16,login,2023-09,2023-09-16,2023-09
u0244,2023-09-22,login,2023-09,2023-09-22,2023-09
u0244,2023-09-23,feature_use,2023-09,2023-09-23,2023-09
u0244,2023-09-23,churned,2023-09,2023-09-23,2023-09
u0244,2023-10-02,feature_use,2023-10,2023-10-02,2023-09
u0244,2023-10-04,feature_use,2023-10,2023-10-04,2023-09
u0244,2023-10-09,login,2023-10,2023-10-09,2023-09
u0244,2023-10-11,login,2023-10,2023-10-11,2023-09
u0244,2023-10-20,login,2023-10,2023-10-20,2023-09
u0244,2023-10-26,feature_use,2023-10,2023-10-26,2023-09
u0244,2023-10-26,login,2023-10,2023-10-26,2023-09
u0244,2023-10-27,feature_use,2023-10,2023-10-27,2023-09
u0244,2023-10-28,login,2023-10,2023-10-28,2023-09
u0244,2023-10-29,login,2023-10,2023-10-29,2023-09
u0244,2023-10-30,export,2023-10,2023-10-30,2023-09
u0245,2023-08-31,signup,2023-08,2023-08-31,2023-08
u0245,2023-09-02,export,2023-09,2023-09-02,2023-08
u0245,2023-09-03,feature_use,2023-09,2023-09-03,2023-08
u0245,2023-09-13,login,2023-09,2023-09-13,2023-08
u0245,2023-09-19,support_ticket,2023-09,2023-09-19,2023-08
u0245,2023-10-03,feature_use,2023-10,2023-10-03,2023-08
u0245,2023-10-03,login,2023-10,2023-10-03,2023-08
u0245,2023-10-05,upgrade,2023-10,2023-10-05,2023-08
u0245,2023-10-08,export,2023-10,2023-10-08,2023-08
u0245,2023-10-09,upgrade,2023-10,2023-10-09,2023-08
u0245,2023-10-13,feature_use,2023-10,2023-10-13,2023-08
u0245,2023-10-15,churned,2023-10,2023-10-15,2023-08
u0245,2023-10-23,export,2023-10,2023-10-23,2023-08
u0245,2023-10-31,login,2023-10,2023-10-31,2023-08
u0245,2023-11-06,support_ticket,2023-11,2023-11-06,2023-08
u0245,2023-11-07,feature_use,2023-11,2023-11-07,2023-08
u0245,2023-11-16,feature_use,2023-11,2023-11-16,2023-08
u0245,2023-11-21,login,2023-11,2023-11-21,2023-08
u0245,2023-11-24,churned,2023-11,2023-11-24,2023-08
u0246,2023-07-02,signup,2023-07,2023-07-02,2023-07
u0246,2023-07-03,login,2023-07,2023-07-03,2023-07
u0246,2023-07-04,feature_use,2023-07,2023-07-04,2023-07
u0246,2023-07-07,feature_use,2023-07,2023-07-07,2023-07
u0246,2023-07-08,feature_use,2023-07,2023-07-08,2023-07
u0246,2023-07-08,login,2023-07,2023-07-08,2023-07
u0246,2023-07-13,login,2023-07,2023-07-13,2023-07
u0246,2023-07-14,login,2023-07,2023-07-14,2023-07
u0246,2023-07-14,upgrade,2023-07,2023-07-14,2023-07
u0246,2023-07-20,login,2023-07,2023-07-20,2023-07
u0246,2023-07-21,churned,2023-07,2023-07-21,2023-07
u0246,2023-07-28,feature_use,2023-07,2023-07-28,2023-07
u0246,2023-08-07,export,2023-08,2023-08-07,2023-07
u0246,2023-08-07,login,2023-08,2023-08-07,2023-07
u0246,2023-08-08,support_ticket,2023-08,2023-08-08,2023-07
u0246,2023-08-09,feature_use,2023-08,2023-08-09,2023-07
u0246,2023-08-09,login,2023-08,2023-08-09,2023-07
u0246,2023-08-14,feature_use,2023-08,2023-08-14,2023-07
u0246,2023-08-16,login,2023-08,2023-08-16,2023-07
u0246,2023-08-17,login,2023-08,2023-08-17,2023-07
u0246,2023-08-18,login,2023-08,2023-08-18,2023-07
u0246,2023-08-20,feature_use,2023-08,2023-08-20,2023-07
u0246,2023-08-25,invite_sent,2023-08,2023-08-25,2023-07
u0246,2023-08-27,login,2023-08,2023-08-27,2023-07
u0246,2023-08-29,churned,2023-08,2023-08-29,2023-07
u0246,2023-08-30,feature_use,2023-08,2023-08-30,2023-07
u0246,2023-09-03,login,2023-09,2023-09-03,2023-07
u0246,2023-09-05,feature_use,2023-09,2023-09-05,2023-07
u0246,2023-09-08,login,2023-09,2023-09-08,2023-07
u0246,2023-09-12,login,2023-09,2023-09-12,2023-07
u0246,2023-09-16,login,2023-09,2023-09-16,2023-07
u0246,2023-09-19,login,2023-09,2023-09-19,2023-07
u0246,2023-09-26,login,2023-09,2023-09-26,2023-07
u0246,2023-09-27,feature_use,2023-09,2023-09-27,2023-07
u0246,2023-09-27,login,2023-09,2023-09-27,2023-07
u0246,2023-09-28,login,2023-09,2023-09-28,2023-07
u0246,2023-09-30,churned,2023-09,2023-09-30,2023-07
u0246,2023-09-30,login,2023-09,2023-09-30,2023-07
u0247,2023-11-23,signup,2023-11,2023-11-23,2023-11
u0247,2023-12-02,feature_use,2023-12,2023-12-02,2023-11
u0247,2023-12-06,login,2023-12,2023-12-06,2023-11
u0247,2023-12-10,invite_sent,2023-12,2023-12-10,2023-11
u0247,2023-12-13,login,2023-12,2023-12-13,2023-11
u0247,2023-12-13,feature_use,2023-12,2023-12-13,2023-11
u0247,2023-12-14,support_ticket,2023-12,2023-12-14,2023-11
u0247,2023-12-20,feature_use,2023-12,2023-12-20,2023-11
u0247,2023-12-21,feature_use,2023-12,2023-12-21,2023-11
u0248,2023-11-18,signup,2023-11,2023-11-18,2023-11
u0248,2023-11-19,feature_use,2023-11,2023-11-19,2023-11
u0248,2023-11-19,support_ticket,2023-11,2023-11-19,2023-11
u0248,2023-11-19,login,2023-11,2023-11-19,2023-11
u0248,2023-11-20,invite_sent,2023-11,2023-11-20,2023-11
u0248,2023-11-22,login,2023-11,2023-11-22,2023-11
u0248,2023-11-22,upgrade,2023-11,2023-11-22,2023-11
u0248,2023-11-24,login,2023-11,2023-11-24,2023-11
u0248,2023-11-25,login,2023-11,2023-11-25,2023-11
u0248,2023-11-25,export,2023-11,2023-11-25,2023-11
u0248,2023-11-27,feature_use,2023-11,2023-11-27,2023-11
u0248,2023-11-28,feature_use,2023-11,2023-11-28,2023-11
u0248,2023-11-28,login,2023-11,2023-11-28,2023-11
u0248,2023-12-01,login,2023-12,2023-12-01,2023-11
u0248,2023-12-07,login,2023-12,2023-12-07,2023-11
u0248,2023-12-08,support_ticket,2023-12,2023-12-08,2023-11
u0248,2023-12-08,upgrade,2023-12,2023-12-08,2023-11
u0248,2023-12-11,feature_use,2023-12,2023-12-11,2023-11
u0248,2023-12-12,login,2023-12,2023-12-12,2023-11
u0248,2023-12-14,login,2023-12,2023-12-14,2023-11
u0248,2023-12-15,feature_use,2023-12,2023-12-15,2023-11
u0248,2023-12-15,login,2023-12,2023-12-15,2023-11
u0248,2023-12-16,login,2023-12,2023-12-16,2023-11
u0248,2023-12-16,feature_use,2023-12,2023-12-16,2023-11
u0248,2023-12-17,upgrade,2023-12,2023-12-17,2023-11
u0248,2023-12-18,export,2023-12,2023-12-18,2023-11
u0248,2023-12-19,upgrade,2023-12,2023-12-19,2023-11
u0248,2023-12-20,login,2023-12,2023-12-20,2023-11
u0249,2023-03-03,signup,2023-03,2023-03-03,2023-03
u0249,2023-03-09,login,2023-03,2023-03-09,2023-03
u0249,2023-03-18,invite_sent,2023-03,2023-03-18,2023-03
u0249,2023-03-29,churned,2023-03,2023-03-29,2023-03
u0249,2023-03-30,feature_use,2023-03,2023-03-30,2023-03
u0249,2023-03-31,feature_use,2023-03,2023-03-31,2023-03
u0249,2023-04-04,feature_use,2023-04,2023-04-04,2023-03
u0249,2023-04-20,support_ticket,2023-04,2023-04-20,2023-03
u0249,2023-05-04,login,2023-05,2023-05-04,2023-03
u0249,2023-05-13,feature_use,2023-05,2023-05-13,2023-03
u0249,2023-05-19,feature_use,2023-05,2023-05-19,2023-03
u0249,2023-06-24,export,2023-06,2023-06-24,2023-03
u0249,2023-07-04,login,2023-07,2023-07-04,2023-03
u0249,2023-07-08,login,2023-07,2023-07-08,2023-03
u0249,2023-07-11,feature_use,2023-07,2023-07-11,2023-03
u0249,2023-07-21,login,2023-07,2023-07-21,2023-03
u0250,2023-08-06,signup,2023-08,2023-08-06,2023-08
u0250,2023-08-07,feature_use,2023-08,2023-08-07,2023-08
u0250,2023-08-08,feature_use,2023-08,2023-08-08,2023-08
u0250,2023-08-08,invite_sent,2023-08,2023-08-08,2023-08
u0250,2023-08-09,login,2023-08,2023-08-09,2023-08
u0250,2023-08-10,feature_use,2023-08,2023-08-10,2023-08
u0250,2023-08-11,login,2023-08,2023-08-11,2023-08
u0250,2023-08-12,login,2023-08,2023-08-12,2023-08
u0250,2023-08-12,feature_use,2023-08,2023-08-12,2023-08
u0250,2023-08-14,churned,2023-08,2023-08-14,2023-08
u0250,2023-08-14,login,2023-08,2023-08-14,2023-08
u0250,2023-08-17,feature_use,2023-08,2023-08-17,2023-08
u0250,2023-08-18,churned,2023-08,2023-08-18,2023-08
u0250,2023-08-19,login,2023-08,2023-08-19,2023-08
u0250,2023-08-21,export,2023-08,2023-08-21,2023-08
u0250,2023-08-21,login,2023-08,2023-08-21,2023-08
u0250,2023-08-22,feature_use,2023-08,2023-08-22,2023-08
u0250,2023-08-23,login,2023-08,2023-08-23,2023-08
u0250,2023-08-23,support_ticket,2023-08,2023-08-23,2023-08
u0250,2023-08-25,login,2023-08,2023-08-25,2023-08
u0250,2023-08-26,export,2023-08,2023-08-26,2023-08
u0250,2023-08-27,login,2023-08,2023-08-27,2023-08
u0250,2023-08-27,upgrade,2023-08,2023-08-27,2023-08
u0250,2023-08-27,feature_use,2023-08,2023-08-27,2023-08
u0250,2023-08-28,feature_use,2023-08,2023-08-28,2023-08
u0250,2023-08-28,login,2023-08,2023-08-28,2023-08
u0250,2023-08-29,feature_use,2023-08,2023-08-29,2023-08
u0250,2023-08-29,login,2023-08,2023-08-29,2023-08
u0251,2023-03-31,signup,2023-03,2023-03-31,2023-03
u0251,2023-04-07,feature_use,2023-04,2023-04-07,2023-03
u0251,2023-04-08,invite_sent,2023-04,2023-04-08,2023-03
u0251,2023-04-17,login,2023-04,2023-04-17,2023-03
u0251,2023-04-19,feature_use,2023-04,2023-04-19,2023-03
u0251,2023-04-19,login,2023-04,2023-04-19,2023-03
u0251,2023-04-21,login,2023-04,2023-04-21,2023-03
u0251,2023-04-25,login,2023-04,2023-04-25,2023-03
u0251,2023-05-06,export,2023-05,2023-05-06,2023-03
u0251,2023-05-06,support_ticket,2023-05,2023-05-06,2023-03
u0251,2023-05-12,feature_use,2023-05,2023-05-12,2023-03
u0251,2023-05-20,login,2023-05,2023-05-20,2023-03
u0251,2023-05-22,login,2023-05,2023-05-22,2023-03
u0251,2023-05-24,feature_use,2023-05,2023-05-24,2023-03
u0251,2023-06-04,login,2023-06,2023-06-04,2023-03
u0251,2023-06-13,login,2023-06,2023-06-13,2023-03
u0251,2023-06-14,invite_sent,2023-06,2023-06-14,2023-03
u0251,2023-06-16,login,2023-06,2023-06-16,2023-03
u0251,2023-06-22,login,2023-06,2023-06-22,2023-03
u0251,2023-06-24,login,2023-06,2023-06-24,2023-03
u0251,2023-07-01,feature_use,2023-07,2023-07-01,2023-03
u0251,2023-07-02,support_ticket,2023-07,2023-07-02,2023-03
u0251,2023-07-05,feature_use,2023-07,2023-07-05,2023-03
u0251,2023-07-06,export,2023-07,2023-07-06,2023-03
u0251,2023-07-22,feature_use,2023-07,2023-07-22,2023-03
u0251,2023-07-25,feature_use,2023-07,2023-07-25,2023-03
u0251,2023-07-31,feature_use,2023-07,2023-07-31,2023-03
u0251,2023-08-04,feature_use,2023-08,2023-08-04,2023-03
u0251,2023-08-06,login,2023-08,2023-08-06,2023-03
u0252,2023-05-09,signup,2023-05,2023-05-09,2023-05
u0252,2023-06-15,login,2023-06,2023-06-15,2023-05
u0252,2023-07-13,login,2023-07,2023-07-13,2023-05
u0252,2023-07-15,invite_sent,2023-07,2023-07-15,2023-05
u0252,2023-07-22,login,2023-07,2023-07-22,2023-05
u0252,2023-07-28,login,2023-07,2023-07-28,2023-05
u0252,2023-08-07,export,2023-08,2023-08-07,2023-05
u0252,2023-08-29,export,2023-08,2023-08-29,2023-05
u0253,2023-10-26,signup,2023-10,2023-10-26,2023-10
u0253,2023-10-29,login,2023-10,2023-10-29,2023-10
u0253,2023-10-30,login,2023-10,2023-10-30,2023-10
u0253,2023-11-12,login,2023-11,2023-11-12,2023-10
u0253,2023-12-01,support_ticket,2023-12,2023-12-01,2023-10
u0254,2023-06-18,signup,2023-06,2023-06-18,2023-06
u0254,2023-06-20,feature_use,2023-06,2023-06-20,2023-06
u0254,2023-06-21,login,2023-06,2023-06-21,2023-06
u0254,2023-06-22,login,2023-06,2023-06-22,2023-06
u0254,2023-06-23,invite_sent,2023-06,2023-06-23,2023-06
u0254,2023-06-24,export,2023-06,2023-06-24,2023-06
u0254,2023-06-25,login,2023-06,2023-06-25,2023-06
u0254,2023-07-01,feature_use,2023-07,2023-07-01,2023-06
u0254,2023-07-03,login,2023-07,2023-07-03,2023-06
u0254,2023-07-06,upgrade,2023-07,2023-07-06,2023-06
u0254,2023-07-08,support_ticket,2023-07,2023-07-08,2023-06
u0254,2023-07-11,feature_use,2023-07,2023-07-11,2023-06
u0254,2023-07-13,feature_use,2023-07,2023-07-13,2023-06
u0254,2023-07-19,invite_sent,2023-07,2023-07-19,2023-06
u0254,2023-07-20,login,2023-07,2023-07-20,2023-06
u0254,2023-07-21,login,2023-07,2023-07-21,2023-06
u0254,2023-07-25,invite_sent,2023-07,2023-07-25,2023-06
u0254,2023-07-27,support_ticket,2023-07,2023-07-27,2023-06
u0254,2023-08-02,export,2023-08,2023-08-02,2023-06
u0255,2023-01-27,signup,2023-01,2023-01-27,2023-01
u0255,2023-02-11,login,2023-02,2023-02-11,2023-01
u0255,2023-02-20,feature_use,2023-02,2023-02-20,2023-01
u0255,2023-03-27,feature_use,2023-03,2023-03-27,2023-01
u0255,2023-04-25,feature_use,2023-04,2023-04-25,2023-01
u0255,2023-05-02,login,2023-05,2023-05-02,2023-01
u0255,2023-05-18,upgrade,2023-05,2023-05-18,2023-01
u0255,2023-05-20,login,2023-05,2023-05-20,2023-01
u0255,2023-06-17,login,2023-06,2023-06-17,2023-01
u0255,2023-07-04,churned,2023-07,2023-07-04,2023-01
u0255,2023-08-08,export,2023-08,2023-08-08,2023-01
u0255,2023-08-19,feature_use,2023-08,2023-08-19,2023-01
u0256,2023-01-24,signup,2023-01,2023-01-24,2023-01
u0256,2023-01-28,login,2023-01,2023-01-28,2023-01
u0256,2023-01-29,login,2023-01,2023-01-29,2023-01
u0256,2023-02-02,feature_use,2023-02,2023-02-02,2023-01
u0256,2023-02-08,feature_use,2023-02,2023-02-08,2023-01
u0256,2023-02-09,churned,2023-02,2023-02-09,2023-01
u0256,2023-02-09,feature_use,2023-02,2023-02-09,2023-01
u0256,2023-02-11,login,2023-02,2023-02-11,2023-01
u0256,2023-02-12,login,2023-02,2023-02-12,2023-01
u0256,2023-02-13,invite_sent,2023-02,2023-02-13,2023-01
u0256,2023-02-16,feature_use,2023-02,2023-02-16,2023-01
u0256,2023-02-16,invite_sent,2023-02,2023-02-16,2023-01
u0256,2023-02-20,upgrade,2023-02,2023-02-20,2023-01
u0256,2023-02-24,feature_use,2023-02,2023-02-24,2023-01
u0256,2023-02-28,login,2023-02,2023-02-28,2023-01
u0256,2023-02-28,feature_use,2023-02,2023-02-28,2023-01
u0256,2023-03-01,login,2023-03,2023-03-01,2023-01
u0257,2023-11-15,signup,2023-11,2023-11-15,2023-11
u0257,2023-11-17,feature_use,2023-11,2023-11-17,2023-11
u0257,2023-11-18,login,2023-11,2023-11-18,2023-11
u0257,2023-11-21,login,2023-11,2023-11-21,2023-11
u0257,2023-11-24,export,2023-11,2023-11-24,2023-11
u0257,2023-11-25,login,2023-11,2023-11-25,2023-11
u0257,2023-11-29,login,2023-11,2023-11-29,2023-11
u0257,2023-11-30,login,2023-11,2023-11-30,2023-11
u0257,2023-12-01,upgrade,2023-12,2023-12-01,2023-11
u0257,2023-12-05,login,2023-12,2023-12-05,2023-11
u0257,2023-12-10,login,2023-12,2023-12-10,2023-11
u0257,2023-12-10,feature_use,2023-12,2023-12-10,2023-11
u0257,2023-12-13,feature_use,2023-12,2023-12-13,2023-11
u0257,2023-12-15,invite_sent,2023-12,2023-12-15,2023-11
u0258,2023-06-28,signup,2023-06,2023-06-28,2023-06
u0258,2023-07-02,login,2023-07,2023-07-02,2023-06
u0258,2023-07-06,login,2023-07,2023-07-06,2023-06
u0258,2023-07-13,support_ticket,2023-07,2023-07-13,2023-06
u0258,2023-07-20,churned,2023-07,2023-07-20,2023-06
u0258,2023-08-28,login,2023-08,2023-08-28,2023-06
u0258,2023-09-04,support_ticket,2023-09,2023-09-04,2023-06
u0258,2023-09-05,feature_use,2023-09,2023-09-05,2023-06
u0258,2023-09-10,export,2023-09,2023-09-10,2023-06
u0258,2023-09-15,feature_use,2023-09,2023-09-15,2023-06
u0258,2023-10-04,feature_use,2023-10,2023-10-04,2023-06
u0258,2023-10-16,support_ticket,2023-10,2023-10-16,2023-06
u0258,2023-11-08,login,2023-11,2023-11-08,2023-06
u0258,2023-11-12,feature_use,2023-11,2023-11-12,2023-06
u0258,2023-11-14,login,2023-11,2023-11-14,2023-06
u0258,2023-11-17,feature_use,2023-11,2023-11-17,2023-06
u0258,2023-11-22,upgrade,2023-11,2023-11-22,2023-06
u0258,2023-11-22,feature_use,2023-11,2023-11-22,2023-06
u0258,2023-11-27,login,2023-11,2023-11-27,2023-06
u0258,2023-12-01,login,2023-12,2023-12-01,2023-06
u0258,2023-12-03,login,2023-12,2023-12-03,2023-06
u0258,2023-12-05,feature_use,2023-12,2023-12-05,2023-06
u0258,2023-12-13,support_ticket,2023-12,2023-12-13,2023-06
u0258,2023-12-20,invite_sent,2023-12,2023-12-20,2023-06
u0258,2023-12-30,invite_sent,2023-12,2023-12-30,2023-06
u0259,2023-06-14,signup,2023-06,2023-06-14,2023-06
u0259,2023-06-16,feature_use,2023-06,2023-06-16,2023-06
u0259,2023-06-17,feature_use,2023-06,2023-06-17,2023-06
u0259,2023-06-19,login,2023-06,2023-06-19,2023-06
u0259,2023-06-20,feature_use,2023-06,2023-06-20,2023-06
u0259,2023-06-21,login,2023-06,2023-06-21,2023-06
u0259,2023-06-22,feature_use,2023-06,2023-06-22,2023-06
u0259,2023-06-22,invite_sent,2023-06,2023-06-22,2023-06
u0259,2023-06-23,feature_use,2023-06,2023-06-23,2023-06
u0259,2023-06-25,login,2023-06,2023-06-25,2023-06
u0259,2023-07-03,login,2023-07,2023-07-03,2023-06
u0259,2023-07-07,login,2023-07,2023-07-07,2023-06
u0259,2023-07-11,login,2023-07,2023-07-11,2023-06
u0259,2023-07-18,support_ticket,2023-07,2023-07-18,2023-06
u0259,2023-07-18,churned,2023-07,2023-07-18,2023-06
u0259,2023-07-20,login,2023-07,2023-07-20,2023-06
u0259,2023-07-29,login,2023-07,2023-07-29,2023-06
u0259,2023-07-30,feature_use,2023-07,2023-07-30,2023-06
u0259,2023-07-31,login,2023-07,2023-07-31,2023-06
u0259,2023-08-01,export,2023-08,2023-08-01,2023-06
u0259,2023-08-07,login,2023-08,2023-08-07,2023-06
u0259,2023-08-08,export,2023-08,2023-08-08,2023-06
u0259,2023-08-13,login,2023-08,2023-08-13,2023-06
u0259,2023-08-17,login,2023-08,2023-08-17,2023-06
u0259,2023-08-18,export,2023-08,2023-08-18,2023-06
u0259,2023-08-18,feature_use,2023-08,2023-08-18,2023-06
u0259,2023-08-19,login,2023-08,2023-08-19,2023-06
u0259,2023-08-24,login,2023-08,2023-08-24,2023-06
u0259,2023-08-24,upgrade,2023-08,2023-08-24,2023-06
u0259,2023-08-25,login,2023-08,2023-08-25,2023-06
u0259,2023-08-28,login,2023-08,2023-08-28,2023-06
u0260,2023-07-28,signup,2023-07,2023-07-28,2023-07
u0260,2023-08-02,feature_use,2023-08,2023-08-02,2023-07
u0260,2023-08-07,invite_sent,2023-08,2023-08-07,2023-07
u0260,2023-08-08,invite_sent,2023-08,2023-08-08,2023-07
u0260,2023-08-12,upgrade,2023-08,2023-08-12,2023-07
u0260,2023-08-13,export,2023-08,2023-08-13,2023-07
u0260,2023-08-14,invite_sent,2023-08,2023-08-14,2023-07
u0260,2023-08-17,feature_use,2023-08,2023-08-17,2023-07
u0260,2023-08-18,login,2023-08,2023-08-18,2023-07
u0260,2023-08-25,support_ticket,2023-08,2023-08-25,2023-07
u0260,2023-08-26,feature_use,2023-08,2023-08-26,2023-07
u0260,2023-08-27,feature_use,2023-08,2023-08-27,2023-07
u0260,2023-08-29,login,2023-08,2023-08-29,2023-07
u0260,2023-09-01,login,2023-09,2023-09-01,2023-07
u0260,2023-09-04,feature_use,2023-09,2023-09-04,2023-07
u0260,2023-09-04,invite_sent,2023-09,2023-09-04,2023-07
u0260,2023-09-07,support_ticket,2023-09,2023-09-07,2023-07
u0260,2023-09-11,invite_sent,2023-09,2023-09-11,2023-07
u0260,2023-09-12,feature_use,2023-09,2023-09-12,2023-07
u0260,2023-09-13,login,2023-09,2023-09-13,2023-07
u0260,2023-09-15,export,2023-09,2023-09-15,2023-07
u0260,2023-09-19,login,2023-09,2023-09-19,2023-07
u0260,2023-09-20,feature_use,2023-09,2023-09-20,2023-07
u0260,2023-09-23,upgrade,2023-09,2023-09-23,2023-07
u0260,2023-09-24,support_ticket,2023-09,2023-09-24,2023-07
u0260,2023-09-27,feature_use,2023-09,2023-09-27,2023-07
u0260,2023-09-28,feature_use,2023-09,2023-09-28,2023-07
u0260,2023-10-02,upgrade,2023-10,2023-10-02,2023-07
u0260,2023-10-02,support_ticket,2023-10,2023-10-02,2023-07
u0260,2023-10-03,feature_use,2023-10,2023-10-03,2023-07
u0260,2023-10-04,support_ticket,2023-10,2023-10-04,2023-07
u0260,2023-10-10,feature_use,2023-10,2023-10-10,2023-07
u0260,2023-10-10,login,2023-10,2023-10-10,2023-07
u0260,2023-10-12,login,2023-10,2023-10-12,2023-07
u0261,2023-05-06,signup,2023-05,2023-05-06,2023-05
u0261,2023-05-08,feature_use,2023-05,2023-05-08,2023-05
u0261,2023-05-17,support_ticket,2023-05,2023-05-17,2023-05
u0261,2023-05-18,login,2023-05,2023-05-18,2023-05
u0261,2023-05-31,login,2023-05,2023-05-31,2023-05
u0261,2023-06-03,churned,2023-06,2023-06-03,2023-05
u0261,2023-06-06,login,2023-06,2023-06-06,2023-05
u0261,2023-06-06,feature_use,2023-06,2023-06-06,2023-05
u0261,2023-06-08,export,2023-06,2023-06-08,2023-05
u0261,2023-06-09,feature_use,2023-06,2023-06-09,2023-05
u0261,2023-06-11,feature_use,2023-06,2023-06-11,2023-05
u0261,2023-06-13,feature_use,2023-06,2023-06-13,2023-05
u0261,2023-06-18,churned,2023-06,2023-06-18,2023-05
u0261,2023-06-21,invite_sent,2023-06,2023-06-21,2023-05
u0261,2023-06-22,upgrade,2023-06,2023-06-22,2023-05
u0261,2023-06-26,invite_sent,2023-06,2023-06-26,2023-05
u0261,2023-06-29,feature_use,2023-06,2023-06-29,2023-05
u0261,2023-07-07,upgrade,2023-07,2023-07-07,2023-05
u0261,2023-07-17,invite_sent,2023-07,2023-07-17,2023-05
u0261,2023-07-19,login,2023-07,2023-07-19,2023-05
u0261,2023-08-01,feature_use,2023-08,2023-08-01,2023-05
u0261,2023-08-05,login,2023-08,2023-08-05,2023-05
u0261,2023-08-05,invite_sent,2023-08,2023-08-05,2023-05
u0261,2023-08-09,feature_use,2023-08,2023-08-09,2023-05
u0261,2023-08-13,login,2023-08,2023-08-13,2023-05
u0261,2023-08-14,invite_sent,2023-08,2023-08-14,2023-05
u0261,2023-08-19,feature_use,2023-08,2023-08-19,2023-05
u0261,2023-08-22,feature_use,2023-08,2023-08-22,2023-05
u0261,2023-08-24,login,2023-08,2023-08-24,2023-05
u0261,2023-08-25,login,2023-08,2023-08-25,2023-05
u0261,2023-08-26,login,2023-08,2023-08-26,2023-05
u0261,2023-08-27,login,2023-08,2023-08-27,2023-05
u0261,2023-08-31,login,2023-08,2023-08-31,2023-05
u0261,2023-08-31,feature_use,2023-08,2023-08-31,2023-05
u0261,2023-09-04,support_ticket,2023-09,2023-09-04,2023-05
u0261,2023-09-06,upgrade,2023-09,2023-09-06,2023-05
u0261,2023-09-10,login,2023-09,2023-09-10,2023-05
u0261,2023-09-14,login,2023-09,2023-09-14,2023-05
u0261,2023-09-14,export,2023-09,2023-09-14,2023-05
u0261,2023-09-16,invite_sent,2023-09,2023-09-16,2023-05
u0262,2023-05-23,signup,2023-05,2023-05-23,2023-05
u0262,2023-05-30,feature_use,2023-05,2023-05-30,2023-05
u0262,2023-05-31,feature_use,2023-05,2023-05-31,2023-05
u0262,2023-06-03,churned,2023-06,2023-06-03,2023-05
u0262,2023-06-15,export,2023-06,2023-06-15,2023-05
u0262,2023-06-17,login,2023-06,2023-06-17,2023-05
u0262,2023-06-18,login,2023-06,2023-06-18,2023-05
u0262,2023-06-20,invite_sent,2023-06,2023-06-20,2023-05
u0262,2023-06-21,upgrade,2023-06,2023-06-21,2023-05
u0262,2023-06-23,feature_use,2023-06,2023-06-23,2023-05
u0262,2023-07-05,login,2023-07,2023-07-05,2023-05
u0262,2023-07-12,login,2023-07,2023-07-12,2023-05
u0262,2023-07-20,export,2023-07,2023-07-20,2023-05
u0262,2023-07-29,churned,2023-07,2023-07-29,2023-05
u0262,2023-08-02,feature_use,2023-08,2023-08-02,2023-05
u0262,2023-08-04,invite_sent,2023-08,2023-08-04,2023-05
u0262,2023-08-05,invite_sent,2023-08,2023-08-05,2023-05
u0262,2023-09-11,feature_use,2023-09,2023-09-11,2023-05
u0262,2023-09-14,feature_use,2023-09,2023-09-14,2023-05
u0262,2023-09-17,login,2023-09,2023-09-17,2023-05
u0262,2023-10-01,support_ticket,2023-10,2023-10-01,2023-05
u0262,2023-10-09,feature_use,2023-10,2023-10-09,2023-05
u0262,2023-10-17,feature_use,2023-10,2023-10-17,2023-05
u0262,2023-11-10,login,2023-11,2023-11-10,2023-05
u0263,2023-05-23,signup,2023-05,2023-05-23,2023-05
u0263,2023-05-26,feature_use,2023-05,2023-05-26,2023-05
u0263,2023-05-28,login,2023-05,2023-05-28,2023-05
u0263,2023-05-28,upgrade,2023-05,2023-05-28,2023-05
u0263,2023-06-01,login,2023-06,2023-06-01,2023-05
u0263,2023-06-07,feature_use,2023-06,2023-06-07,2023-05
u0263,2023-06-08,login,2023-06,2023-06-08,2023-05
u0263,2023-06-09,feature_use,2023-06,2023-06-09,2023-05
u0263,2023-06-13,export,2023-06,2023-06-13,2023-05
u0263,2023-06-13,login,2023-06,2023-06-13,2023-05
u0263,2023-06-17,export,2023-06,2023-06-17,2023-05
u0263,2023-06-20,login,2023-06,2023-06-20,2023-05
u0263,2023-06-22,feature_use,2023-06,2023-06-22,2023-05
u0263,2023-06-24,support_ticket,2023-06,2023-06-24,2023-05
u0263,2023-06-25,login,2023-06,2023-06-25,2023-05
u0263,2023-06-25,feature_use,2023-06,2023-06-25,2023-05
u0263,2023-06-26,export,2023-06,2023-06-26,2023-05
u0263,2023-06-28,feature_use,2023-06,2023-06-28,2023-05
u0263,2023-07-03,feature_use,2023-07,2023-07-03,2023-05
u0263,2023-07-08,support_ticket,2023-07,2023-07-08,2023-05
u0263,2023-07-09,feature_use,2023-07,2023-07-09,2023-05
u0263,2023-07-10,login,2023-07,2023-07-10,2023-05
u0263,2023-07-13,login,2023-07,2023-07-13,2023-05
u0263,2023-07-14,login,2023-07,2023-07-14,2023-05
u0263,2023-07-19,feature_use,2023-07,2023-07-19,2023-05
u0263,2023-07-19,login,2023-07,2023-07-19,2023-05
u0264,2023-10-13,signup,2023-10,2023-10-13,2023-10
u0264,2023-10-18,feature_use,2023-10,2023-10-18,2023-10
u0264,2023-10-26,login,2023-10,2023-10-26,2023-10
u0264,2023-11-06,export,2023-11,2023-11-06,2023-10
u0264,2023-11-12,export,2023-11,2023-11-12,2023-10
u0264,2023-11-16,feature_use,2023-11,2023-11-16,2023-10
u0264,2023-11-19,feature_use,2023-11,2023-11-19,2023-10
u0264,2023-11-27,feature_use,2023-11,2023-11-27,2023-10
u0264,2023-12-03,feature_use,2023-12,2023-12-03,2023-10
u0264,2023-12-07,login,2023-12,2023-12-07,2023-10
u0264,2023-12-10,login,2023-12,2023-12-10,2023-10
u0264,2023-12-12,invite_sent,2023-12,2023-12-12,2023-10
u0264,2023-12-15,feature_use,2023-12,2023-12-15,2023-10
u0264,2023-12-22,feature_use,2023-12,2023-12-22,2023-10
u0264,2023-12-27,login,2023-12,2023-12-27,2023-10
u0265,2023-02-28,signup,2023-02,2023-02-28,2023-02
u0265,2023-04-25,export,2023-04,2023-04-25,2023-02
u0265,2023-05-06,feature_use,2023-05,2023-05-06,2023-02
u0265,2023-05-14,login,2023-05,2023-05-14,2023-02
u0265,2023-06-14,feature_use,2023-06,2023-06-14,2023-02
u0265,2023-06-22,feature_use,2023-06,2023-06-22,2023-02
u0265,2023-07-04,feature_use,2023-07,2023-07-04,2023-02
u0265,2023-07-22,support_ticket,2023-07,2023-07-22,2023-02
u0265,2023-08-23,login,2023-08,2023-08-23,2023-02
u0265,2023-09-15,export,2023-09,2023-09-15,2023-02
u0265,2023-09-17,feature_use,2023-09,2023-09-17,2023-02
u0265,2023-10-02,support_ticket,2023-10,2023-10-02,2023-02
u0266,2023-05-14,signup,2023-05,2023-05-14,2023-05
u0266,2023-05-16,login,2023-05,2023-05-16,2023-05
u0266,2023-05-17,invite_sent,2023-05,2023-05-17,2023-05
u0266,2023-05-17,support_ticket,2023-05,2023-05-17,2023-05
u0266,2023-05-20,login,2023-05,2023-05-20,2023-05
u0266,2023-05-21,feature_use,2023-05,2023-05-21,2023-05
u0266,2023-05-24,login,2023-05,2023-05-24,2023-05
u0266,2023-05-26,support_ticket,2023-05,2023-05-26,2023-05
u0266,2023-05-31,feature_use,2023-05,2023-05-31,2023-05
u0266,2023-05-31,support_ticket,2023-05,2023-05-31,2023-05
u0266,2023-06-04,export,2023-06,2023-06-04,2023-05
u0266,2023-06-04,invite_sent,2023-06,2023-06-04,2023-05
u0266,2023-06-05,feature_use,2023-06,2023-06-05,2023-05
u0266,2023-06-12,feature_use,2023-06,2023-06-12,2023-05
u0266,2023-06-13,login,2023-06,2023-06-13,2023-05
u0266,2023-06-15,login,2023-06,2023-06-15,2023-05
u0266,2023-06-18,export,2023-06,2023-06-18,2023-05
u0266,2023-06-22,login,2023-06,2023-06-22,2023-05
u0266,2023-06-23,feature_use,2023-06,2023-06-23,2023-05
u0266,2023-06-26,invite_sent,2023-06,2023-06-26,2023-05
u0266,2023-06-26,feature_use,2023-06,2023-06-26,2023-05
u0266,2023-06-30,feature_use,2023-06,2023-06-30,2023-05
u0266,2023-07-02,feature_use,2023-07,2023-07-02,2023-05
u0266,2023-07-04,export,2023-07,2023-07-04,2023-05
u0266,2023-07-04,support_ticket,2023-07,2023-07-04,2023-05
u0266,2023-07-21,login,2023-07,2023-07-21,2023-05
u0266,2023-07-24,login,2023-07,2023-07-24,2023-05
u0266,2023-07-24,upgrade,2023-07,2023-07-24,2023-05
u0266,2023-08-01,feature_use,2023-08,2023-08-01,2023-05
u0266,2023-08-03,login,2023-08,2023-08-03,2023-05
u0266,2023-08-03,support_ticket,2023-08,2023-08-03,2023-05
u0266,2023-08-04,support_ticket,2023-08,2023-08-04,2023-05
u0266,2023-08-16,login,2023-08,2023-08-16,2023-05
u0266,2023-08-18,login,2023-08,2023-08-18,2023-05
u0267,2023-08-01,signup,2023-08,2023-08-01,2023-08
u0267,2023-08-03,feature_use,2023-08,2023-08-03,2023-08
u0267,2023-08-05,support_ticket,2023-08,2023-08-05,2023-08
u0267,2023-08-07,login,2023-08,2023-08-07,2023-08
u0267,2023-08-08,upgrade,2023-08,2023-08-08,2023-08
u0267,2023-08-11,support_ticket,2023-08,2023-08-11,2023-08
u0267,2023-08-11,login,2023-08,2023-08-11,2023-08
u0267,2023-08-12,login,2023-08,2023-08-12,2023-08
u0267,2023-08-14,login,2023-08,2023-08-14,2023-08
u0267,2023-08-16,feature_use,2023-08,2023-08-16,2023-08
u0267,2023-08-17,feature_use,2023-08,2023-08-17,2023-08
u0267,2023-08-18,feature_use,2023-08,2023-08-18,2023-08
u0267,2023-08-21,login,2023-08,2023-08-21,2023-08
u0267,2023-08-25,support_ticket,2023-08,2023-08-25,2023-08
u0267,2023-08-26,login,2023-08,2023-08-26,2023-08
u0267,2023-08-28,feature_use,2023-08,2023-08-28,2023-08
u0267,2023-08-28,export,2023-08,2023-08-28,2023-08
u0267,2023-09-01,login,2023-09,2023-09-01,2023-08
u0267,2023-09-01,feature_use,2023-09,2023-09-01,2023-08
u0267,2023-09-02,upgrade,2023-09,2023-09-02,2023-08
u0267,2023-09-02,feature_use,2023-09,2023-09-02,2023-08
u0267,2023-09-03,support_ticket,2023-09,2023-09-03,2023-08
u0267,2023-09-04,upgrade,2023-09,2023-09-04,2023-08
u0267,2023-09-07,support_ticket,2023-09,2023-09-07,2023-08
u0267,2023-09-09,invite_sent,2023-09,2023-09-09,2023-08
u0267,2023-09-09,export,2023-09,2023-09-09,2023-08
u0267,2023-09-10,export,2023-09,2023-09-10,2023-08
u0267,2023-09-12,feature_use,2023-09,2023-09-12,2023-08
u0267,2023-09-12,login,2023-09,2023-09-12,2023-08
u0267,2023-09-15,feature_use,2023-09,2023-09-15,2023-08
u0267,2023-09-16,login,2023-09,2023-09-16,2023-08
u0267,2023-09-18,login,2023-09,2023-09-18,2023-08
u0267,2023-09-21,feature_use,2023-09,2023-09-21,2023-08
u0267,2023-09-21,login,2023-09,2023-09-21,2023-08
u0268,2023-05-18,signup,2023-05,2023-05-18,2023-05
u0268,2023-05-20,login,2023-05,2023-05-20,2023-05
u0268,2023-05-21,login,2023-05,2023-05-21,2023-05
u0268,2023-05-22,login,2023-05,2023-05-22,2023-05
u0268,2023-06-05,churned,2023-06,2023-06-05,2023-05
u0268,2023-06-08,invite_sent,2023-06,2023-06-08,2023-05
u0268,2023-06-17,login,2023-06,2023-06-17,2023-05
u0268,2023-06-22,login,2023-06,2023-06-22,2023-05
u0268,2023-06-30,login,2023-06,2023-06-30,2023-05
u0268,2023-07-03,login,2023-07,2023-07-03,2023-05
u0268,2023-07-06,login,2023-07,2023-07-06,2023-05
u0268,2023-07-08,feature_use,2023-07,2023-07-08,2023-05
u0268,2023-08-09,feature_use,2023-08,2023-08-09,2023-05
u0268,2023-08-11,invite_sent,2023-08,2023-08-11,2023-05
u0268,2023-08-22,feature_use,2023-08,2023-08-22,2023-05
u0268,2023-08-23,login,2023-08,2023-08-23,2023-05
u0268,2023-09-04,upgrade,2023-09,2023-09-04,2023-05
u0268,2023-09-04,feature_use,2023-09,2023-09-04,2023-05
u0268,2023-09-07,churned,2023-09,2023-09-07,2023-05
u0268,2023-09-14,upgrade,2023-09,2023-09-14,2023-05
u0268,2023-09-14,login,2023-09,2023-09-14,2023-05
u0268,2023-09-20,login,2023-09,2023-09-20,2023-05
u0268,2023-09-23,login,2023-09,2023-09-23,2023-05
u0268,2023-09-27,feature_use,2023-09,2023-09-27,2023-05
u0268,2023-09-29,upgrade,2023-09,2023-09-29,2023-05
u0268,2023-10-06,feature_use,2023-10,2023-10-06,2023-05
u0268,2023-10-20,login,2023-10,2023-10-20,2023-05
u0268,2023-10-26,support_ticket,2023-10,2023-10-26,2023-05
u0268,2023-11-01,login,2023-11,2023-11-01,2023-05
u0268,2023-11-08,login,2023-11,2023-11-08,2023-05
u0268,2023-11-17,feature_use,2023-11,2023-11-17,2023-05
u0268,2023-11-18,export,2023-11,2023-11-18,2023-05
u0268,2023-11-19,invite_sent,2023-11,2023-11-19,2023-05
u0268,2023-11-19,churned,2023-11,2023-11-19,2023-05
u0268,2023-11-24,churned,2023-11,2023-11-24,2023-05
u0268,2023-11-26,login,2023-11,2023-11-26,2023-05
u0268,2023-12-08,feature_use,2023-12,2023-12-08,2023-05
u0268,2023-12-10,feature_use,2023-12,2023-12-10,2023-05
u0269,2023-02-18,signup,2023-02,2023-02-18,2023-02
u0269,2023-02-22,invite_sent,2023-02,2023-02-22,2023-02
u0269,2023-03-06,feature_use,2023-03,2023-03-06,2023-02
u0269,2023-04-17,login,2023-04,2023-04-17,2023-02
u0269,2023-04-30,login,2023-04,2023-04-30,2023-02
u0269,2023-05-08,login,2023-05,2023-05-08,2023-02
u0269,2023-05-19,feature_use,2023-05,2023-05-19,2023-02
u0269,2023-06-08,feature_use,2023-06,2023-06-08,2023-02
u0269,2023-07-21,login,2023-07,2023-07-21,2023-02
u0269,2023-09-03,feature_use,2023-09,2023-09-03,2023-02
u0270,2023-05-11,signup,2023-05,2023-05-11,2023-05
u0270,2023-05-12,login,2023-05,2023-05-12,2023-05
u0270,2023-05-31,feature_use,2023-05,2023-05-31,2023-05
u0270,2023-06-04,invite_sent,2023-06,2023-06-04,2023-05
u0270,2023-06-07,upgrade,2023-06,2023-06-07,2023-05
u0270,2023-06-23,feature_use,2023-06,2023-06-23,2023-05
u0270,2023-07-04,login,2023-07,2023-07-04,2023-05
u0270,2023-07-10,churned,2023-07,2023-07-10,2023-05
u0270,2023-07-22,login,2023-07,2023-07-22,2023-05
u0270,2023-08-18,login,2023-08,2023-08-18,2023-05
u0270,2023-09-22,feature_use,2023-09,2023-09-22,2023-05
u0270,2023-10-03,login,2023-10,2023-10-03,2023-05
u0270,2023-10-10,feature_use,2023-10,2023-10-10,2023-05
u0270,2023-10-16,login,2023-10,2023-10-16,2023-05
u0270,2023-10-30,invite_sent,2023-10,2023-10-30,2023-05
u0270,2023-11-16,export,2023-11,2023-11-16,2023-05
u0271,2023-01-27,signup,2023-01,2023-01-27,2023-01
u0271,2023-01-28,login,2023-01,2023-01-28,2023-01
u0271,2023-01-28,feature_use,2023-01,2023-01-28,2023-01
u0271,2023-02-06,export,2023-02,2023-02-06,2023-01
u0271,2023-02-07,invite_sent,2023-02,2023-02-07,2023-01
u0271,2023-02-08,login,2023-02,2023-02-08,2023-01
u0271,2023-02-08,invite_sent,2023-02,2023-02-08,2023-01
u0271,2023-02-09,feature_use,2023-02,2023-02-09,2023-01
u0271,2023-02-17,login,2023-02,2023-02-17,2023-01
u0271,2023-02-18,login,2023-02,2023-02-18,2023-01
u0271,2023-02-20,export,2023-02,2023-02-20,2023-01
u0271,2023-02-20,feature_use,2023-02,2023-02-20,2023-01
u0271,2023-02-20,invite_sent,2023-02,2023-02-20,2023-01
u0271,2023-02-24,feature_use,2023-02,2023-02-24,2023-01
u0271,2023-02-27,login,2023-02,2023-02-27,2023-01
u0271,2023-03-01,invite_sent,2023-03,2023-03-01,2023-01
u0271,2023-03-02,login,2023-03,2023-03-02,2023-01
u0271,2023-03-04,feature_use,2023-03,2023-03-04,2023-01
u0271,2023-03-07,export,2023-03,2023-03-07,2023-01
u0271,2023-03-07,login,2023-03,2023-03-07,2023-01
u0271,2023-03-08,feature_use,2023-03,2023-03-08,2023-01
u0271,2023-03-10,login,2023-03,2023-03-10,2023-01
u0271,2023-03-12,login,2023-03,2023-03-12,2023-01
u0271,2023-03-13,support_ticket,2023-03,2023-03-13,2023-01
u0271,2023-03-15,feature_use,2023-03,2023-03-15,2023-01
u0271,2023-03-17,login,2023-03,2023-03-17,2023-01
u0271,2023-03-18,feature_use,2023-03,2023-03-18,2023-01
u0271,2023-03-22,feature_use,2023-03,2023-03-22,2023-01
u0271,2023-03-22,login,2023-03,2023-03-22,2023-01
u0272,2023-09-03,signup,2023-09,2023-09-03,2023-09
u0272,2023-09-08,feature_use,2023-09,2023-09-08,2023-09
u0272,2023-09-11,feature_use,2023-09,2023-09-11,2023-09
u0272,2023-09-16,export,2023-09,2023-09-16,2023-09
u0272,2023-09-20,login,2023-09,2023-09-20,2023-09
u0272,2023-09-23,upgrade,2023-09,2023-09-23,2023-09
u0272,2023-09-26,feature_use,2023-09,2023-09-26,2023-09
u0272,2023-09-26,export,2023-09,2023-09-26,2023-09
u0272,2023-09-28,feature_use,2023-09,2023-09-28,2023-09
u0272,2023-10-09,feature_use,2023-10,2023-10-09,2023-09
u0272,2023-10-09,churned,2023-10,2023-10-09,2023-09
u0272,2023-11-03,churned,2023-11,2023-11-03,2023-09
u0272,2023-11-12,support_ticket,2023-11,2023-11-12,2023-09
u0272,2023-11-16,export,2023-11,2023-11-16,2023-09
u0272,2023-11-21,export,2023-11,2023-11-21,2023-09
u0272,2023-11-23,feature_use,2023-11,2023-11-23,2023-09
u0272,2023-12-03,login,2023-12,2023-12-03,2023-09
u0272,2023-12-19,export,2023-12,2023-12-19,2023-09
u0272,2023-12-23,upgrade,2023-12,2023-12-23,2023-09
u0272,2023-12-24,feature_use,2023-12,2023-12-24,2023-09
u0273,2023-01-09,signup,2023-01,2023-01-09,2023-01
u0273,2023-01-10,login,2023-01,2023-01-10,2023-01
u0273,2023-01-26,login,2023-01,2023-01-26,2023-01
u0273,2023-03-19,login,2023-03,2023-03-19,2023-01
u0273,2023-04-13,feature_use,2023-04,2023-04-13,2023-01
u0273,2023-05-03,login,2023-05,2023-05-03,2023-01
u0273,2023-05-18,login,2023-05,2023-05-18,2023-01
u0273,2023-05-19,feature_use,2023-05,2023-05-19,2023-01
u0273,2023-06-02,login,2023-06,2023-06-02,2023-01
u0273,2023-06-09,upgrade,2023-06,2023-06-09,2023-01
u0273,2023-06-14,login,2023-06,2023-06-14,2023-01
u0273,2023-06-21,support_ticket,2023-06,2023-06-21,2023-01
u0273,2023-06-29,feature_use,2023-06,2023-06-29,2023-01
u0274,2023-06-24,signup,2023-06,2023-06-24,2023-06
u0274,2023-06-26,support_ticket,2023-06,2023-06-26,2023-06
u0274,2023-06-28,feature_use,2023-06,2023-06-28,2023-06
u0274,2023-06-30,login,2023-06,2023-06-30,2023-06
u0274,2023-06-30,export,2023-06,2023-06-30,2023-06
u0274,2023-06-30,feature_use,2023-06,2023-06-30,2023-06
u0274,2023-07-02,feature_use,2023-07,2023-07-02,2023-06
u0274,2023-07-03,feature_use,2023-07,2023-07-03,2023-06
u0274,2023-07-05,login,2023-07,2023-07-05,2023-06
u0274,2023-07-07,support_ticket,2023-07,2023-07-07,2023-06
u0274,2023-07-07,login,2023-07,2023-07-07,2023-06
u0274,2023-07-08,login,2023-07,2023-07-08,2023-06
u0274,2023-07-10,login,2023-07,2023-07-10,2023-06
u0274,2023-07-13,login,2023-07,2023-07-13,2023-06
u0274,2023-07-16,upgrade,2023-07,2023-07-16,2023-06
u0274,2023-07-18,login,2023-07,2023-07-18,2023-06
u0274,2023-07-21,login,2023-07,2023-07-21,2023-06
u0274,2023-07-23,login,2023-07,2023-07-23,2023-06
u0274,2023-07-24,login,2023-07,2023-07-24,2023-06
u0274,2023-07-26,login,2023-07,2023-07-26,2023-06
u0274,2023-07-27,feature_use,2023-07,2023-07-27,2023-06
u0274,2023-07-29,feature_use,2023-07,2023-07-29,2023-06
u0274,2023-08-01,feature_use,2023-08,2023-08-01,2023-06
u0274,2023-08-04,feature_use,2023-08,2023-08-04,2023-06
u0274,2023-08-04,upgrade,2023-08,2023-08-04,2023-06
u0274,2023-08-04,login,2023-08,2023-08-04,2023-06
u0274,2023-08-05,feature_use,2023-08,2023-08-05,2023-06
u0274,2023-08-05,support_ticket,2023-08,2023-08-05,2023-06
u0274,2023-08-07,feature_use,2023-08,2023-08-07,2023-06
u0274,2023-08-08,feature_use,2023-08,2023-08-08,2023-06
u0274,2023-08-11,login,2023-08,2023-08-11,2023-06
u0274,2023-08-11,support_ticket,2023-08,2023-08-11,2023-06
u0274,2023-08-14,login,2023-08,2023-08-14,2023-06
u0275,2023-06-15,signup,2023-06,2023-06-15,2023-06
u0275,2023-06-16,feature_use,2023-06,2023-06-16,2023-06
u0275,2023-06-17,login,2023-06,2023-06-17,2023-06
u0275,2023-06-18,feature_use,2023-06,2023-06-18,2023-06
u0275,2023-06-19,login,2023-06,2023-06-19,2023-06
u0275,2023-06-29,feature_use,2023-06,2023-06-29,2023-06
u0275,2023-07-02,feature_use,2023-07,2023-07-02,2023-06
u0275,2023-07-07,invite_sent,2023-07,2023-07-07,2023-06
u0275,2023-07-09,invite_sent,2023-07,2023-07-09,2023-06
u0275,2023-07-09,login,2023-07,2023-07-09,2023-06
u0275,2023-07-11,invite_sent,2023-07,2023-07-11,2023-06
u0275,2023-07-11,export,2023-07,2023-07-11,2023-06
u0275,2023-07-12,feature_use,2023-07,2023-07-12,2023-06
u0275,2023-07-15,support_ticket,2023-07,2023-07-15,2023-06
u0275,2023-07-24,login,2023-07,2023-07-24,2023-06
u0275,2023-07-25,login,2023-07,2023-07-25,2023-06
u0275,2023-07-29,feature_use,2023-07,2023-07-29,2023-06
u0275,2023-07-31,export,2023-07,2023-07-31,2023-06
u0275,2023-08-05,login,2023-08,2023-08-05,2023-06
u0275,2023-08-06,login,2023-08,2023-08-06,2023-06
u0275,2023-08-15,login,2023-08,2023-08-15,2023-06
u0275,2023-08-24,login,2023-08,2023-08-24,2023-06
u0275,2023-08-27,support_ticket,2023-08,2023-08-27,2023-06
u0275,2023-08-28,upgrade,2023-08,2023-08-28,2023-06
u0275,2023-08-28,feature_use,2023-08,2023-08-28,2023-06
u0275,2023-09-02,feature_use,2023-09,2023-09-02,2023-06
u0275,2023-09-06,invite_sent,2023-09,2023-09-06,2023-06
u0275,2023-09-13,login,2023-09,2023-09-13,2023-06
u0275,2023-09-13,invite_sent,2023-09,2023-09-13,2023-06
u0275,2023-09-16,feature_use,2023-09,2023-09-16,2023-06
u0275,2023-09-17,feature_use,2023-09,2023-09-17,2023-06
u0275,2023-09-23,login,2023-09,2023-09-23,2023-06
u0275,2023-09-24,churned,2023-09,2023-09-24,2023-06
u0275,2023-09-25,support_ticket,2023-09,2023-09-25,2023-06
u0275,2023-09-26,login,2023-09,2023-09-26,2023-06
u0275,2023-09-30,login,2023-09,2023-09-30,2023-06
u0275,2023-10-07,feature_use,2023-10,2023-10-07,2023-06
u0275,2023-10-09,login,2023-10,2023-10-09,2023-06
u0275,2023-10-09,invite_sent,2023-10,2023-10-09,2023-06
u0275,2023-10-18,invite_sent,2023-10,2023-10-18,2023-06
u0275,2023-10-18,login,2023-10,2023-10-18,2023-06
u0276,2023-05-06,signup,2023-05,2023-05-06,2023-05
u0276,2023-05-07,feature_use,2023-05,2023-05-07,2023-05
u0276,2023-05-13,feature_use,2023-05,2023-05-13,2023-05
u0276,2023-05-15,feature_use,2023-05,2023-05-15,2023-05
u0276,2023-05-18,feature_use,2023-05,2023-05-18,2023-05
u0276,2023-05-19,login,2023-05,2023-05-19,2023-05
u0276,2023-05-20,invite_sent,2023-05,2023-05-20,2023-05
u0276,2023-05-21,login,2023-05,2023-05-21,2023-05
u0276,2023-05-22,support_ticket,2023-05,2023-05-22,2023-05
u0276,2023-05-22,feature_use,2023-05,2023-05-22,2023-05
u0276,2023-05-25,login,2023-05,2023-05-25,2023-05
u0276,2023-05-26,feature_use,2023-05,2023-05-26,2023-05
u0276,2023-05-27,support_ticket,2023-05,2023-05-27,2023-05
u0276,2023-05-27,invite_sent,2023-05,2023-05-27,2023-05
u0276,2023-05-28,feature_use,2023-05,2023-05-28,2023-05
u0276,2023-05-29,login,2023-05,2023-05-29,2023-05
u0276,2023-05-31,export,2023-05,2023-05-31,2023-05
u0276,2023-06-01,invite_sent,2023-06,2023-06-01,2023-05
u0276,2023-06-03,feature_use,2023-06,2023-06-03,2023-05
u0276,2023-06-06,login,2023-06,2023-06-06,2023-05
u0276,2023-06-07,feature_use,2023-06,2023-06-07,2023-05
u0276,2023-06-10,login,2023-06,2023-06-10,2023-05
u0276,2023-06-11,upgrade,2023-06,2023-06-11,2023-05
u0276,2023-06-13,login,2023-06,2023-06-13,2023-05
u0276,2023-06-14,login,2023-06,2023-06-14,2023-05
u0277,2023-08-04,signup,2023-08,2023-08-04,2023-08
u0277,2023-08-05,feature_use,2023-08,2023-08-05,2023-08
u0277,2023-08-06,feature_use,2023-08,2023-08-06,2023-08
u0277,2023-08-06,login,2023-08,2023-08-06,2023-08
u0277,2023-08-06,export,2023-08,2023-08-06,2023-08
u0277,2023-08-09,login,2023-08,2023-08-09,2023-08
u0277,2023-08-10,login,2023-08,2023-08-10,2023-08
u0277,2023-08-10,churned,2023-08,2023-08-10,2023-08
u0277,2023-08-13,login,2023-08,2023-08-13,2023-08
u0277,2023-08-14,support_ticket,2023-08,2023-08-14,2023-08
u0277,2023-08-15,export,2023-08,2023-08-15,2023-08
u0277,2023-08-16,login,2023-08,2023-08-16,2023-08
u0277,2023-08-18,login,2023-08,2023-08-18,2023-08
u0277,2023-08-19,feature_use,2023-08,2023-08-19,2023-08
u0277,2023-08-20,feature_use,2023-08,2023-08-20,2023-08
u0277,2023-08-22,support_ticket,2023-08,2023-08-22,2023-08
u0277,2023-08-23,feature_use,2023-08,2023-08-23,2023-08
u0277,2023-08-25,export,2023-08,2023-08-25,2023-08
u0277,2023-08-25,login,2023-08,2023-08-25,2023-08
u0277,2023-08-26,upgrade,2023-08,2023-08-26,2023-08
u0277,2023-08-26,feature_use,2023-08,2023-08-26,2023-08
u0277,2023-08-29,login,2023-08,2023-08-29,2023-08
u0277,2023-08-29,feature_use,2023-08,2023-08-29,2023-08
u0277,2023-08-30,login,2023-08,2023-08-30,2023-08
u0277,2023-08-30,support_ticket,2023-08,2023-08-30,2023-08
u0277,2023-08-31,login,2023-08,2023-08-31,2023-08
u0277,2023-08-31,feature_use,2023-08,2023-08-31,2023-08
u0277,2023-09-01,feature_use,2023-09,2023-09-01,2023-08
u0277,2023-09-03,upgrade,2023-09,2023-09-03,2023-08
u0278,2023-06-16,signup,2023-06,2023-06-16,2023-06
u0278,2023-06-18,login,2023-06,2023-06-18,2023-06
u0278,2023-06-18,invite_sent,2023-06,2023-06-18,2023-06
u0278,2023-06-19,upgrade,2023-06,2023-06-19,2023-06
u0278,2023-06-19,login,2023-06,2023-06-19,2023-06
u0278,2023-06-20,feature_use,2023-06,2023-06-20,2023-06
u0278,2023-06-20,upgrade,2023-06,2023-06-20,2023-06
u0278,2023-06-21,support_ticket,2023-06,2023-06-21,2023-06
u0278,2023-06-21,login,2023-06,2023-06-21,2023-06
u0278,2023-06-22,login,2023-06,2023-06-22,2023-06
u0278,2023-06-23,invite_sent,2023-06,2023-06-23,2023-06
u0279,2023-09-26,signup,2023-09,2023-09-26,2023-09
u0279,2023-09-28,login,2023-09,2023-09-28,2023-09
u0279,2023-10-02,login,2023-10,2023-10-02,2023-09
u0279,2023-10-03,feature_use,2023-10,2023-10-03,2023-09
u0279,2023-10-06,feature_use,2023-10,2023-10-06,2023-09
u0279,2023-10-13,upgrade,2023-10,2023-10-13,2023-09
u0279,2023-10-16,feature_use,2023-10,2023-10-16,2023-09
u0279,2023-10-17,feature_use,2023-10,2023-10-17,2023-09
u0280,2023-02-10,signup,2023-02,2023-02-10,2023-02
u0280,2023-04-07,support_ticket,2023-04,2023-04-07,2023-02
u0280,2023-04-18,churned,2023-04,2023-04-18,2023-02
u0280,2023-04-22,feature_use,2023-04,2023-04-22,2023-02
u0280,2023-05-17,feature_use,2023-05,2023-05-17,2023-02
u0280,2023-06-02,login,2023-06,2023-06-02,2023-02
u0280,2023-07-18,feature_use,2023-07,2023-07-18,2023-02
u0280,2023-08-06,support_ticket,2023-08,2023-08-06,2023-02
u0280,2023-08-07,support_ticket,2023-08,2023-08-07,2023-02
u0280,2023-09-02,login,2023-09,2023-09-02,2023-02
u0280,2023-09-17,support_ticket,2023-09,2023-09-17,2023-02
u0281,2023-01-24,signup,2023-01,2023-01-24,2023-01
u0281,2023-01-26,login,2023-01,2023-01-26,2023-01
u0281,2023-02-02,feature_use,2023-02,2023-02-02,2023-01
u0281,2023-02-15,feature_use,2023-02,2023-02-15,2023-01
u0281,2023-02-20,login,2023-02,2023-02-20,2023-01
u0281,2023-02-20,feature_use,2023-02,2023-02-20,2023-01
u0281,2023-02-22,login,2023-02,2023-02-22,2023-01
u0281,2023-02-26,feature_use,2023-02,2023-02-26,2023-01
u0281,2023-02-28,login,2023-02,2023-02-28,2023-01
u0281,2023-03-01,login,2023-03,2023-03-01,2023-01
u0281,2023-03-06,login,2023-03,2023-03-06,2023-01
u0281,2023-03-08,feature_use,2023-03,2023-03-08,2023-01
u0281,2023-03-19,feature_use,2023-03,2023-03-19,2023-01
u0281,2023-03-22,login,2023-03,2023-03-22,2023-01
u0281,2023-03-26,invite_sent,2023-03,2023-03-26,2023-01
u0281,2023-04-11,support_ticket,2023-04,2023-04-11,2023-01
u0281,2023-04-16,login,2023-04,2023-04-16,2023-01
u0281,2023-04-25,login,2023-04,2023-04-25,2023-01
u0281,2023-04-28,upgrade,2023-04,2023-04-28,2023-01
u0281,2023-05-10,feature_use,2023-05,2023-05-10,2023-01
u0281,2023-05-14,support_ticket,2023-05,2023-05-14,2023-01
u0282,2023-10-20,signup,2023-10,2023-10-20,2023-10
u0282,2023-10-21,feature_use,2023-10,2023-10-21,2023-10
u0282,2023-10-23,support_ticket,2023-10,2023-10-23,2023-10
u0282,2023-10-24,login,2023-10,2023-10-24,2023-10
u0282,2023-10-24,feature_use,2023-10,2023-10-24,2023-10
u0282,2023-11-02,feature_use,2023-11,2023-11-02,2023-10
u0282,2023-11-04,feature_use,2023-11,2023-11-04,2023-10
u0282,2023-11-05,login,2023-11,2023-11-05,2023-10
u0282,2023-11-06,feature_use,2023-11,2023-11-06,2023-10
u0282,2023-11-11,feature_use,2023-11,2023-11-11,2023-10
u0282,2023-11-12,export,2023-11,2023-11-12,2023-10
u0282,2023-11-12,feature_use,2023-11,2023-11-12,2023-10
u0282,2023-11-17,login,2023-11,2023-11-17,2023-10
u0282,2023-11-25,login,2023-11,2023-11-25,2023-10
u0282,2023-11-26,feature_use,2023-11,2023-11-26,2023-10
u0282,2023-11-27,support_ticket,2023-11,2023-11-27,2023-10
u0282,2023-11-30,feature_use,2023-11,2023-11-30,2023-10
u0282,2023-12-02,support_ticket,2023-12,2023-12-02,2023-10
u0282,2023-12-04,login,2023-12,2023-12-04,2023-10
u0282,2023-12-05,support_ticket,2023-12,2023-12-05,2023-10
u0282,2023-12-06,feature_use,2023-12,2023-12-06,2023-10
u0282,2023-12-08,invite_sent,2023-12,2023-12-08,2023-10
u0282,2023-12-11,feature_use,2023-12,2023-12-11,2023-10
u0282,2023-12-12,login,2023-12,2023-12-12,2023-10
u0282,2023-12-13,invite_sent,2023-12,2023-12-13,2023-10
u0282,2023-12-13,churned,2023-12,2023-12-13,2023-10
u0282,2023-12-15,feature_use,2023-12,2023-12-15,2023-10
u0282,2023-12-17,feature_use,2023-12,2023-12-17,2023-10
u0282,2023-12-17,login,2023-12,2023-12-17,2023-10
u0282,2023-12-19,login,2023-12,2023-12-19,2023-10
u0282,2023-12-22,churned,2023-12,2023-12-22,2023-10
u0282,2023-12-27,feature_use,2023-12,2023-12-27,2023-10
u0282,2023-12-28,feature_use,2023-12,2023-12-28,2023-10
u0283,2023-03-12,signup,2023-03,2023-03-12,2023-03
u0283,2023-06-03,feature_use,2023-06,2023-06-03,2023-03
u0283,2023-06-06,feature_use,2023-06,2023-06-06,2023-03
u0283,2023-06-19,export,2023-06,2023-06-19,2023-03
u0283,2023-08-26,feature_use,2023-08,2023-08-26,2023-03
u0283,2023-09-18,login,2023-09,2023-09-18,2023-03
u0283,2023-09-28,feature_use,2023-09,2023-09-28,2023-03
u0283,2023-10-08,invite_sent,2023-10,2023-10-08,2023-03
u0283,2023-11-09,upgrade,2023-11,2023-11-09,2023-03
u0284,2023-05-03,signup,2023-05,2023-05-03,2023-05
u0284,2023-05-04,support_ticket,2023-05,2023-05-04,2023-05
u0284,2023-05-08,export,2023-05,2023-05-08,2023-05
u0284,2023-05-11,support_ticket,2023-05,2023-05-11,2023-05
u0284,2023-05-14,login,2023-05,2023-05-14,2023-05
u0284,2023-05-17,feature_use,2023-05,2023-05-17,2023-05
u0284,2023-05-19,support_ticket,2023-05,2023-05-19,2023-05
u0284,2023-05-24,login,2023-05,2023-05-24,2023-05
u0284,2023-05-25,export,2023-05,2023-05-25,2023-05
u0284,2023-05-28,login,2023-05,2023-05-28,2023-05
u0284,2023-06-02,login,2023-06,2023-06-02,2023-05
u0284,2023-06-02,feature_use,2023-06,2023-06-02,2023-05
u0284,2023-06-06,churned,2023-06,2023-06-06,2023-05
u0284,2023-06-11,feature_use,2023-06,2023-06-11,2023-05
u0284,2023-06-16,feature_use,2023-06,2023-06-16,2023-05
u0284,2023-06-19,churned,2023-06,2023-06-19,2023-05
u0285,2023-08-02,signup,2023-08,2023-08-02,2023-08
u0285,2023-08-06,login,2023-08,2023-08-06,2023-08
u0285,2023-08-10,export,2023-08,2023-08-10,2023-08
u0285,2023-08-13,login,2023-08,2023-08-13,2023-08
u0285,2023-08-18,login,2023-08,2023-08-18,2023-08
u0285,2023-08-21,feature_use,2023-08,2023-08-21,2023-08
u0285,2023-08-31,upgrade,2023-08,2023-08-31,2023-08
u0285,2023-09-02,upgrade,2023-09,2023-09-02,2023-08
u0285,2023-09-03,login,2023-09,2023-09-03,2023-08
u0285,2023-09-04,login,2023-09,2023-09-04,2023-08
u0285,2023-09-07,login,2023-09,2023-09-07,2023-08
u0285,2023-09-11,support_ticket,2023-09,2023-09-11,2023-08
u0285,2023-09-12,feature_use,2023-09,2023-09-12,2023-08
u0285,2023-09-25,login,2023-09,2023-09-25,2023-08
u0285,2023-10-04,support_ticket,2023-10,2023-10-04,2023-08
u0285,2023-10-07,feature_use,2023-10,2023-10-07,2023-08
u0285,2023-10-08,login,2023-10,2023-10-08,2023-08
u0285,2023-10-09,support_ticket,2023-10,2023-10-09,2023-08
u0285,2023-10-12,feature_use,2023-10,2023-10-12,2023-08
u0285,2023-10-15,login,2023-10,2023-10-15,2023-08
u0285,2023-10-16,login,2023-10,2023-10-16,2023-08
u0285,2023-10-16,export,2023-10,2023-10-16,2023-08
u0285,2023-10-19,login,2023-10,2023-10-19,2023-08
u0285,2023-10-20,feature_use,2023-10,2023-10-20,2023-08
u0285,2023-10-26,feature_use,2023-10,2023-10-26,2023-08
u0285,2023-10-28,login,2023-10,2023-10-28,2023-08
u0285,2023-11-04,feature_use,2023-11,2023-11-04,2023-08
u0285,2023-11-05,feature_use,2023-11,2023-11-05,2023-08
u0285,2023-11-12,export,2023-11,2023-11-12,2023-08
u0285,2023-11-23,feature_use,2023-11,2023-11-23,2023-08
u0285,2023-11-24,login,2023-11,2023-11-24,2023-08
u0285,2023-11-26,upgrade,2023-11,2023-11-26,2023-08
u0285,2023-12-06,support_ticket,2023-12,2023-12-06,2023-08
u0285,2023-12-11,feature_use,2023-12,2023-12-11,2023-08
u0285,2023-12-11,support_ticket,2023-12,2023-12-11,2023-08
u0285,2023-12-17,upgrade,2023-12,2023-12-17,2023-08
u0286,2023-09-22,signup,2023-09,2023-09-22,2023-09
u0286,2023-09-23,feature_use,2023-09,2023-09-23,2023-09
u0286,2023-09-23,export,2023-09,2023-09-23,2023-09
u0286,2023-09-26,feature_use,2023-09,2023-09-26,2023-09
u0286,2023-09-27,login,2023-09,2023-09-27,2023-09
u0286,2023-09-30,feature_use,2023-09,2023-09-30,2023-09
u0286,2023-10-02,login,2023-10,2023-10-02,2023-09
u0286,2023-10-07,support_ticket,2023-10,2023-10-07,2023-09
u0286,2023-10-10,feature_use,2023-10,2023-10-10,2023-09
u0286,2023-10-12,login,2023-10,2023-10-12,2023-09
u0286,2023-10-14,feature_use,2023-10,2023-10-14,2023-09
u0286,2023-10-15,feature_use,2023-10,2023-10-15,2023-09
u0286,2023-10-16,feature_use,2023-10,2023-10-16,2023-09
u0286,2023-10-18,feature_use,2023-10,2023-10-18,2023-09
u0286,2023-10-23,invite_sent,2023-10,2023-10-23,2023-09
u0286,2023-10-24,feature_use,2023-10,2023-10-24,2023-09
u0286,2023-10-25,login,2023-10,2023-10-25,2023-09
u0286,2023-10-26,feature_use,2023-10,2023-10-26,2023-09
u0286,2023-10-26,login,2023-10,2023-10-26,2023-09
u0286,2023-10-27,export,2023-10,2023-10-27,2023-09
u0286,2023-10-29,invite_sent,2023-10,2023-10-29,2023-09
u0286,2023-11-03,login,2023-11,2023-11-03,2023-09
u0286,2023-11-11,upgrade,2023-11,2023-11-11,2023-09
u0286,2023-11-12,support_ticket,2023-11,2023-11-12,2023-09
u0287,2023-05-12,signup,2023-05,2023-05-12,2023-05
u0287,2023-05-14,feature_use,2023-05,2023-05-14,2023-05
u0287,2023-05-19,login,2023-05,2023-05-19,2023-05
u0287,2023-05-20,login,2023-05,2023-05-20,2023-05
u0287,2023-05-21,invite_sent,2023-05,2023-05-21,2023-05
u0287,2023-05-22,login,2023-05,2023-05-22,2023-05
u0287,2023-05-24,support_ticket,2023-05,2023-05-24,2023-05
u0287,2023-05-25,feature_use,2023-05,2023-05-25,2023-05
u0287,2023-05-27,feature_use,2023-05,2023-05-27,2023-05
u0287,2023-05-27,upgrade,2023-05,2023-05-27,2023-05
u0287,2023-05-29,feature_use,2023-05,2023-05-29,2023-05
u0287,2023-06-11,upgrade,2023-06,2023-06-11,2023-05
u0287,2023-06-13,feature_use,2023-06,2023-06-13,2023-05
u0287,2023-06-16,feature_use,2023-06,2023-06-16,2023-05
u0287,2023-07-10,login,2023-07,2023-07-10,2023-05
u0287,2023-07-12,login,2023-07,2023-07-12,2023-05
u0287,2023-07-14,login,2023-07,2023-07-14,2023-05
u0287,2023-07-21,feature_use,2023-07,2023-07-21,2023-05
u0287,2023-07-26,feature_use,2023-07,2023-07-26,2023-05
u0288,2023-08-15,signup,2023-08,2023-08-15,2023-08
u0288,2023-08-16,login,2023-08,2023-08-16,2023-08
u0288,2023-08-22,support_ticket,2023-08,2023-08-22,2023-08
u0288,2023-08-25,login,2023-08,2023-08-25,2023-08
u0288,2023-08-26,login,2023-08,2023-08-26,2023-08
u0288,2023-08-26,feature_use,2023-08,2023-08-26,2023-08
u0288,2023-08-27,login,2023-08,2023-08-27,2023-08
u0288,2023-08-29,login,2023-08,2023-08-29,2023-08
u0288,2023-09-01,feature_use,2023-09,2023-09-01,2023-08
u0288,2023-09-02,feature_use,2023-09,2023-09-02,2023-08
u0288,2023-09-02,login,2023-09,2023-09-02,2023-08
u0288,2023-09-04,login,2023-09,2023-09-04,2023-08
u0288,2023-09-06,feature_use,2023-09,2023-09-06,2023-08
u0288,2023-09-10,support_ticket,2023-09,2023-09-10,2023-08
u0288,2023-09-11,feature_use,2023-09,2023-09-11,2023-08
u0288,2023-09-11,support_ticket,2023-09,2023-09-11,2023-08
u0288,2023-09-13,login,2023-09,2023-09-13,2023-08
u0288,2023-09-16,feature_use,2023-09,2023-09-16,2023-08
u0288,2023-09-16,login,2023-09,2023-09-16,2023-08
u0288,2023-09-17,login,2023-09,2023-09-17,2023-08
u0288,2023-09-17,feature_use,2023-09,2023-09-17,2023-08
u0288,2023-09-18,feature_use,2023-09,2023-09-18,2023-08
u0288,2023-09-18,churned,2023-09,2023-09-18,2023-08
u0288,2023-09-19,login,2023-09,2023-09-19,2023-08
u0288,2023-09-24,login,2023-09,2023-09-24,2023-08
u0288,2023-09-26,login,2023-09,2023-09-26,2023-08
u0288,2023-09-26,feature_use,2023-09,2023-09-26,2023-08
u0288,2023-09-28,feature_use,2023-09,2023-09-28,2023-08
u0288,2023-09-28,login,2023-09,2023-09-28,2023-08
u0288,2023-10-01,login,2023-10,2023-10-01,2023-08
u0288,2023-10-03,feature_use,2023-10,2023-10-03,2023-08
u0288,2023-10-03,invite_sent,2023-10,2023-10-03,2023-08
u0288,2023-10-06,feature_use,2023-10,2023-10-06,2023-08
u0288,2023-10-08,login,2023-10,2023-10-08,2023-08
u0289,2023-06-11,signup,2023-06,2023-06-11,2023-06
u0289,2023-06-13,support_ticket,2023-06,2023-06-13,2023-06
u0289,2023-06-23,support_ticket,2023-06,2023-06-23,2023-06
u0289,2023-06-26,feature_use,2023-06,2023-06-26,2023-06
u0289,2023-06-29,export,2023-06,2023-06-29,2023-06
u0289,2023-06-30,login,2023-06,2023-06-30,2023-06
u0289,2023-07-10,feature_use,2023-07,2023-07-10,2023-06
u0289,2023-07-17,churned,2023-07,2023-07-17,2023-06
u0289,2023-07-17,support_ticket,2023-07,2023-07-17,2023-06
u0289,2023-07-20,feature_use,2023-07,2023-07-20,2023-06
u0289,2023-08-02,login,2023-08,2023-08-02,2023-06
u0289,2023-08-02,support_ticket,2023-08,2023-08-02,2023-06
u0289,2023-08-02,feature_use,2023-08,2023-08-02,2023-06
u0289,2023-08-05,login,2023-08,2023-08-05,2023-06
u0289,2023-08-13,login,2023-08,2023-08-13,2023-06
u0289,2023-08-16,login,2023-08,2023-08-16,2023-06
u0289,2023-08-17,feature_use,2023-08,2023-08-17,2023-06
u0289,2023-08-21,login,2023-08,2023-08-21,2023-06
u0289,2023-08-21,feature_use,2023-08,2023-08-21,2023-06
u0289,2023-08-25,upgrade,2023-08,2023-08-25,2023-06
u0289,2023-08-31,invite_sent,2023-08,2023-08-31,2023-06
u0289,2023-09-03,feature_use,2023-09,2023-09-03,2023-06
u0289,2023-09-12,invite_sent,2023-09,2023-09-12,2023-06
u0289,2023-09-15,login,2023-09,2023-09-15,2023-06
u0289,2023-09-16,login,2023-09,2023-09-16,2023-06
u0289,2023-09-19,upgrade,2023-09,2023-09-19,2023-06
u0289,2023-09-20,support_ticket,2023-09,2023-09-20,2023-06
u0289,2023-09-23,login,2023-09,2023-09-23,2023-06
u0289,2023-09-24,login,2023-09,2023-09-24,2023-06
u0289,2023-09-25,export,2023-09,2023-09-25,2023-06
u0289,2023-09-29,support_ticket,2023-09,2023-09-29,2023-06
u0289,2023-10-02,invite_sent,2023-10,2023-10-02,2023-06
u0289,2023-10-02,login,2023-10,2023-10-02,2023-06
u0289,2023-10-04,support_ticket,2023-10,2023-10-04,2023-06
u0289,2023-10-09,login,2023-10,2023-10-09,2023-06
u0289,2023-10-10,invite_sent,2023-10,2023-10-10,2023-06
u0289,2023-10-12,invite_sent,2023-10,2023-10-12,2023-06
u0289,2023-10-14,login,2023-10,2023-10-14,2023-06
u0289,2023-10-18,feature_use,2023-10,2023-10-18,2023-06
u0290,2023-07-05,signup,2023-07,2023-07-05,2023-07
u0290,2023-07-08,login,2023-07,2023-07-08,2023-07
u0290,2023-07-10,churned,2023-07,2023-07-10,2023-07
u0290,2023-07-12,export,2023-07,2023-07-12,2023-07
u0290,2023-07-13,invite_sent,2023-07,2023-07-13,2023-07
u0290,2023-07-17,churned,2023-07,2023-07-17,2023-07
u0290,2023-07-17,feature_use,2023-07,2023-07-17,2023-07
u0290,2023-07-20,feature_use,2023-07,2023-07-20,2023-07
u0290,2023-07-30,support_ticket,2023-07,2023-07-30,2023-07
u0290,2023-08-16,support_ticket,2023-08,2023-08-16,2023-07
u0290,2023-08-17,feature_use,2023-08,2023-08-17,2023-07
u0290,2023-08-25,support_ticket,2023-08,2023-08-25,2023-07
u0290,2023-09-03,feature_use,2023-09,2023-09-03,2023-07
u0290,2023-09-06,login,2023-09,2023-09-06,2023-07
u0290,2023-09-09,feature_use,2023-09,2023-09-09,2023-07
u0290,2023-09-09,export,2023-09,2023-09-09,2023-07
u0290,2023-09-16,feature_use,2023-09,2023-09-16,2023-07
u0290,2023-09-21,support_ticket,2023-09,2023-09-21,2023-07
u0290,2023-09-26,feature_use,2023-09,2023-09-26,2023-07
u0290,2023-10-08,login,2023-10,2023-10-08,2023-07
u0291,2023-08-09,signup,2023-08,2023-08-09,2023-08
u0291,2023-08-10,feature_use,2023-08,2023-08-10,2023-08
u0291,2023-08-13,login,2023-08,2023-08-13,2023-08
u0291,2023-08-15,support_ticket,2023-08,2023-08-15,2023-08
u0291,2023-08-18,login,2023-08,2023-08-18,2023-08
u0291,2023-08-19,login,2023-08,2023-08-19,2023-08
u0291,2023-08-28,login,2023-08,2023-08-28,2023-08
u0291,2023-08-29,feature_use,2023-08,2023-08-29,2023-08
u0291,2023-08-29,login,2023-08,2023-08-29,2023-08
u0291,2023-09-02,login,2023-09,2023-09-02,2023-08
u0291,2023-09-05,feature_use,2023-09,2023-09-05,2023-08
u0291,2023-09-06,support_ticket,2023-09,2023-09-06,2023-08
u0291,2023-09-07,login,2023-09,2023-09-07,2023-08
u0291,2023-09-07,feature_use,2023-09,2023-09-07,2023-08
u0291,2023-09-13,login,2023-09,2023-09-13,2023-08
u0291,2023-09-17,login,2023-09,2023-09-17,2023-08
u0291,2023-09-19,invite_sent,2023-09,2023-09-19,2023-08
u0291,2023-09-20,feature_use,2023-09,2023-09-20,2023-08
u0291,2023-09-27,login,2023-09,2023-09-27,2023-08
u0291,2023-09-28,login,2023-09,2023-09-28,2023-08
u0291,2023-09-30,feature_use,2023-09,2023-09-30,2023-08
u0291,2023-10-04,export,2023-10,2023-10-04,2023-08
u0291,2023-10-05,login,2023-10,2023-10-05,2023-08
u0291,2023-10-06,feature_use,2023-10,2023-10-06,2023-08
u0291,2023-10-16,support_ticket,2023-10,2023-10-16,2023-08
u0291,2023-10-17,feature_use,2023-10,2023-10-17,2023-08
u0291,2023-10-18,login,2023-10,2023-10-18,2023-08
u0291,2023-10-22,login,2023-10,2023-10-22,2023-08
u0291,2023-10-22,invite_sent,2023-10,2023-10-22,2023-08
u0291,2023-11-01,feature_use,2023-11,2023-11-01,2023-08
u0291,2023-11-02,login,2023-11,2023-11-02,2023-08
u0292,2023-04-12,signup,2023-04,2023-04-12,2023-04
u0292,2023-04-13,login,2023-04,2023-04-13,2023-04
u0292,2023-04-15,feature_use,2023-04,2023-04-15,2023-04
u0292,2023-04-16,login,2023-04,2023-04-16,2023-04
u0292,2023-04-16,invite_sent,2023-04,2023-04-16,2023-04
u0292,2023-04-17,export,2023-04,2023-04-17,2023-04
u0292,2023-04-17,feature_use,2023-04,2023-04-17,2023-04
u0292,2023-04-17,upgrade,2023-04,2023-04-17,2023-04
u0292,2023-04-18,feature_use,2023-04,2023-04-18,2023-04
u0292,2023-04-19,login,2023-04,2023-04-19,2023-04
u0292,2023-04-19,churned,2023-04,2023-04-19,2023-04
u0292,2023-04-20,churned,2023-04,2023-04-20,2023-04
u0292,2023-04-21,upgrade,2023-04,2023-04-21,2023-04
u0292,2023-04-22,feature_use,2023-04,2023-04-22,2023-04
u0292,2023-04-23,feature_use,2023-04,2023-04-23,2023-04
u0292,2023-04-24,support_ticket,2023-04,2023-04-24,2023-04
u0292,2023-04-24,invite_sent,2023-04,2023-04-24,2023-04
u0292,2023-04-26,export,2023-04,2023-04-26,2023-04
u0292,2023-04-26,login,2023-04,2023-04-26,2023-04
u0292,2023-04-28,support_ticket,2023-04,2023-04-28,2023-04
u0292,2023-04-28,login,2023-04,2023-04-28,2023-04
u0292,2023-04-29,churned,2023-04,2023-04-29,2023-04
u0292,2023-05-01,upgrade,2023-05,2023-05-01,2023-04
u0292,2023-05-02,support_ticket,2023-05,2023-05-02,2023-04
u0292,2023-05-04,login,2023-05,2023-05-04,2023-04
u0292,2023-05-06,support_ticket,2023-05,2023-05-06,2023-04
u0292,2023-05-07,login,2023-05,2023-05-07,2023-04
u0292,2023-05-08,feature_use,2023-05,2023-05-08,2023-04
u0292,2023-05-08,login,2023-05,2023-05-08,2023-04
u0292,2023-05-09,login,2023-05,2023-05-09,2023-04
u0292,2023-05-10,login,2023-05,2023-05-10,2023-04
u0292,2023-05-10,feature_use,2023-05,2023-05-10,2023-04
u0292,2023-05-10,support_ticket,2023-05,2023-05-10,2023-04
u0292,2023-05-11,login,2023-05,2023-05-11,2023-04
u0292,2023-05-11,invite_sent,2023-05,2023-05-11,2023-04
u0293,2023-07-26,signup,2023-07,2023-07-26,2023-07
u0293,2023-07-27,login,2023-07,2023-07-27,2023-07
u0293,2023-07-28,login,2023-07,2023-07-28,2023-07
u0293,2023-07-30,support_ticket,2023-07,2023-07-30,2023-07
u0293,2023-08-01,feature_use,2023-08,2023-08-01,2023-07
u0293,2023-08-04,login,2023-08,2023-08-04,2023-07
u0293,2023-08-08,feature_use,2023-08,2023-08-08,2023-07
u0293,2023-08-14,invite_sent,2023-08,2023-08-14,2023-07
u0293,2023-08-17,login,2023-08,2023-08-17,2023-07
u0293,2023-08-24,login,2023-08,2023-08-24,2023-07
u0293,2023-08-24,feature_use,2023-08,2023-08-24,2023-07
u0293,2023-08-28,login,2023-08,2023-08-28,2023-07
u0293,2023-09-07,login,2023-09,2023-09-07,2023-07
u0293,2023-09-18,export,2023-09,2023-09-18,2023-07
u0293,2023-09-25,login,2023-09,2023-09-25,2023-07
u0293,2023-09-25,feature_use,2023-09,2023-09-25,2023-07
u0293,2023-09-25,invite_sent,2023-09,2023-09-25,2023-07
u0293,2023-10-03,feature_use,2023-10,2023-10-03,2023-07
u0293,2023-10-08,login,2023-10,2023-10-08,2023-07
u0293,2023-10-11,upgrade,2023-10,2023-10-11,2023-07
u0293,2023-10-12,support_ticket,2023-10,2023-10-12,2023-07
u0293,2023-10-13,feature_use,2023-10,2023-10-13,2023-07
u0293,2023-10-19,feature_use,2023-10,2023-10-19,2023-07
u0293,2023-10-30,export,2023-10,2023-10-30,2023-07
u0294,2023-03-15,signup,2023-03,2023-03-15,2023-03
u0294,2023-03-18,login,2023-03,2023-03-18,2023-03
u0294,2023-03-19,login,2023-03,2023-03-19,2023-03
u0294,2023-03-20,login,2023-03,2023-03-20,2023-03
u0294,2023-03-20,support_ticket,2023-03,2023-03-20,2023-03
u0294,2023-03-21,feature_use,2023-03,2023-03-21,2023-03
u0294,2023-03-22,login,2023-03,2023-03-22,2023-03
u0294,2023-03-23,feature_use,2023-03,2023-03-23,2023-03
u0294,2023-03-24,feature_use,2023-03,2023-03-24,2023-03
u0294,2023-03-25,login,2023-03,2023-03-25,2023-03
u0295,2023-10-24,signup,2023-10,2023-10-24,2023-10
u0295,2023-10-26,churned,2023-10,2023-10-26,2023-10
u0295,2023-10-27,export,2023-10,2023-10-27,2023-10
u0295,2023-10-28,support_ticket,2023-10,2023-10-28,2023-10
u0295,2023-10-30,churned,2023-10,2023-10-30,2023-10
u0295,2023-11-01,support_ticket,2023-11,2023-11-01,2023-10
u0295,2023-11-01,feature_use,2023-11,2023-11-01,2023-10
u0295,2023-11-02,login,2023-11,2023-11-02,2023-10
u0295,2023-11-05,login,2023-11,2023-11-05,2023-10
u0295,2023-11-05,feature_use,2023-11,2023-11-05,2023-10
u0295,2023-11-07,feature_use,2023-11,2023-11-07,2023-10
u0295,2023-11-09,login,2023-11,2023-11-09,2023-10
u0295,2023-11-10,feature_use,2023-11,2023-11-10,2023-10
u0295,2023-11-10,login,2023-11,2023-11-10,2023-10
u0295,2023-11-12,login,2023-11,2023-11-12,2023-10
u0295,2023-11-14,login,2023-11,2023-11-14,2023-10
u0295,2023-11-15,login,2023-11,2023-11-15,2023-10
u0295,2023-11-15,support_ticket,2023-11,2023-11-15,2023-10
u0295,2023-11-16,login,2023-11,2023-11-16,2023-10
u0295,2023-11-17,feature_use,2023-11,2023-11-17,2023-10
u0295,2023-11-19,feature_use,2023-11,2023-11-19,2023-10
u0295,2023-11-21,feature_use,2023-11,2023-11-21,2023-10
u0295,2023-11-23,feature_use,2023-11,2023-11-23,2023-10
u0295,2023-11-23,export,2023-11,2023-11-23,2023-10
u0295,2023-11-24,feature_use,2023-11,2023-11-24,2023-10
u0295,2023-11-25,support_ticket,2023-11,2023-11-25,2023-10
u0296,2023-09-19,signup,2023-09,2023-09-19,2023-09
u0296,2023-09-29,feature_use,2023-09,2023-09-29,2023-09
u0296,2023-09-30,login,2023-09,2023-09-30,2023-09
u0296,2023-09-30,feature_use,2023-09,2023-09-30,2023-09
u0296,2023-10-02,login,2023-10,2023-10-02,2023-09
u0296,2023-10-15,login,2023-10,2023-10-15,2023-09
u0296,2023-10-23,feature_use,2023-10,2023-10-23,2023-09
u0296,2023-10-23,login,2023-10,2023-10-23,2023-09
u0296,2023-10-24,login,2023-10,2023-10-24,2023-09
u0296,2023-10-29,feature_use,2023-10,2023-10-29,2023-09
u0296,2023-11-04,login,2023-11,2023-11-04,2023-09
u0296,2023-11-05,support_ticket,2023-11,2023-11-05,2023-09
u0296,2023-11-08,login,2023-11,2023-11-08,2023-09
u0296,2023-11-10,feature_use,2023-11,2023-11-10,2023-09
u0296,2023-11-12,invite_sent,2023-11,2023-11-12,2023-09
u0296,2023-11-13,feature_use,2023-11,2023-11-13,2023-09
u0296,2023-11-16,feature_use,2023-11,2023-11-16,2023-09
u0297,2023-08-04,signup,2023-08,2023-08-04,2023-08
u0297,2023-08-13,login,2023-08,2023-08-13,2023-08
u0297,2023-08-14,login,2023-08,2023-08-14,2023-08
u0297,2023-08-20,feature_use,2023-08,2023-08-20,2023-08
u0297,2023-08-22,upgrade,2023-08,2023-08-22,2023-08
u0297,2023-08-23,feature_use,2023-08,2023-08-23,2023-08
u0297,2023-08-24,login,2023-08,2023-08-24,2023-08
u0297,2023-08-25,feature_use,2023-08,2023-08-25,2023-08
u0297,2023-09-03,feature_use,2023-09,2023-09-03,2023-08
u0297,2023-09-05,feature_use,2023-09,2023-09-05,2023-08
u0297,2023-09-05,export,2023-09,2023-09-05,2023-08
u0297,2023-09-06,upgrade,2023-09,2023-09-06,2023-08
u0297,2023-09-09,login,2023-09,2023-09-09,2023-08
u0297,2023-09-12,login,2023-09,2023-09-12,2023-08
u0297,2023-09-15,login,2023-09,2023-09-15,2023-08
u0297,2023-09-24,feature_use,2023-09,2023-09-24,2023-08
u0297,2023-09-25,login,2023-09,2023-09-25,2023-08
u0297,2023-09-26,login,2023-09,2023-09-26,2023-08
u0297,2023-10-05,export,2023-10,2023-10-05,2023-08
u0297,2023-10-11,login,2023-10,2023-10-11,2023-08
u0297,2023-10-18,invite_sent,2023-10,2023-10-18,2023-08
u0297,2023-10-22,feature_use,2023-10,2023-10-22,2023-08
u0297,2023-10-24,feature_use,2023-10,2023-10-24,2023-08
u0297,2023-10-29,login,2023-10,2023-10-29,2023-08
u0298,2023-06-02,signup,2023-06,2023-06-02,2023-06
u0298,2023-06-13,feature_use,2023-06,2023-06-13,2023-06
u0298,2023-06-24,login,2023-06,2023-06-24,2023-06
u0298,2023-06-25,churned,2023-06,2023-06-25,2023-06
u0298,2023-06-29,churned,2023-06,2023-06-29,2023-06
u0298,2023-06-30,feature_use,2023-06,2023-06-30,2023-06
u0298,2023-07-12,login,2023-07,2023-07-12,2023-06
u0298,2023-07-16,export,2023-07,2023-07-16,2023-06
u0298,2023-07-30,feature_use,2023-07,2023-07-30,2023-06
u0298,2023-08-03,login,2023-08,2023-08-03,2023-06
u0298,2023-08-06,churned,2023-08,2023-08-06,2023-06
u0298,2023-08-07,login,2023-08,2023-08-07,2023-06
u0298,2023-08-12,invite_sent,2023-08,2023-08-12,2023-06
u0298,2023-08-13,export,2023-08,2023-08-13,2023-06
u0298,2023-08-29,export,2023-08,2023-08-29,2023-06
u0298,2023-09-03,login,2023-09,2023-09-03,2023-06
u0298,2023-09-08,login,2023-09,2023-09-08,2023-06
u0298,2023-09-18,feature_use,2023-09,2023-09-18,2023-06
u0298,2023-09-21,feature_use,2023-09,2023-09-21,2023-06
u0298,2023-09-22,feature_use,2023-09,2023-09-22,2023-06
u0298,2023-09-30,feature_use,2023-09,2023-09-30,2023-06
u0298,2023-10-05,support_ticket,2023-10,2023-10-05,2023-06
u0298,2023-10-05,login,2023-10,2023-10-05,2023-06
u0298,2023-10-05,feature_use,2023-10,2023-10-05,2023-06
u0298,2023-10-07,export,2023-10,2023-10-07,2023-06
u0298,2023-10-07,login,2023-10,2023-10-07,2023-06
u0298,2023-10-13,export,2023-10,2023-10-13,2023-06
u0298,2023-10-25,feature_use,2023-10,2023-10-25,2023-06
u0298,2023-10-28,login,2023-10,2023-10-28,2023-06
u0298,2023-11-04,churned,2023-11,2023-11-04,2023-06
u0298,2023-11-13,login,2023-11,2023-11-13,2023-06
u0298,2023-11-13,feature_use,2023-11,2023-11-13,2023-06
u0298,2023-11-14,invite_sent,2023-11,2023-11-14,2023-06
u0299,2023-11-06,signup,2023-11,2023-11-06,2023-11
u0299,2023-11-09,invite_sent,2023-11,2023-11-09,2023-11
u0299,2023-11-29,feature_use,2023-11,2023-11-29,2023-11
u0299,2023-12-05,export,2023-12,2023-12-05,2023-11
u0299,2023-12-13,export,2023-12,2023-12-13,2023-11
u0299,2023-12-17,support_ticket,2023-12,2023-12-17,2023-11
u0300,2023-08-10,signup,2023-08,2023-08-10,2023-08
u0300,2023-08-14,login,2023-08,2023-08-14,2023-08
u0300,2023-08-16,login,2023-08,2023-08-16,2023-08
u0300,2023-08-21,login,2023-08,2023-08-21,2023-08
u0300,2023-08-22,login,2023-08,2023-08-22,2023-08
u0300,2023-08-22,export,2023-08,2023-08-22,2023-08
u0300,2023-08-25,login,2023-08,2023-08-25,2023-08
u0300,2023-08-26,login,2023-08,2023-08-26,2023-08
u0300,2023-08-27,login,2023-08,2023-08-27,2023-08
u0300,2023-08-27,support_ticket,2023-08,2023-08-27,2023-08
u0300,2023-08-30,login,2023-08,2023-08-30,2023-08
u0300,2023-08-31,support_ticket,2023-08,2023-08-31,2023-08
u0300,2023-09-01,login,2023-09,2023-09-01,2023-08
u0300,2023-09-02,login,2023-09,2023-09-02,2023-08
u0300,2023-09-02,support_ticket,2023-09,2023-09-02,2023-08
u0300,2023-09-06,support_ticket,2023-09,2023-09-06,2023-08
u0300,2023-09-09,export,2023-09,2023-09-09,2023-08
