user_id,event_date,event_type
u0001,2023-11-24,signup
u0001,2023-11-25,support_ticket
u0001,2023-11-30,login
u0001,2023-12-01,feature_use
u0001,2023-12-05,upgrade
u0001,2023-12-08,invite_sent
u0001,2023-12-10,login
u0001,2023-12-16,login
u0001,2023-12-16,login
u0001,2023-12-17,feature_use
u0001,2023-12-19,login
u0001,2023-12-22,login
u0001,2023-12-23,feature_use
u0001,2023-12-27,feature_use
u0001,2023-12-29,login
u0001,2023-12-29,feature_use
u0001,2023-12-30,login
u0002,2023-01-23,signup
u0002,2023-02-28,login
u0002,2023-03-05,export
u0002,2023-03-16,feature_use
u0002,2023-05-20,support_ticket
u0002,2023-06-23,export
u0002,2023-07-24,login
u0002,2023-07-28,feature_use
u0002,2023-07-29,login
u0002,2023-08-05,login
u0002,2023-09-13,feature_use
u0003,2023-05-17,signup
u0003,2023-06-28,feature_use
u0003,2023-07-13,upgrade
u0003,2023-07-26,churned
u0003,2023-10-01,upgrade
u0003,2023-10-20,feature_use
u0003,2023-10-28,upgrade
u0003,2023-11-30,support_ticket
u0004,2023-04-28,signup
u0004,2023-05-01,feature_use
u0004,2023-05-15,feature_use
u0004,2023-05-22,support_ticket
u0004,2023-05-28,feature_use
u0004,2023-06-03,feature_use
u0004,2023-06-04,login
u0004,2023-06-22,invite_sent
u0004,2023-06-24,churned
u0004,2023-07-01,support_ticket
u0004,2023-07-18,login
u0004,2023-08-09,login
u0004,2023-09-03,feature_use
u0004,2023-09-11,login
u0004,2023-09-13,login
u0004,2023-09-17,export
u0004,2023-09-21,export
u0004,2023-09-25,feature_use
u0004,2023-09-25,feature_use
u0004,2023-09-28,churned
u0004,2023-10-06,login
u0004,2023-10-20,feature_use
u0004,2023-12-05,login
u0004,2023-12-19,feature_use
u0005,2023-10-02,signup
u0005,2023-10-05,login
u0005,2023-10-13,login
u0005,2023-10-16,export
u0005,2023-10-17,login
u0005,2023-10-19,feature_use
u0005,2023-10-22,feature_use
u0005,2023-10-23,feature_use
u0005,2023-10-23,feature_use
u0005,2023-10-25,feature_use
u0005,2023-10-28,upgrade
u0005,2023-11-02,export
u0005,2023-11-05,churned
u0005,2023-11-10,export
u0005,2023-11-11,login
u0005,2023-11-18,export
u0005,2023-11-26,churned
u0005,2023-12-04,support_ticket
u0005,2023-12-06,feature_use
u0005,2023-12-09,invite_sent
u0005,2023-12-09,export
u0005,2023-12-10,support_ticket
u0005,2023-12-11,support_ticket
u0005,2023-12-12,login
u0005,2023-12-18,login
u0006,2023-07-24,signup
u0006,2023-08-01,login
u0006,2023-08-02,login
u0006,2023-08-03,upgrade
u0006,2023-08-09,login
u0006,2023-08-10,upgrade
u0006,2023-08-18,login
u0006,2023-08-24,login
u0006,2023-08-25,login
u0006,2023-09-05,login
u0006,2023-09-14,upgrade
u0006,2023-09-17,feature_use
u0006,2023-09-17,login
u0006,2023-09-22,login
u0006,2023-09-23,login
u0006,2023-09-23,support_ticket
u0006,2023-09-25,login
u0006,2023-10-01,feature_use
u0006,2023-10-03,login
u0006,2023-10-08,feature_use
u0006,2023-10-08,login
u0006,2023-10-15,login
u0006,2023-10-16,churned
u0006,2023-10-17,feature_use
u0006,2023-10-19,feature_use
u0006,2023-11-04,export
u0006,2023-11-05,export
u0006,2023-11-12,upgrade
u0006,2023-11-14,feature_use
u0006,2023-11-17,feature_use
u0006,2023-11-17,login
u0006,2023-11-20,login
u0007,2023-01-08,signup
u0007,2023-01-09,churned
u0007,2023-01-23,feature_use
u0007,2023-01-24,login
u0007,2023-03-04,export
u0007,2023-03-17,invite_sent
u0007,2023-03-25,login
u0007,2023-03-30,login
u0007,2023-04-23,feature_use
u0007,2023-05-05,login
u0007,2023-05-13,login
u0007,2023-05-27,login
u0007,2023-05-31,feature_use
u0007,2023-06-07,feature_use
u0008,2023-09-29,signup
u0008,2023-10-02,feature_use
u0008,2023-10-04,feature_use
u0008,2023-10-11,login
u0008,2023-10-15,feature_use
u0008,2023-10-16,login
u0008,2023-10-26,feature_use
u0008,2023-11-05,login
u0008,2023-11-05,feature_use
u0009,2023-06-10,signup
u0009,2023-06-11,feature_use
u0009,2023-06-13,feature_use
u0009,2023-06-13,export
u0009,2023-06-22,login
u0009,2023-06-25,login
u0009,2023-06-25,export
u0009,2023-06-27,login
u0009,2023-06-29,churned
u0009,2023-07-02,feature_use
u0009,2023-07-05,invite_sent
u0009,2023-07-10,login
u0010,2023-06-04,signup
u0010,2023-06-07,feature_use
u0010,2023-06-11,login
u0010,2023-06-15,login
u0010,2023-06-15,invite_sent
u0010,2023-06-16,login
u0010,2023-06-18,login
u0010,2023-07-02,support_ticket
u0010,2023-07-03,login
u0010,2023-07-08,feature_use
u0010,2023-07-09,login
u0010,2023-07-12,feature_use
u0010,2023-07-14,login
u0010,2023-07-20,export
u0010,2023-07-28,feature_use
u0010,2023-08-04,export
u0010,2023-08-11,login
u0010,2023-08-12,login
u0010,2023-08-29,support_ticket
u0010,2023-08-31,login
u0010,2023-09-07,feature_use
u0010,2023-09-17,churned
u0010,2023-09-18,support_ticket
u0010,2023-09-21,export
u0010,2023-09-22,feature_use
u0010,2023-09-26,feature_use
u0010,2023-10-12,feature_use
u0010,2023-10-22,login
u0010,2023-10-24,login
u0010,2023-10-26,export
u0010,2023-11-06,login
u0010,2023-11-14,export
u0010,2023-11-21,login
u0010,2023-11-22,login
u0010,2023-11-28,invite_sent
u0010,2023-12-10,support_ticket
u0010,2023-12-13,login
u0011,2023-02-25,signup
u0011,2023-02-26,feature_use
u0011,2023-02-27,login
u0011,2023-02-28,upgrade
u0011,2023-03-02,churned
u0011,2023-03-02,invite_sent
u0011,2023-03-06,login
u0011,2023-03-09,feature_use
u0011,2023-03-10,login
u0011,2023-03-12,login
u0011,2023-03-12,login
u0011,2023-03-14,login
u0011,2023-03-14,login
u0011,2023-03-15,login
u0011,2023-03-19,login
u0011,2023-03-19,feature_use
u0011,2023-03-24,login
u0011,2023-03-25,feature_use
u0011,2023-03-27,login
u0011,2023-03-30,feature_use
u0011,2023-03-30,login
u0011,2023-03-30,login
u0011,2023-04-01,login
u0011,2023-04-01,upgrade
u0011,2023-04-03,login
u0011,2023-04-05,feature_use
u0011,2023-04-09,login
u0011,2023-04-09,export
u0011,2023-04-09,invite_sent
u0011,2023-04-10,support_ticket
u0011,2023-04-11,login
u0011,2023-04-13,support_ticket
u0011,2023-04-13,invite_sent
u0011,2023-04-14,support_ticket
u0012,2023-06-04,signup
u0012,2023-06-07,feature_use
u0012,2023-06-09,login
u0012,2023-06-11,feature_use
u0012,2023-06-11,upgrade
u0012,2023-06-12,feature_use
u0012,2023-06-12,support_ticket
u0012,2023-06-12,churned
u0012,2023-06-12,login
u0012,2023-06-14,login
u0012,2023-06-17,feature_use
u0012,2023-06-19,feature_use
u0012,2023-06-21,feature_use
u0012,2023-06-24,login
u0012,2023-06-24,export
u0012,2023-06-25,login
u0012,2023-06-26,login
u0012,2023-06-27,login
u0012,2023-06-30,feature_use
u0012,2023-06-30,invite_sent
u0012,2023-06-30,upgrade
u0012,2023-07-01,invite_sent
u0012,2023-07-03,feature_use
u0013,2023-02-24,signup
u0013,2023-03-28,feature_use
u0013,2023-04-06,support_ticket
u0013,2023-04-27,login
u0013,2023-04-29,invite_sent
u0013,2023-04-29,export
u0013,2023-05-06,support_ticket
u0013,2023-05-17,invite_sent
u0013,2023-06-18,feature_use
u0013,2023-06-23,feature_use
u0013,2023-06-26,feature_use
u0013,2023-07-04,feature_use
u0013,2023-07-07,feature_use
u0013,2023-07-08,feature_use
u0013,2023-07-15,feature_use
u0014,2023-02-09,signup
u0014,2023-02-11,invite_sent
u0014,2023-02-15,export
u0014,2023-02-17,feature_use
u0014,2023-02-26,feature_use
u0014,2023-03-20,login
u0014,2023-03-21,upgrade
u0014,2023-04-07,feature_use
u0014,2023-04-20,feature_use
u0014,2023-04-27,support_ticket
u0014,2023-05-05,feature_use
u0014,2023-05-06,login
u0014,2023-05-24,upgrade
u0014,2023-05-27,login
u0014,2023-05-28,feature_use
u0014,2023-05-28,feature_use
u0014,2023-06-09,invite_sent
u0014,2023-06-28,login
u0014,2023-06-29,support_ticket
u0014,2023-07-07,feature_use
u0014,2023-07-09,invite_sent
u0015,2023-11-15,signup
u0015,2023-11-17,invite_sent
u0015,2023-11-20,support_ticket
u0015,2023-11-21,feature_use
u0015,2023-11-21,feature_use
u0015,2023-11-22,feature_use
u0015,2023-11-22,feature_use
u0015,2023-11-23,feature_use
u0015,2023-11-23,support_ticket
u0015,2023-11-24,export
u0015,2023-11-24,feature_use
u0015,2023-11-26,feature_use
u0015,2023-11-26,churned
u0015,2023-11-27,login
u0015,2023-11-28,export
u0015,2023-11-28,login
u0015,2023-11-29,feature_use
u0015,2023-12-02,support_ticket
u0015,2023-12-05,feature_use
u0015,2023-12-05,export
u0015,2023-12-08,login
u0015,2023-12-08,feature_use
u0015,2023-12-09,login
u0015,2023-12-09,feature_use
u0015,2023-12-10,login
u0015,2023-12-10,login
u0015,2023-12-10,feature_use
u0015,2023-12-12,login
u0015,2023-12-12,export
u0015,2023-12-13,login
u0015,2023-12-15,login
u0015,2023-12-15,upgrade
u0015,2023-12-19,churned
u0015,2023-12-20,login
u0015,2023-12-22,feature_use
u0015,2023-12-22,support_ticket
u0015,2023-12-24,support_ticket
u0015,2023-12-25,login
u0015,2023-12-26,login
u0015,2023-12-27,login
u0015,2023-12-27,login
u0016,2023-05-19,signup
u0016,2023-06-10,login
u0016,2023-06-11,login
u0016,2023-06-12,login
u0016,2023-07-05,feature_use
u0016,2023-07-06,login
u0016,2023-07-08,login
u0016,2023-07-20,upgrade
u0016,2023-07-21,export
u0016,2023-07-23,login
u0016,2023-07-29,feature_use
u0016,2023-08-06,feature_use
u0016,2023-08-15,login
u0016,2023-08-18,support_ticket
u0016,2023-08-22,feature_use
u0016,2023-08-25,login
u0016,2023-08-31,upgrade
u0016,2023-09-01,feature_use
u0016,2023-09-11,support_ticket
u0016,2023-09-12,login
u0016,2023-09-13,login
u0016,2023-09-15,feature_use
u0016,2023-09-16,feature_use
u0016,2023-09-20,login
u0016,2023-09-23,export
u0016,2023-09-29,invite_sent
u0016,2023-10-01,feature_use
u0016,2023-10-02,login
u0016,2023-10-04,invite_sent
u0016,2023-10-07,login
u0016,2023-10-17,churned
u0016,2023-10-18,login
u0016,2023-10-19,upgrade
u0016,2023-11-01,upgrade
u0017,2023-02-21,signup
u0017,2023-02-25,upgrade
u0017,2023-02-25,feature_use
u0017,2023-03-07,feature_use
u0017,2023-03-07,login
u0017,2023-03-10,feature_use
u0017,2023-03-12,feature_use
u0017,2023-03-26,login
u0017,2023-04-01,support_ticket
u0017,2023-05-10,login
u0017,2023-05-20,login
u0017,2023-05-25,login
u0017,2023-06-22,feature_use
u0017,2023-06-24,login
u0017,2023-06-27,login
u0017,2023-08-04,export
u0017,2023-08-16,login
u0017,2023-08-19,invite_sent
u0018,2023-05-08,signup
u0018,2023-05-12,feature_use
u0018,2023-05-12,login
u0018,2023-05-14,login
u0018,2023-05-18,invite_sent
u0018,2023-05-19,login
u0018,2023-05-20,feature_use
u0018,2023-05-21,feature_use
u0018,2023-05-22,login
u0018,2023-05-23,login
u0018,2023-05-23,invite_sent
u0018,2023-05-27,upgrade
u0018,2023-05-27,feature_use
u0018,2023-05-28,feature_use
u0018,2023-05-28,feature_use
u0018,2023-06-06,login
u0018,2023-06-06,upgrade
u0018,2023-06-07,login
u0018,2023-06-08,login
u0018,2023-06-11,feature_use
u0018,2023-06-12,login
u0018,2023-06-15,churned
u0018,2023-06-15,feature_use
u0018,2023-06-16,feature_use
u0018,2023-06-17,login
u0018,2023-06-25,login
u0018,2023-06-26,login
u0018,2023-06-28,support_ticket
u0018,2023-06-30,login
u0018,2023-06-30,feature_use
u0019,2023-08-28,signup
u0019,2023-08-31,churned
u0019,2023-09-02,feature_use
u0019,2023-09-09,login
u0019,2023-09-09,feature_use
u0019,2023-09-12,churned
u0019,2023-09-18,login
u0019,2023-10-02,feature_use
u0019,2023-10-08,login
u0019,2023-10-19,export
u0019,2023-10-20,login
u0019,2023-10-23,upgrade
u0019,2023-10-31,feature_use
u0019,2023-11-03,feature_use
u0019,2023-11-10,feature_use
u0019,2023-11-10,login
u0019,2023-11-11,feature_use
u0019,2023-11-13,login
u0019,2023-11-14,login
u0019,2023-11-21,invite_sent
u0019,2023-11-22,login
u0019,2023-11-23,export
u0019,2023-11-23,export
u0019,2023-11-25,feature_use
u0019,2023-12-03,login
u0019,2023-12-11,feature_use
u0019,2023-12-11,support_ticket
u0019,2023-12-12,churned
u0019,2023-12-24,login
u0020,2023-10-05,signup
u0020,2023-10-09,login
u0020,2023-10-13,feature_use
u0020,2023-10-13,feature_use
u0020,2023-10-14,invite_sent
u0020,2023-10-15,feature_use
u0020,2023-10-21,upgrade
u0020,2023-10-23,feature_use
u0020,2023-10-24,feature_use
u0020,2023-10-25,feature_use
u0020,2023-10-29,feature_use
u0020,2023-11-01,login
u0020,2023-11-03,export
u0020,2023-11-05,churned
u0020,2023-11-06,feature_use
u0020,2023-11-06,login
u0021,2023-05-05,signup
u0021,2023-05-06,login
u0021,2023-05-10,login
u0021,2023-05-23,export
u0021,2023-05-24,feature_use
u0021,2023-05-25,feature_use
u0021,2023-05-25,login
u0021,2023-05-30,invite_sent
u0021,2023-06-04,export
u0021,2023-06-05,feature_use
u0021,2023-06-08,login
u0021,2023-06-10,support_ticket
u0021,2023-06-13,export
u0021,2023-06-16,export
u0021,2023-06-17,export
u0021,2023-06-19,login
u0021,2023-06-23,feature_use
u0021,2023-06-23,feature_use
u0021,2023-06-25,feature_use
u0021,2023-06-27,login
u0021,2023-06-28,login
u0021,2023-07-01,login
u0021,2023-07-02,feature_use
u0021,2023-07-03,login
u0021,2023-07-05,upgrade
u0021,2023-07-07,export
u0021,2023-07-09,login
u0021,2023-07-10,support_ticket
u0022,2023-06-18,signup
u0022,2023-06-21,invite_sent
u0022,2023-06-28,feature_use
u0022,2023-06-30,login
u0022,2023-07-03,login
u0022,2023-07-09,feature_use
u0022,2023-07-12,feature_use
u0022,2023-07-14,support_ticket
u0022,2023-07-14,feature_use
u0022,2023-08-04,login
u0022,2023-08-18,feature_use
u0022,2023-08-19,feature_use
u0022,2023-08-20,feature_use
u0022,2023-08-31,churned
u0022,2023-09-03,invite_sent
u0022,2023-09-08,feature_use
u0022,2023-09-22,feature_use
u0022,2023-09-24,feature_use
u0022,2023-10-05,upgrade
u0022,2023-10-10,invite_sent
u0022,2023-10-14,login
u0022,2023-10-15,feature_use
u0022,2023-10-16,invite_sent
u0022,2023-10-21,export
u0022,2023-11-05,login
u0022,2023-11-10,feature_use
u0022,2023-11-15,login
u0022,2023-11-16,login
u0023,2023-08-22,signup
u0023,2023-08-26,invite_sent
u0023,2023-08-29,invite_sent
u0023,2023-08-31,login
u0023,2023-08-31,support_ticket
u0023,2023-09-04,feature_use
u0023,2023-09-06,feature_use
u0023,2023-09-07,feature_use
u0023,2023-09-08,invite_sent
u0023,2023-09-09,login
u0023,2023-09-09,export
u0023,2023-09-10,support_ticket
u0023,2023-09-10,login
u0023,2023-09-14,feature_use
u0023,2023-09-14,login
u0023,2023-09-15,feature_use
u0023,2023-09-18,login
u0023,2023-09-29,login
u0023,2023-10-03,login
u0023,2023-10-05,support_ticket
u0023,2023-10-05,support_ticket
u0023,2023-10-06,login
u0023,2023-10-09,feature_use
u0023,2023-10-11,feature_use
u0023,2023-10-12,feature_use
u0023,2023-10-15,feature_use
u0023,2023-10-15,login
u0023,2023-10-16,feature_use
u0024,2023-09-04,signup
u0024,2023-09-09,login
u0024,2023-09-14,login
u0024,2023-09-17,export
u0024,2023-09-19,feature_use
u0024,2023-09-19,login
u0024,2023-09-20,feature_use
u0024,2023-09-22,feature_use
u0024,2023-09-24,export
u0024,2023-10-03,export
u0024,2023-10-03,feature_use
u0024,2023-10-04,feature_use
u0024,2023-10-05,export
u0024,2023-10-08,feature_use
u0024,2023-10-13,feature_use
u0024,2023-10-16,invite_sent
u0024,2023-10-21,login
u0024,2023-10-22,login
u0024,2023-10-22,feature_use
u0024,2023-10-25,churned
u0024,2023-10-25,login
u0024,2023-10-27,invite_sent
u0024,2023-10-28,feature_use
u0024,2023-11-03,invite_sent
u0024,2023-11-07,login
u0025,2023-05-24,signup
u0025,2023-05-25,login
u0025,2023-05-28,churned
u0025,2023-05-28,invite_sent
u0025,2023-05-29,support_ticket
u0025,2023-05-31,login
u0025,2023-06-01,export
u0025,2023-06-04,login
u0025,2023-06-05,feature_use
u0025,2023-06-06,login
u0025,2023-06-08,feature_use
u0025,2023-06-12,login
u0025,2023-06-14,login
u0025,2023-06-14,feature_use
u0025,2023-06-15,login
u0025,2023-06-18,feature_use
u0025,2023-06-20,feature_use
u0026,2023-04-30,signup
u0026,2023-05-19,churned
u0026,2023-06-02,support_ticket
u0026,2023-06-05,export
u0027,2023-02-26,signup
u0027,2023-02-27,login
u0027,2023-02-28,login
u0027,2023-03-01,upgrade
u0027,2023-03-02,login
u0027,2023-03-03,feature_use
u0027,2023-03-05,feature_use
u0027,2023-03-13,invite_sent
u0027,2023-03-14,feature_use
u0027,2023-03-22,feature_use
u0027,2023-03-25,feature_use
u0027,2023-04-10,feature_use
u0028,2023-08-23,signup
u0028,2023-08-29,login
u0028,2023-09-02,login
u0028,2023-09-20,upgrade
u0028,2023-09-21,login
u0028,2023-09-23,export
u0028,2023-09-24,upgrade
u0029,2023-05-21,signup
u0029,2023-06-04,churned
u0029,2023-06-08,login
u0029,2023-06-12,login
u0029,2023-06-15,login
u0029,2023-06-15,support_ticket
u0029,2023-06-17,feature_use
u0029,2023-06-18,login
u0029,2023-06-20,export
u0029,2023-07-07,login
u0029,2023-07-15,login
u0029,2023-07-16,feature_use
u0029,2023-07-19,feature_use
u0029,2023-08-01,feature_use
u0029,2023-08-09,invite_sent
u0029,2023-08-10,feature_use
u0029,2023-08-13,feature_use
u0029,2023-08-20,export
u0029,2023-08-25,invite_sent
u0029,2023-08-25,support_ticket
u0029,2023-09-07,export
u0029,2023-09-08,export
u0029,2023-09-09,login
u0029,2023-09-15,feature_use
u0029,2023-09-15,feature_use
u0029,2023-09-22,login
u0029,2023-10-10,upgrade
u0029,2023-10-11,login
u0029,2023-10-11,login
u0029,2023-10-12,feature_use
u0029,2023-10-21,feature_use
u0029,2023-10-22,login
u0029,2023-10-24,invite_sent
u0029,2023-10-28,feature_use
u0029,2023-11-02,feature_use
u0029,2023-11-04,export
u0029,2023-11-09,login
u0029,2023-11-13,invite_sent
u0029,2023-11-15,login
u0030,2023-06-29,signup
u0030,2023-07-03,feature_use
u0030,2023-07-04,login
u0030,2023-07-05,support_ticket
u0030,2023-07-10,support_ticket
u0030,2023-07-13,feature_use
u0030,2023-07-20,support_ticket
u0030,2023-07-23,login
u0030,2023-07-29,login
u0030,2023-08-05,feature_use
u0030,2023-08-05,feature_use
u0030,2023-08-09,churned
u0030,2023-08-25,login
u0031,2023-05-20,signup
u0031,2023-05-22,feature_use
u0031,2023-05-31,feature_use
u0031,2023-06-04,login
u0031,2023-06-17,login
u0031,2023-06-18,login
u0031,2023-06-19,login
u0031,2023-06-19,feature_use
u0031,2023-06-25,support_ticket
u0031,2023-06-27,login
u0031,2023-07-03,login
u0031,2023-07-09,invite_sent
u0031,2023-07-15,support_ticket
u0031,2023-07-18,feature_use
u0031,2023-08-03,login
u0031,2023-08-06,invite_sent
u0031,2023-08-07,login
u0031,2023-08-09,feature_use
u0031,2023-08-12,login
u0031,2023-08-15,login
u0031,2023-08-18,login
u0031,2023-08-19,login
u0031,2023-08-21,login
u0031,2023-08-26,feature_use
u0031,2023-08-30,churned
u0031,2023-08-30,export
u0031,2023-08-31,feature_use
u0031,2023-09-01,upgrade
u0031,2023-09-01,login
u0031,2023-09-04,login
u0031,2023-09-08,login
u0031,2023-09-11,feature_use
u0031,2023-09-15,invite_sent
u0031,2023-09-15,export
u0031,2023-09-22,feature_use
u0032,2023-03-16,signup
u0032,2023-03-18,login
u0032,2023-03-19,login
u0032,2023-03-19,feature_use
u0032,2023-03-19,login
u0032,2023-03-19,feature_use
u0032,2023-03-26,support_ticket
u0032,2023-03-27,export
u0032,2023-03-27,login
u0032,2023-03-28,export
u0032,2023-03-31,feature_use
u0032,2023-03-31,login
u0032,2023-04-01,feature_use
u0033,2023-02-16,signup
u0033,2023-02-26,login
u0033,2023-03-10,feature_use
u0033,2023-03-15,support_ticket
u0033,2023-03-20,feature_use
u0033,2023-04-01,feature_use
u0033,2023-04-01,login
u0033,2023-04-06,feature_use
u0033,2023-04-30,invite_sent
u0033,2023-05-04,login
u0033,2023-05-09,login
u0033,2023-05-16,login
u0033,2023-05-24,login
u0033,2023-07-11,feature_use
u0033,2023-07-25,churned
u0033,2023-08-04,support_ticket
u0033,2023-08-07,login
u0033,2023-08-09,feature_use
u0033,2023-08-11,churned
u0033,2023-08-28,feature_use
u0033,2023-09-02,login
u0033,2023-09-05,login
u0033,2023-09-21,feature_use
u0033,2023-09-29,churned
u0033,2023-10-11,feature_use
u0033,2023-10-18,feature_use
u0033,2023-11-12,feature_use
u0033,2023-11-13,login
u0034,2023-04-03,signup
u0034,2023-04-16,feature_use
u0034,2023-04-17,upgrade
u0034,2023-04-21,login
u0034,2023-04-24,login
u0034,2023-04-24,support_ticket
u0034,2023-04-28,login
u0034,2023-05-04,login
u0034,2023-05-10,login
u0034,2023-05-11,export
u0034,2023-05-21,feature_use
u0034,2023-05-21,feature_use
u0034,2023-05-26,login
u0034,2023-05-30,feature_use
u0034,2023-05-31,login
u0034,2023-06-02,support_ticket
u0034,2023-06-09,export
u0034,2023-06-10,feature_use
u0034,2023-06-12,export
u0034,2023-06-16,churned
u0034,2023-06-19,feature_use
u0034,2023-06-25,feature_use
u0034,2023-06-27,login
u0034,2023-07-01,support_ticket
u0034,2023-07-05,feature_use
u0034,2023-07-05,login
u0034,2023-07-09,support_ticket
u0034,2023-07-11,feature_use
u0034,2023-07-12,feature_use
u0034,2023-07-15,feature_use
u0034,2023-07-16,invite_sent
u0034,2023-07-16,support_ticket
u0034,2023-07-24,login
u0034,2023-07-26,feature_use
u0034,2023-07-28,export
u0035,2023-03-24,signup
u0035,2023-04-02,login
u0035,2023-04-02,support_ticket
u0035,2023-04-08,support_ticket
u0035,2023-04-14,invite_sent
u0035,2023-04-15,support_ticket
u0035,2023-04-16,invite_sent
u0035,2023-04-17,login
u0035,2023-04-18,churned
u0035,2023-04-20,login
u0035,2023-04-21,login
u0035,2023-04-24,upgrade
u0035,2023-04-26,feature_use
u0036,2023-08-29,signup
u0036,2023-08-30,login
u0036,2023-09-02,login
u0036,2023-09-08,login
u0036,2023-09-12,login
u0036,2023-09-12,feature_use
u0036,2023-09-18,feature_use
u0036,2023-09-22,feature_use
u0036,2023-09-25,login
u0037,2023-02-26,signup
u0037,2023-03-07,feature_use
u0037,2023-03-07,login
u0037,2023-03-17,support_ticket
u0037,2023-03-21,feature_use
u0037,2023-03-23,export
u0037,2023-04-02,login
u0037,2023-04-11,feature_use
u0037,2023-04-21,support_ticket
u0037,2023-05-07,login
u0037,2023-05-27,export
u0037,2023-06-02,feature_use
u0037,2023-06-04,login
u0037,2023-06-09,export
u0037,2023-06-10,login
u0037,2023-06-30,upgrade
u0037,2023-07-26,feature_use
u0037,2023-08-07,invite_sent
u0037,2023-08-15,login
u0037,2023-08-16,login
u0037,2023-08-26,login
u0037,2023-08-26,feature_use
u0037,2023-08-30,login
u0037,2023-09-03,feature_use
u0037,2023-09-06,login
u0037,2023-09-12,login
u0037,2023-09-14,export
u0037,2023-09-19,support_ticket
u0037,2023-09-28,login
u0037,2023-10-19,login
u0037,2023-10-22,churned
u0037,2023-10-30,feature_use
u0037,2023-11-08,login
u0037,2023-11-13,feature_use
u0037,2023-11-17,feature_use
u0037,2023-11-19,login
u0037,2023-11-23,feature_use
u0037,2023-12-02,feature_use
u0038,2023-02-12,signup
u0038,2023-02-16,upgrade
u0038,2023-02-17,feature_use
u0038,2023-02-18,upgrade
u0038,2023-02-20,login
u0038,2023-02-21,login
u0038,2023-02-22,feature_use
u0038,2023-02-28,login
u0038,2023-03-03,export
u0038,2023-03-05,invite_sent
u0038,2023-03-08,feature_use
u0038,2023-03-12,churned
u0038,2023-03-16,churned
u0038,2023-03-18,upgrade
u0038,2023-03-21,upgrade
u0038,2023-03-24,feature_use
u0038,2023-03-25,feature_use
u0038,2023-03-26,login
u0038,2023-03-26,feature_use
u0038,2023-03-30,feature_use
u0038,2023-03-31,login
u0038,2023-04-01,feature_use
u0038,2023-04-05,login
u0038,2023-04-08,login
u0038,2023-04-09,login
u0038,2023-04-10,login
u0038,2023-04-10,login
u0038,2023-04-11,invite_sent
u0038,2023-04-16,login
u0038,2023-04-17,feature_use
u0038,2023-04-21,login
u0039,2023-03-11,signup
u0039,2023-03-25,login
u0039,2023-04-14,feature_use
u0039,2023-04-25,login
u0039,2023-05-17,feature_use
u0039,2023-05-31,upgrade
u0039,2023-06-09,support_ticket
u0039,2023-06-22,support_ticket
u0039,2023-07-11,support_ticket
u0039,2023-08-07,export
u0039,2023-08-22,feature_use
u0039,2023-09-16,feature_use
u0039,2023-10-01,churned
u0039,2023-10-25,churned
u0039,2023-11-27,login
u0040,2023-09-03,signup
u0040,2023-09-07,login
u0040,2023-09-07,feature_use
u0040,2023-09-11,export
u0040,2023-09-13,login
u0040,2023-09-13,upgrade
u0040,2023-09-14,login
u0040,2023-09-15,feature_use
u0040,2023-09-20,feature_use
u0040,2023-09-20,support_ticket
u0040,2023-09-24,feature_use
u0040,2023-09-25,login
u0040,2023-09-25,feature_use
u0040,2023-09-27,support_ticket
u0040,2023-09-30,support_ticket
u0040,2023-10-02,login
u0040,2023-10-09,login
u0040,2023-10-12,feature_use
u0040,2023-10-12,feature_use
u0040,2023-10-14,feature_use
u0040,2023-10-14,export
u0040,2023-10-14,upgrade
u0040,2023-10-17,feature_use
u0040,2023-10-18,churned
u0040,2023-10-25,login
u0040,2023-10-27,feature_use
u0040,2023-10-31,feature_use
u0040,2023-11-04,feature_use
u0040,2023-11-08,feature_use
u0040,2023-11-09,login
u0040,2023-11-09,login
u0040,2023-11-09,invite_sent
u0040,2023-11-13,feature_use
u0040,2023-11-15,login
u0040,2023-11-16,login
u0040,2023-11-17,login
u0040,2023-11-20,login
u0040,2023-11-22,upgrade
u0040,2023-11-23,feature_use
u0040,2023-11-24,invite_sent
u0041,2023-06-13,signup
u0041,2023-06-15,login
u0041,2023-06-15,invite_sent
u0041,2023-06-15,feature_use
u0041,2023-06-16,support_ticket
u0041,2023-06-17,support_ticket
u0041,2023-06-17,login
u0041,2023-06-18,feature_use
u0041,2023-06-18,feature_use
u0041,2023-06-18,feature_use
u0041,2023-06-18,upgrade
u0041,2023-06-19,login
u0041,2023-06-20,export
u0041,2023-06-20,login
u0041,2023-06-20,login
u0041,2023-06-21,login
u0041,2023-06-21,churned
u0041,2023-06-21,feature_use
u0041,2023-06-22,feature_use
u0041,2023-06-23,upgrade
u0041,2023-06-24,feature_use
u0042,2023-07-25,signup
u0042,2023-07-28,login
u0042,2023-07-30,feature_use
u0042,2023-08-01,feature_use
u0042,2023-08-02,login
u0042,2023-08-07,feature_use
u0042,2023-08-12,export
u0042,2023-08-16,feature_use
u0042,2023-08-16,support_ticket
u0042,2023-08-18,feature_use
u0042,2023-08-18,support_ticket
u0042,2023-08-20,feature_use
u0042,2023-08-23,support_ticket
u0042,2023-08-28,feature_use
u0042,2023-09-02,export
u0042,2023-09-03,feature_use
u0043,2023-03-13,signup
u0043,2023-04-11,churned
u0043,2023-06-16,login
u0043,2023-06-22,churned
u0043,2023-07-13,support_ticket
u0043,2023-07-13,login
u0043,2023-07-22,feature_use
u0043,2023-08-10,login
u0043,2023-08-12,login
u0043,2023-08-22,login
u0043,2023-08-28,support_ticket
u0043,2023-09-11,feature_use
u0043,2023-09-15,export
u0043,2023-09-19,export
u0044,2023-10-24,signup
u0044,2023-10-28,upgrade
u0044,2023-10-28,login
u0044,2023-10-30,login
u0044,2023-10-31,feature_use
u0044,2023-11-01,login
u0044,2023-11-02,login
u0044,2023-11-03,feature_use
u0044,2023-11-03,login
u0044,2023-11-04,feature_use
u0044,2023-11-06,invite_sent
u0044,2023-11-07,feature_use
u0044,2023-11-07,feature_use
u0044,2023-11-07,upgrade
u0044,2023-11-08,invite_sent
u0044,2023-11-08,feature_use
u0044,2023-11-09,login
u0044,2023-11-09,login
u0044,2023-11-10,feature_use
u0044,2023-11-11,feature_use
u0044,2023-11-11,login
u0044,2023-11-11,invite_sent
u0044,2023-11-11,login
u0044,2023-11-12,invite_sent
u0044,2023-11-13,support_ticket
u0044,2023-11-14,invite_sent
u0044,2023-11-15,feature_use
u0044,2023-11-15,upgrade
u0044,2023-11-16,feature_use
u0044,2023-11-18,login
u0044,2023-11-18,invite_sent
u0044,2023-11-19,support_ticket
u0044,2023-11-22,login
u0044,2023-11-22,feature_use
u0044,2023-11-23,invite_sent
u0044,2023-11-24,login
u0044,2023-11-24,export
u0044,2023-11-24,feature_use
u0044,2023-11-24,login
u0044,2023-11-24,feature_use
u0044,2023-11-25,login
u0045,2023-04-13,signup
u0045,2023-04-15,login
u0045,2023-04-15,upgrade
u0045,2023-04-18,invite_sent
u0045,2023-04-18,churned
u0045,2023-04-28,login
u0045,2023-05-01,export
u0045,2023-05-06,feature_use
u0045,2023-05-06,invite_sent
u0045,2023-05-07,invite_sent
u0045,2023-05-16,upgrade
u0045,2023-05-20,feature_use
u0045,2023-05-21,export
u0045,2023-05-26,login
u0045,2023-06-03,support_ticket
u0045,2023-06-12,login
u0045,2023-06-16,export
u0045,2023-06-26,login
u0045,2023-06-30,login
u0045,2023-07-05,feature_use
u0045,2023-07-16,feature_use
u0045,2023-07-17,upgrade
u0045,2023-07-21,login
u0045,2023-07-24,login
u0046,2023-04-09,signup
u0046,2023-04-17,feature_use
u0046,2023-04-18,feature_use
u0046,2023-04-18,feature_use
u0046,2023-04-23,support_ticket
u0046,2023-04-24,login
u0046,2023-04-25,login
u0046,2023-04-26,feature_use
u0046,2023-04-28,login
u0046,2023-04-29,login
u0046,2023-04-30,login
u0046,2023-05-01,login
u0046,2023-05-04,login
u0046,2023-05-09,support_ticket
u0046,2023-05-10,support_ticket
u0046,2023-05-18,feature_use
u0046,2023-05-22,login
u0046,2023-05-22,login
u0046,2023-05-23,feature_use
u0046,2023-05-23,support_ticket
u0046,2023-05-24,login
u0046,2023-05-24,feature_use
u0046,2023-05-26,feature_use
u0046,2023-05-28,login
u0046,2023-05-29,login
u0046,2023-05-31,feature_use
u0046,2023-06-01,feature_use
u0046,2023-06-04,support_ticket
u0046,2023-06-06,export
u0047,2023-09-27,signup
u0047,2023-10-17,login
u0047,2023-10-23,feature_use
u0047,2023-10-24,upgrade
u0047,2023-11-29,login
u0047,2023-12-03,feature_use
u0047,2023-12-07,invite_sent
u0047,2023-12-09,login
u0048,2023-09-19,signup
u0048,2023-09-20,support_ticket
u0048,2023-09-21,churned
u0048,2023-09-21,login
u0048,2023-09-22,feature_use
u0048,2023-09-24,login
u0048,2023-09-24,churned
u0048,2023-09-24,login
u0048,2023-09-27,login
u0048,2023-09-28,feature_use
u0048,2023-09-28,support_ticket
u0048,2023-09-28,upgrade
u0048,2023-09-29,login
u0048,2023-10-04,export
u0048,2023-10-05,feature_use
u0048,2023-10-09,upgrade
u0048,2023-10-12,upgrade
u0048,2023-10-12,login
u0048,2023-10-14,feature_use
u0048,2023-10-14,feature_use
u0048,2023-10-14,export
u0048,2023-10-15,login
u0048,2023-10-16,login
u0048,2023-10-16,feature_use
u0048,2023-10-16,feature_use
u0048,2023-10-19,feature_use
u0048,2023-10-19,feature_use
u0048,2023-10-20,login
u0048,2023-10-24,churned
u0048,2023-10-24,login
u0048,2023-10-24,feature_use
u0048,2023-10-24,feature_use
u0048,2023-10-25,feature_use
u0049,2023-01-25,signup
u0049,2023-01-26,feature_use
u0049,2023-01-27,support_ticket
u0049,2023-01-27,support_ticket
u0049,2023-01-27,login
u0049,2023-01-27,churned
u0049,2023-01-27,export
u0049,2023-01-27,support_ticket
u0049,2023-01-27,feature_use
u0049,2023-01-28,login
u0049,2023-01-28,invite_sent
u0049,2023-01-28,feature_use
u0049,2023-01-28,export
u0049,2023-01-29,login
u0049,2023-01-29,feature_use
u0049,2023-01-29,feature_use
u0049,2023-01-30,churned
u0049,2023-01-30,feature_use
u0049,2023-01-30,login
u0049,2023-01-30,invite_sent
u0049,2023-01-30,feature_use
u0049,2023-01-30,login
u0049,2023-01-31,feature_use
u0049,2023-01-31,support_ticket
u0049,2023-01-31,invite_sent
u0049,2023-01-31,feature_use
u0049,2023-01-31,feature_use
u0049,2023-02-01,login
u0049,2023-02-01,feature_use
u0050,2023-05-11,signup
u0050,2023-05-16,login
u0050,2023-05-17,feature_use
u0050,2023-05-24,login
u0050,2023-06-05,feature_use
u0050,2023-06-09,export
u0050,2023-06-16,login
u0050,2023-06-18,upgrade
u0050,2023-06-19,login
u0051,2023-04-17,signup
u0051,2023-04-19,login
u0051,2023-04-20,login
u0051,2023-04-23,feature_use
u0051,2023-05-03,support_ticket
u0051,2023-05-12,churned
u0051,2023-05-13,login
u0051,2023-05-16,support_ticket
u0051,2023-05-18,feature_use
u0051,2023-05-19,upgrade
u0051,2023-05-28,invite_sent
u0051,2023-06-02,login
u0051,2023-06-03,feature_use
u0051,2023-06-04,login
u0051,2023-06-10,login
u0051,2023-06-16,feature_use
u0051,2023-06-17,support_ticket
u0051,2023-06-20,feature_use
u0051,2023-07-01,feature_use
u0051,2023-07-17,login
u0051,2023-07-23,feature_use
u0051,2023-07-26,login
u0051,2023-07-29,churned
u0052,2023-07-14,signup
u0052,2023-07-15,feature_use
u0052,2023-07-15,feature_use
u0052,2023-07-17,feature_use
u0052,2023-07-22,feature_use
u0052,2023-07-24,invite_sent
u0052,2023-07-27,feature_use
u0052,2023-08-06,login
u0052,2023-08-11,feature_use
u0052,2023-08-12,login
u0052,2023-08-14,login
u0052,2023-08-15,churned
u0052,2023-08-29,login
u0052,2023-08-29,login
u0052,2023-08-31,login
u0052,2023-09-03,login
u0052,2023-09-04,feature_use
u0052,2023-09-05,login
u0052,2023-09-11,login
u0052,2023-09-15,churned
u0052,2023-09-20,upgrade
u0052,2023-09-20,login
u0052,2023-09-21,churned
u0052,2023-09-22,feature_use
u0052,2023-09-22,churned
u0052,2023-09-23,feature_use
u0052,2023-10-01,invite_sent
u0052,2023-10-03,login
u0052,2023-10-04,feature_use
u0052,2023-10-05,support_ticket
u0052,2023-10-07,feature_use
u0052,2023-10-08,login
u0052,2023-10-10,login
u0052,2023-10-12,feature_use
u0052,2023-10-13,login
u0053,2023-02-11,signup
u0053,2023-02-14,login
u0053,2023-02-18,invite_sent
u0053,2023-02-22,login
u0053,2023-03-05,feature_use
u0053,2023-03-09,feature_use
u0053,2023-03-11,feature_use
u0053,2023-03-19,feature_use
u0053,2023-03-24,login
u0054,2023-10-18,signup
u0054,2023-10-21,login
u0054,2023-11-01,feature_use
u0054,2023-11-03,feature_use
u0054,2023-11-05,invite_sent
u0054,2023-11-07,login
u0054,2023-11-08,login
u0054,2023-11-13,invite_sent
u0055,2023-07-19,signup
u0055,2023-07-26,login
u0055,2023-07-30,login
u0055,2023-08-02,login
u0055,2023-08-05,login
u0055,2023-08-18,export
u0055,2023-08-20,upgrade
u0055,2023-08-23,support_ticket
u0055,2023-08-28,feature_use
u0055,2023-08-30,login
u0055,2023-09-01,feature_use
u0055,2023-09-03,feature_use
u0055,2023-09-06,feature_use
u0055,2023-09-06,login
u0055,2023-09-06,upgrade
u0055,2023-09-07,login
u0055,2023-09-08,churned
u0055,2023-09-13,feature_use
u0055,2023-09-15,feature_use
u0055,2023-10-06,invite_sent
u0055,2023-10-07,login
u0055,2023-10-09,login
u0055,2023-10-15,feature_use
u0055,2023-10-20,login
u0055,2023-10-23,churned
u0055,2023-10-24,support_ticket
u0055,2023-10-25,login
u0055,2023-10-29,churned
u0056,2023-10-12,signup
u0056,2023-10-13,login
u0056,2023-10-18,login
u0056,2023-10-18,feature_use
u0056,2023-11-02,export
u0057,2023-07-18,signup
u0057,2023-07-27,support_ticket
u0057,2023-07-28,login
u0057,2023-08-05,login
u0057,2023-08-05,login
u0057,2023-08-05,feature_use
u0057,2023-08-07,upgrade
u0057,2023-08-09,feature_use
u0057,2023-08-10,churned
u0057,2023-08-13,feature_use
u0057,2023-08-13,feature_use
u0057,2023-08-14,feature_use
u0057,2023-08-18,login
u0057,2023-08-19,upgrade
u0057,2023-08-22,login
u0057,2023-08-25,export
u0057,2023-08-28,login
u0057,2023-08-29,feature_use
u0057,2023-08-30,feature_use
u0057,2023-09-05,login
u0057,2023-09-05,login
u0057,2023-09-07,login
u0057,2023-09-07,login
u0057,2023-09-08,feature_use
u0057,2023-09-09,feature_use
u0057,2023-09-10,login
u0057,2023-09-12,support_ticket
u0057,2023-09-16,invite_sent
u0057,2023-09-20,login
u0057,2023-09-20,feature_use
u0057,2023-09-23,login
u0057,2023-09-26,login
u0057,2023-09-27,login
u0057,2023-09-29,login
u0057,2023-09-30,support_ticket
u0057,2023-10-03,feature_use
u0057,2023-10-04,invite_sent
u0057,2023-10-06,feature_use
u0057,2023-10-10,churned
u0057,2023-10-15,feature_use
u0058,2023-08-03,signup
u0058,2023-08-10,feature_use
u0058,2023-08-15,feature_use
u0058,2023-08-25,login
u0058,2023-08-25,login
u0058,2023-08-29,login
u0058,2023-09-02,login
u0058,2023-09-09,login
u0058,2023-09-15,invite_sent
u0058,2023-09-25,feature_use
u0058,2023-09-29,feature_use
u0058,2023-10-05,feature_use
u0058,2023-10-06,feature_use
u0058,2023-10-18,feature_use
u0058,2023-10-19,login
u0058,2023-10-27,churned
u0058,2023-10-30,feature_use
u0058,2023-10-30,feature_use
u0058,2023-11-01,feature_use
u0058,2023-11-02,login
u0058,2023-11-12,feature_use
u0058,2023-11-14,churned
u0058,2023-11-22,login
u0058,2023-11-24,upgrade
u0058,2023-11-27,login
u0058,2023-12-10,login
u0058,2023-12-12,support_ticket
u0059,2023-10-10,signup
u0059,2023-10-15,feature_use
u0059,2023-10-18,login
u0059,2023-10-18,login
u0059,2023-10-19,login
u0059,2023-10-20,feature_use
u0059,2023-10-22,feature_use
u0059,2023-10-22,feature_use
u0059,2023-10-22,feature_use
u0059,2023-10-22,feature_use
u0059,2023-10-22,login
u0059,2023-10-24,login
u0059,2023-10-26,login
u0059,2023-10-30,invite_sent
u0059,2023-10-31,login
u0059,2023-10-31,feature_use
u0059,2023-11-04,login
u0059,2023-11-05,feature_use
u0059,2023-11-06,feature_use
u0059,2023-11-07,feature_use
u0059,2023-11-08,feature_use
u0059,2023-11-09,login
u0059,2023-11-09,feature_use
u0059,2023-11-11,feature_use
u0059,2023-11-11,login
u0059,2023-11-14,login
u0059,2023-11-14,upgrade
u0059,2023-11-16,feature_use
u0059,2023-11-17,login
u0059,2023-11-19,export
u0059,2023-11-19,feature_use
u0060,2023-08-19,signup
u0060,2023-10-08,churned
u0060,2023-10-21,login
u0060,2023-10-23,feature_use
u0061,2023-07-29,signup
u0061,2023-08-03,feature_use
u0061,2023-08-04,support_ticket
u0061,2023-08-06,feature_use
u0061,2023-08-10,feature_use
u0061,2023-08-11,login
u0061,2023-08-13,feature_use
u0061,2023-08-14,support_ticket
u0061,2023-08-20,feature_use
u0061,2023-08-25,support_ticket
u0061,2023-08-27,login
u0061,2023-08-29,login
u0061,2023-08-30,login
u0061,2023-09-02,support_ticket
u0061,2023-09-02,invite_sent
u0061,2023-09-03,login
u0061,2023-09-04,login
u0061,2023-09-05,login
u0061,2023-09-12,export
u0061,2023-09-14,feature_use
u0061,2023-09-20,invite_sent
u0061,2023-09-22,login
u0061,2023-09-24,feature_use
u0061,2023-09-26,feature_use
u0061,2023-09-30,login
u0061,2023-10-01,feature_use
u0061,2023-10-03,churned
u0061,2023-10-06,login
u0061,2023-10-06,login
u0061,2023-10-10,login
u0061,2023-10-13,upgrade
u0061,2023-10-16,feature_use
u0062,2023-05-22,signup
u0062,2023-05-28,feature_use
u0062,2023-06-07,login
u0062,2023-06-12,export
u0062,2023-06-17,feature_use
u0062,2023-06-20,login
u0062,2023-06-28,feature_use
u0062,2023-07-02,feature_use
u0062,2023-07-09,login
u0062,2023-07-10,export
u0062,2023-07-12,export
u0062,2023-07-21,export
u0063,2023-08-21,signup
u0063,2023-08-22,export
u0063,2023-08-22,churned
u0063,2023-08-22,login
u0063,2023-08-23,feature_use
u0063,2023-08-28,login
u0063,2023-08-31,login
u0063,2023-09-02,upgrade
u0063,2023-09-02,upgrade
u0063,2023-09-04,login
u0063,2023-09-07,feature_use
u0063,2023-09-07,export
u0063,2023-09-08,feature_use
u0063,2023-09-08,feature_use
u0063,2023-09-09,login
u0063,2023-09-11,feature_use
u0063,2023-09-12,login
u0063,2023-09-12,feature_use
u0063,2023-09-18,feature_use
u0063,2023-09-19,feature_use
u0063,2023-09-20,feature_use
u0063,2023-09-26,login
u0063,2023-09-27,login
u0063,2023-09-29,login
u0063,2023-09-30,upgrade
u0063,2023-10-04,support_ticket
u0063,2023-10-06,export
u0063,2023-10-07,login
u0063,2023-10-08,feature_use
u0063,2023-10-08,export
u0063,2023-10-10,login
u0063,2023-10-15,export
u0063,2023-10-15,login
u0063,2023-10-15,upgrade
u0063,2023-10-17,login
u0063,2023-10-19,feature_use
u0063,2023-10-19,login
u0063,2023-10-22,login
u0063,2023-10-23,support_ticket
u0063,2023-10-24,login
u0063,2023-10-29,feature_use
u0064,2023-03-19,signup
u0064,2023-03-26,churned
u0064,2023-04-02,export
u0064,2023-04-25,feature_use
u0064,2023-05-02,login
u0064,2023-05-03,invite_sent
u0064,2023-05-16,login
u0064,2023-05-30,support_ticket
u0064,2023-05-30,login
u0064,2023-06-24,support_ticket
u0064,2023-07-20,feature_use
u0064,2023-08-12,support_ticket
u0064,2023-08-18,feature_use
u0064,2023-08-21,login
u0064,2023-08-29,login
u0064,2023-10-02,login
u0064,2023-10-25,login
u0065,2023-10-19,signup
u0065,2023-10-27,invite_sent
u0065,2023-10-28,login
u0065,2023-10-28,login
u0065,2023-10-29,login
u0065,2023-11-08,login
u0065,2023-11-08,feature_use
u0065,2023-11-15,churned
u0065,2023-11-16,login
u0065,2023-11-28,login
u0065,2023-12-09,feature_use
u0065,2023-12-09,feature_use
u0065,2023-12-10,login
u0065,2023-12-12,feature_use
u0065,2023-12-19,invite_sent
u0066,2023-08-12,signup
u0066,2023-08-20,login
u0066,2023-08-27,login
u0066,2023-08-27,login
u0066,2023-08-29,login
u0066,2023-09-01,feature_use
u0066,2023-09-12,support_ticket
u0066,2023-09-14,support_ticket
u0066,2023-09-17,upgrade
u0066,2023-09-23,feature_use
u0066,2023-09-24,login
u0066,2023-09-26,login
u0066,2023-10-18,login
u0066,2023-10-20,upgrade
u0066,2023-11-09,feature_use
u0066,2023-11-30,login
u0066,2023-12-02,login
u0066,2023-12-18,export
u0066,2023-12-21,login
u0067,2023-05-11,signup
u0067,2023-05-12,login
u0067,2023-05-15,login
u0067,2023-05-21,feature_use
u0067,2023-05-31,feature_use
u0067,2023-06-19,login
u0067,2023-07-09,support_ticket
u0067,2023-08-01,login
u0067,2023-08-02,login
u0067,2023-09-09,login
u0067,2023-10-26,feature_use
u0068,2023-03-03,signup
u0068,2023-03-04,feature_use
u0068,2023-03-06,invite_sent
u0068,2023-03-08,export
u0068,2023-03-09,feature_use
u0068,2023-03-18,support_ticket
u0068,2023-03-19,feature_use
u0068,2023-03-22,feature_use
u0068,2023-03-23,support_ticket
u0068,2023-04-10,churned
u0068,2023-04-19,invite_sent
u0068,2023-04-21,support_ticket
u0068,2023-04-22,support_ticket
u0068,2023-04-27,login
u0068,2023-04-28,login
u0069,2023-03-19,signup
u0069,2023-03-27,feature_use
u0069,2023-03-30,login
u0069,2023-04-09,export
u0069,2023-04-17,login
u0070,2023-07-12,signup
u0070,2023-07-20,churned
u0070,2023-07-24,login
u0070,2023-07-31,upgrade
u0070,2023-08-08,feature_use
u0070,2023-08-11,invite_sent
u0070,2023-08-12,feature_use
u0070,2023-08-29,feature_use
u0070,2023-09-17,feature_use
u0070,2023-10-16,login
u0071,2023-02-18,signup
u0071,2023-03-24,login
u0071,2023-04-26,export
u0071,2023-05-11,feature_use
u0071,2023-06-10,feature_use
u0071,2023-07-20,feature_use
u0071,2023-09-12,feature_use
u0071,2023-09-19,upgrade
u0072,2023-04-30,signup
u0072,2023-05-02,login
u0072,2023-05-04,login
u0072,2023-05-04,login
u0072,2023-05-06,feature_use
u0072,2023-05-07,feature_use
u0072,2023-05-08,churned
u0072,2023-05-10,export
u0072,2023-05-11,feature_use
u0072,2023-05-11,login
u0072,2023-05-12,churned
u0072,2023-05-15,login
u0073,2023-07-22,signup
u0073,2023-07-24,login
u0073,2023-07-26,invite_sent
u0073,2023-07-28,invite_sent
u0073,2023-07-31,login
u0073,2023-08-01,login
u0073,2023-08-02,feature_use
u0073,2023-08-08,login
u0073,2023-08-08,login
u0073,2023-08-25,invite_sent
u0073,2023-09-12,feature_use
u0073,2023-09-18,feature_use
u0073,2023-09-20,login
u0073,2023-10-01,login
u0073,2023-10-11,invite_sent
u0073,2023-10-13,feature_use
u0073,2023-10-30,churned
u0073,2023-11-01,login
u0073,2023-11-03,login
u0073,2023-11-04,churned
u0074,2023-01-26,signup
u0074,2023-01-28,login
u0074,2023-01-29,feature_use
u0074,2023-01-30,support_ticket
u0074,2023-02-01,login
u0074,2023-02-04,feature_use
u0074,2023-02-06,login
u0074,2023-02-07,login
u0074,2023-02-07,login
u0074,2023-02-07,login
u0074,2023-02-10,login
u0074,2023-02-10,feature_use
u0074,2023-02-11,login
u0074,2023-02-13,login
u0074,2023-02-14,feature_use
u0074,2023-02-18,feature_use
u0074,2023-02-20,feature_use
u0074,2023-02-20,support_ticket
u0074,2023-02-20,login
u0074,2023-02-20,login
u0074,2023-02-21,feature_use
u0074,2023-02-24,export
u0074,2023-02-26,feature_use
u0074,2023-02-27,login
u0074,2023-03-01,login
u0074,2023-03-02,support_ticket
u0074,2023-03-03,feature_use
u0074,2023-03-04,feature_use
u0074,2023-03-05,churned
u0074,2023-03-05,login
u0074,2023-03-07,login
u0075,2023-07-03,signup
u0075,2023-07-04,invite_sent
u0075,2023-07-08,feature_use
u0075,2023-07-09,login
u0075,2023-07-12,churned
u0075,2023-07-13,feature_use
u0075,2023-07-13,support_ticket
u0075,2023-07-15,feature_use
u0075,2023-07-15,upgrade
u0075,2023-07-15,feature_use
u0075,2023-07-16,support_ticket
u0075,2023-07-18,login
u0075,2023-07-22,login
u0075,2023-07-24,login
u0075,2023-07-25,upgrade
u0075,2023-07-25,login
u0075,2023-07-26,login
u0075,2023-07-29,feature_use
u0075,2023-07-31,support_ticket
u0075,2023-08-03,login
u0075,2023-08-04,feature_use
u0075,2023-08-04,feature_use
u0075,2023-08-06,export
u0075,2023-08-08,upgrade
u0075,2023-08-09,feature_use
u0075,2023-08-09,invite_sent
u0076,2023-10-21,signup
u0076,2023-10-31,login
u0076,2023-11-04,invite_sent
u0076,2023-11-09,login
u0076,2023-11-14,feature_use
u0076,2023-11-19,feature_use
u0077,2023-06-13,signup
u0077,2023-06-14,feature_use
u0077,2023-06-14,login
u0077,2023-06-14,feature_use
u0077,2023-06-15,login
u0077,2023-06-15,upgrade
u0077,2023-06-15,support_ticket
u0077,2023-06-15,login
u0077,2023-06-15,login
u0077,2023-06-16,export
u0077,2023-06-16,upgrade
u0077,2023-06-16,feature_use
u0077,2023-06-17,login
u0077,2023-06-17,login
u0077,2023-06-19,login
u0077,2023-06-20,churned
u0077,2023-06-20,feature_use
u0077,2023-06-20,login
u0077,2023-06-20,login
u0077,2023-06-20,login
u0077,2023-06-21,login
u0077,2023-06-21,support_ticket
u0077,2023-06-22,invite_sent
u0077,2023-06-23,feature_use
u0077,2023-06-23,export
u0078,2023-02-21,signup
u0078,2023-02-22,feature_use
u0078,2023-02-28,feature_use
u0078,2023-03-06,login
u0078,2023-03-13,login
u0078,2023-03-17,feature_use
u0078,2023-03-19,login
u0078,2023-03-20,login
u0078,2023-03-22,export
u0078,2023-03-27,feature_use
u0078,2023-03-31,export
u0078,2023-03-31,churned
u0078,2023-04-01,login
u0078,2023-04-02,support_ticket
u0078,2023-04-07,support_ticket
u0078,2023-04-11,feature_use
u0078,2023-04-15,churned
u0078,2023-04-19,feature_use
u0078,2023-04-20,login
u0078,2023-04-23,export
u0078,2023-04-23,feature_use
u0078,2023-05-03,export
u0078,2023-05-05,login
u0078,2023-05-08,login
u0078,2023-05-13,feature_use
u0078,2023-05-15,feature_use
u0078,2023-05-17,login
u0078,2023-05-22,feature_use
u0078,2023-05-29,upgrade
u0078,2023-06-20,upgrade
u0079,2023-02-01,signup
u0079,2023-02-08,support_ticket
u0079,2023-02-19,feature_use
u0079,2023-03-08,login
u0079,2023-03-14,feature_use
u0079,2023-03-25,invite_sent
u0079,2023-03-31,feature_use
u0079,2023-04-18,login
u0079,2023-04-18,export
u0079,2023-04-18,feature_use
u0079,2023-04-28,churned
u0079,2023-05-11,login
u0079,2023-06-02,feature_use
u0079,2023-06-14,login
u0079,2023-06-17,feature_use
u0079,2023-06-28,export
u0079,2023-07-18,export
u0079,2023-07-28,export
u0079,2023-09-06,login
u0079,2023-09-12,login
u0079,2023-09-19,login
u0079,2023-10-02,login
u0079,2023-10-03,feature_use
u0079,2023-10-08,feature_use
u0079,2023-10-24,support_ticket
u0079,2023-10-26,feature_use
u0079,2023-10-27,support_ticket
u0079,2023-11-03,upgrade
u0079,2023-11-13,feature_use
u0079,2023-11-17,support_ticket
u0080,2023-05-22,signup
u0080,2023-05-28,login
u0080,2023-05-30,login
u0080,2023-06-01,feature_use
u0080,2023-06-04,support_ticket
u0080,2023-06-04,invite_sent
u0080,2023-06-06,feature_use
u0080,2023-06-14,login
u0080,2023-06-26,support_ticket
u0080,2023-07-02,login
u0080,2023-07-13,export
u0080,2023-07-16,invite_sent
u0080,2023-07-20,login
u0080,2023-07-25,login
u0080,2023-07-30,invite_sent
u0080,2023-08-08,login
u0080,2023-08-13,login
u0080,2023-08-15,upgrade
u0080,2023-08-25,export
u0080,2023-09-04,support_ticket
u0080,2023-09-06,feature_use
u0080,2023-09-13,support_ticket
u0080,2023-09-25,export
u0080,2023-09-29,feature_use
u0080,2023-10-02,export
u0080,2023-10-04,export
u0080,2023-11-14,login
u0080,2023-11-19,login
u0080,2023-11-20,feature_use
u0081,2023-03-05,signup
u0081,2023-03-07,feature_use
u0081,2023-03-08,feature_use
u0081,2023-03-08,login
u0081,2023-03-29,login
u0081,2023-04-08,feature_use
u0081,2023-04-20,churned
u0081,2023-04-29,export
u0081,2023-05-02,feature_use
u0081,2023-05-11,support_ticket
u0081,2023-05-13,feature_use
u0081,2023-05-15,feature_use
u0081,2023-05-21,upgrade
u0081,2023-05-23,upgrade
u0081,2023-06-03,login
u0081,2023-06-09,feature_use
u0081,2023-06-10,export
u0081,2023-06-12,login
u0081,2023-06-15,feature_use
u0081,2023-07-01,login
u0081,2023-07-03,login
u0081,2023-07-05,feature_use
u0081,2023-07-09,feature_use
u0081,2023-07-15,login
u0081,2023-07-17,export
u0081,2023-07-30,support_ticket
u0081,2023-08-05,feature_use
u0082,2023-09-04,signup
u0082,2023-09-05,feature_use
u0082,2023-09-06,feature_use
u0082,2023-09-09,feature_use
u0082,2023-09-10,login
u0082,2023-09-10,invite_sent
u0082,2023-09-12,invite_sent
u0082,2023-09-12,upgrade
u0082,2023-09-13,login
u0082,2023-09-13,upgrade
u0082,2023-09-14,login
u0082,2023-09-14,export
u0082,2023-09-15,feature_use
u0082,2023-09-15,upgrade
u0082,2023-09-15,feature_use
u0082,2023-09-18,feature_use
u0082,2023-09-20,login
u0082,2023-09-22,support_ticket
u0082,2023-09-23,support_ticket
u0082,2023-09-24,feature_use
u0082,2023-09-25,login
u0082,2023-09-25,support_ticket
u0082,2023-09-26,login
u0082,2023-09-26,export
u0083,2023-04-24,signup
u0083,2023-04-26,feature_use
u0083,2023-05-08,export
u0083,2023-05-15,feature_use
u0083,2023-06-04,feature_use
u0083,2023-06-07,feature_use
u0083,2023-06-13,feature_use
u0083,2023-06-15,login
u0083,2023-06-17,support_ticket
u0083,2023-07-10,feature_use
u0083,2023-07-14,feature_use
u0083,2023-07-18,feature_use
u0083,2023-08-10,support_ticket
u0083,2023-08-20,login
u0083,2023-09-17,export
u0083,2023-09-21,login
u0083,2023-09-21,feature_use
u0083,2023-09-30,login
u0083,2023-10-03,churned
u0083,2023-10-16,feature_use
u0083,2023-10-25,login
u0083,2023-11-28,login
u0083,2023-11-29,login
u0084,2023-02-15,signup
u0084,2023-02-16,feature_use
u0084,2023-02-17,feature_use
u0084,2023-02-17,login
u0084,2023-02-18,feature_use
u0084,2023-02-18,login
u0084,2023-02-18,feature_use
u0084,2023-02-19,feature_use
u0084,2023-02-19,feature_use
u0084,2023-02-22,feature_use
u0084,2023-02-23,feature_use
u0084,2023-02-24,login
u0084,2023-02-24,login
u0084,2023-02-26,login
u0084,2023-02-28,login
u0084,2023-02-28,login
u0084,2023-03-02,upgrade
u0084,2023-03-03,login
u0084,2023-03-04,support_ticket
u0084,2023-03-04,feature_use
u0084,2023-03-06,feature_use
u0084,2023-03-07,login
u0084,2023-03-08,support_ticket
u0084,2023-03-09,feature_use
u0084,2023-03-10,login
u0084,2023-03-11,invite_sent
u0084,2023-03-12,login
u0084,2023-03-13,feature_use
u0084,2023-03-13,login
u0084,2023-03-18,feature_use
u0084,2023-03-19,login
u0085,2023-03-20,signup
u0085,2023-03-27,feature_use
u0085,2023-04-07,feature_use
u0085,2023-04-09,feature_use
u0086,2023-03-12,signup
u0086,2023-03-13,login
u0086,2023-03-18,login
u0086,2023-03-19,login
u0086,2023-03-24,invite_sent
u0086,2023-03-24,feature_use
u0086,2023-03-25,invite_sent
u0086,2023-03-27,support_ticket
u0086,2023-03-27,login
u0086,2023-03-30,feature_use
u0086,2023-04-01,invite_sent
u0086,2023-04-03,login
u0086,2023-04-03,login
u0086,2023-04-04,export
u0086,2023-04-07,support_ticket
u0086,2023-04-08,upgrade
u0086,2023-04-16,export
u0086,2023-04-19,login
u0086,2023-04-19,login
u0086,2023-04-19,login
u0086,2023-04-22,feature_use
u0086,2023-04-25,login
u0086,2023-04-27,upgrade
u0086,2023-05-01,upgrade
u0086,2023-05-03,feature_use
u0086,2023-05-08,invite_sent
u0086,2023-05-10,login
u0086,2023-05-13,login
u0086,2023-05-13,support_ticket
u0086,2023-05-15,login
u0086,2023-05-17,login
u0086,2023-05-18,churned
u0086,2023-05-22,feature_use
u0086,2023-05-25,feature_use
u0086,2023-05-31,login
u0086,2023-06-03,login
u0087,2023-01-31,signup
u0087,2023-02-17,feature_use
u0087,2023-03-18,feature_use
u0087,2023-03-26,invite_sent
u0087,2023-04-03,support_ticket
u0087,2023-04-04,login
u0087,2023-04-20,feature_use
u0087,2023-04-28,feature_use
u0087,2023-05-19,upgrade
u0087,2023-05-22,upgrade
u0088,2023-07-30,signup
u0088,2023-08-03,login
u0088,2023-08-03,feature_use
u0088,2023-08-05,feature_use
u0088,2023-08-06,feature_use
u0088,2023-08-10,feature_use
u0088,2023-08-10,login
u0088,2023-08-14,churned
u0088,2023-08-15,feature_use
u0088,2023-08-20,login
u0088,2023-08-21,feature_use
u0088,2023-08-21,churned
u0088,2023-08-24,login
u0088,2023-08-25,support_ticket
u0088,2023-08-30,export
u0088,2023-08-31,login
u0088,2023-09-02,support_ticket
u0088,2023-09-04,export
u0088,2023-09-04,feature_use
u0088,2023-09-05,upgrade
u0089,2023-10-21,signup
u0089,2023-10-23,login
u0089,2023-10-24,invite_sent
u0089,2023-10-27,support_ticket
u0089,2023-10-29,login
u0089,2023-10-29,invite_sent
u0089,2023-11-04,feature_use
u0089,2023-11-09,feature_use
u0089,2023-11-11,login
u0089,2023-11-12,login
u0089,2023-11-14,export
u0089,2023-11-14,upgrade
u0089,2023-11-14,upgrade
u0089,2023-11-16,login
u0089,2023-11-17,login
u0089,2023-11-17,login
u0089,2023-11-20,invite_sent
u0089,2023-11-20,login
u0089,2023-11-21,upgrade
u0089,2023-11-22,support_ticket
u0089,2023-11-22,login
u0089,2023-11-26,login
u0089,2023-11-30,feature_use
u0089,2023-11-30,login
u0089,2023-12-01,churned
u0089,2023-12-03,login
u0089,2023-12-06,support_ticket
u0089,2023-12-06,login
u0089,2023-12-10,feature_use
u0089,2023-12-13,login
u0089,2023-12-13,support_ticket
u0089,2023-12-17,feature_use
u0090,2023-08-01,signup
u0090,2023-08-02,feature_use
u0090,2023-08-05,feature_use
u0090,2023-08-09,support_ticket
u0090,2023-08-09,support_ticket
u0090,2023-08-10,churned
u0090,2023-08-10,login
u0090,2023-08-10,feature_use
u0090,2023-08-13,upgrade
u0090,2023-08-13,upgrade
u0090,2023-08-13,feature_use
u0090,2023-08-14,login
u0090,2023-08-17,login
u0090,2023-08-19,support_ticket
u0090,2023-08-20,upgrade
u0090,2023-08-22,feature_use
u0090,2023-08-22,upgrade
u0090,2023-08-23,churned
u0090,2023-08-26,feature_use
u0090,2023-08-26,login
u0090,2023-08-28,feature_use
u0090,2023-08-29,export
u0090,2023-08-29,support_ticket
u0090,2023-08-30,feature_use
u0090,2023-08-30,support_ticket
u0090,2023-09-01,invite_sent
u0090,2023-09-03,login
u0090,2023-09-04,login
u0090,2023-09-05,login
u0090,2023-09-06,feature_use
u0090,2023-09-06,feature_use
u0090,2023-09-07,invite_sent
u0090,2023-09-08,invite_sent
u0090,2023-09-09,invite_sent
u0090,2023-09-12,churned
u0090,2023-09-13,feature_use
u0090,2023-09-13,login
u0090,2023-09-14,login
u0090,2023-09-15,export
u0090,2023-09-15,feature_use
u0090,2023-09-15,feature_use
u0091,2023-03-24,signup
u0091,2023-04-02,login
u0091,2023-04-07,login
u0091,2023-05-01,export
u0091,2023-05-16,support_ticket
u0091,2023-05-21,support_ticket
u0091,2023-05-28,login
u0091,2023-06-13,churned
u0091,2023-06-30,feature_use
u0091,2023-07-16,export
u0091,2023-07-18,login
u0091,2023-08-02,support_ticket
u0091,2023-08-15,feature_use
u0091,2023-09-03,upgrade
u0091,2023-09-11,login
u0091,2023-09-13,support_ticket
u0091,2023-09-17,support_ticket
u0091,2023-09-19,login
u0091,2023-10-10,export
u0091,2023-10-12,churned
u0092,2023-11-28,signup
u0092,2023-11-30,feature_use
u0092,2023-11-30,support_ticket
u0092,2023-12-03,login
u0092,2023-12-04,feature_use
u0092,2023-12-07,login
u0092,2023-12-08,feature_use
u0092,2023-12-13,upgrade
u0092,2023-12-15,login
u0092,2023-12-16,login
u0092,2023-12-19,feature_use
u0092,2023-12-20,login
u0092,2023-12-20,login
u0092,2023-12-24,feature_use
u0092,2023-12-28,login
u0092,2023-12-29,login
u0093,2023-07-03,signup
u0093,2023-07-05,invite_sent
u0093,2023-07-06,login
u0093,2023-07-09,login
u0093,2023-07-11,feature_use
u0093,2023-07-15,feature_use
u0093,2023-07-17,feature_use
u0093,2023-07-17,invite_sent
u0093,2023-07-19,invite_sent
u0093,2023-07-19,churned
u0093,2023-07-25,login
u0093,2023-07-28,invite_sent
u0093,2023-08-05,login
u0093,2023-08-05,feature_use
u0093,2023-08-06,login
u0093,2023-08-07,feature_use
u0093,2023-08-07,upgrade
u0093,2023-08-08,export
u0093,2023-08-12,feature_use
u0093,2023-08-12,invite_sent
u0093,2023-08-14,login
u0093,2023-08-15,login
u0093,2023-08-16,export
u0093,2023-08-22,feature_use
u0094,2023-11-30,signup
u0094,2023-12-01,feature_use
u0094,2023-12-07,login
u0094,2023-12-14,feature_use
u0094,2023-12-14,export
u0094,2023-12-14,feature_use
u0094,2023-12-28,export
u0095,2023-08-11,signup
u0095,2023-08-13,feature_use
u0095,2023-08-16,login
u0095,2023-08-16,support_ticket
u0095,2023-08-28,feature_use
u0095,2023-08-28,feature_use
u0095,2023-09-02,login
u0095,2023-09-05,feature_use
u0095,2023-09-08,login
u0095,2023-09-09,feature_use
u0095,2023-09-15,login
u0095,2023-09-17,export
u0095,2023-09-18,login
u0096,2023-02-07,signup
u0096,2023-02-23,feature_use
u0096,2023-04-22,login
u0096,2023-07-02,support_ticket
u0096,2023-07-06,support_ticket
u0096,2023-07-12,feature_use
u0096,2023-08-27,support_ticket
u0096,2023-09-20,feature_use
u0096,2023-11-08,login
u0096,2023-11-14,login
u0097,2023-11-28,signup
u0097,2023-12-01,login
u0097,2023-12-01,invite_sent
u0097,2023-12-02,login
u0097,2023-12-02,login
u0097,2023-12-02,login
u0097,2023-12-03,feature_use
u0097,2023-12-04,login
u0097,2023-12-05,login
u0097,2023-12-06,upgrade
u0097,2023-12-08,upgrade
u0097,2023-12-08,feature_use
u0097,2023-12-09,login
u0097,2023-12-09,feature_use
u0097,2023-12-09,feature_use
u0097,2023-12-09,login
u0097,2023-12-10,support_ticket
u0097,2023-12-12,invite_sent
u0097,2023-12-12,login
u0097,2023-12-13,login
u0097,2023-12-16,feature_use
u0097,2023-12-16,feature_use
u0097,2023-12-16,login
u0097,2023-12-17,feature_use
u0097,2023-12-17,feature_use
u0097,2023-12-18,export
u0097,2023-12-19,feature_use
u0097,2023-12-20,support_ticket
u0097,2023-12-20,login
u0097,2023-12-20,feature_use
u0097,2023-12-20,upgrade
u0097,2023-12-22,support_ticket
u0097,2023-12-22,login
u0097,2023-12-23,invite_sent
u0097,2023-12-25,login
u0097,2023-12-26,feature_use
u0097,2023-12-26,feature_use
u0097,2023-12-26,login
u0097,2023-12-27,feature_use
u0098,2023-02-25,signup
u0098,2023-03-02,export
u0098,2023-03-06,export
u0098,2023-03-10,login
u0098,2023-03-15,export
u0098,2023-03-30,feature_use
u0098,2023-04-04,feature_use
u0098,2023-04-04,login
u0098,2023-04-07,login
u0099,2023-01-19,signup
u0099,2023-01-23,feature_use
u0099,2023-01-25,feature_use
u0099,2023-02-09,login
u0099,2023-02-09,churned
u0099,2023-02-10,feature_use
u0099,2023-02-28,feature_use
u0099,2023-04-01,feature_use
u0099,2023-04-01,feature_use
u0099,2023-04-04,upgrade
u0099,2023-04-06,login
u0099,2023-04-14,support_ticket
u0099,2023-04-21,feature_use
u0099,2023-05-14,export
u0099,2023-05-14,feature_use
u0099,2023-05-17,login
u0099,2023-06-03,feature_use
u0099,2023-06-04,feature_use
u0099,2023-06-09,export
u0099,2023-06-17,login
u0099,2023-07-04,login
u0099,2023-07-15,feature_use
u0099,2023-07-19,support_ticket
u0099,2023-07-23,feature_use
u0099,2023-07-31,churned
u0099,2023-08-01,login
u0099,2023-08-11,login
u0099,2023-09-09,export
u0099,2023-09-18,feature_use
u0099,2023-09-23,export
u0099,2023-09-24,invite_sent
u0099,2023-09-26,login
u0099,2023-10-03,feature_use
u0099,2023-10-12,invite_sent
u0099,2023-10-13,feature_use
u0099,2023-11-05,feature_use
u0099,2023-11-07,login
u0099,2023-11-17,upgrade
u0100,2023-11-26,signup
u0100,2023-11-27,export
u0100,2023-11-28,feature_use
u0100,2023-11-29,login
u0100,2023-11-29,feature_use
u0100,2023-11-29,login
u0100,2023-11-30,login
u0100,2023-12-01,invite_sent
u0100,2023-12-04,feature_use
u0100,2023-12-06,login
u0100,2023-12-06,feature_use
u0100,2023-12-07,login
u0100,2023-12-08,support_ticket
u0100,2023-12-09,login
u0100,2023-12-10,feature_use
u0101,2023-09-22,signup
u0101,2023-09-23,invite_sent
u0101,2023-09-24,login
u0101,2023-09-25,export
u0101,2023-09-27,login
u0101,2023-09-28,login
u0101,2023-09-29,login
u0101,2023-09-30,login
u0101,2023-10-01,invite_sent
u0101,2023-10-03,login
u0101,2023-10-04,feature_use
u0101,2023-10-09,login
u0101,2023-10-14,invite_sent
u0101,2023-10-16,export
u0101,2023-10-17,login
u0101,2023-10-17,login
u0101,2023-10-19,feature_use
u0101,2023-10-19,export
u0101,2023-10-20,feature_use
u0101,2023-10-20,login
u0101,2023-10-23,export
u0101,2023-10-23,support_ticket
u0102,2023-10-22,signup
u0102,2023-10-24,login
u0102,2023-10-25,feature_use
u0102,2023-10-26,login
u0102,2023-10-26,feature_use
u0102,2023-10-27,login
u0102,2023-10-28,login
u0102,2023-10-28,feature_use
u0102,2023-10-29,feature_use
u0102,2023-10-30,support_ticket
u0102,2023-10-31,feature_use
u0102,2023-10-31,login
u0102,2023-10-31,feature_use
u0102,2023-10-31,feature_use
u0102,2023-11-01,feature_use
u0102,2023-11-02,login
u0102,2023-11-02,feature_use
u0102,2023-11-03,support_ticket
u0102,2023-11-04,login
u0102,2023-11-04,feature_use
u0103,2023-06-07,signup
u0103,2023-06-09,support_ticket
u0103,2023-06-21,login
u0103,2023-06-28,feature_use
u0103,2023-07-08,support_ticket
u0103,2023-07-15,feature_use
u0103,2023-07-19,login
u0103,2023-08-14,login
u0103,2023-09-02,support_ticket
u0103,2023-09-27,login
u0103,2023-09-30,support_ticket
u0103,2023-10-16,feature_use
u0104,2023-07-16,signup
u0104,2023-07-17,churned
u0104,2023-07-19,upgrade
u0104,2023-07-24,feature_use
u0104,2023-07-26,login
u0104,2023-07-31,invite_sent
u0104,2023-08-03,invite_sent
u0104,2023-08-04,feature_use
u0104,2023-08-08,churned
u0104,2023-08-09,feature_use
u0104,2023-08-30,feature_use
u0104,2023-09-04,feature_use
u0104,2023-09-06,feature_use
u0104,2023-09-11,feature_use
u0104,2023-09-13,support_ticket
u0104,2023-09-14,feature_use
u0104,2023-09-17,support_ticket
u0104,2023-09-19,upgrade
u0104,2023-09-21,login
u0104,2023-09-21,login
u0104,2023-09-22,login
u0104,2023-09-25,login
u0104,2023-09-27,upgrade
u0104,2023-09-28,upgrade
u0104,2023-09-28,login
u0104,2023-10-12,invite_sent
u0104,2023-10-14,login
u0104,2023-10-21,feature_use
u0104,2023-10-26,feature_use
u0104,2023-10-27,login
u0104,2023-10-28,feature_use
u0104,2023-10-30,invite_sent
u0104,2023-11-06,login
u0104,2023-11-11,feature_use
u0104,2023-11-23,login
u0104,2023-11-24,feature_use
u0104,2023-11-25,invite_sent
u0105,2023-06-25,signup
u0105,2023-06-26,login
u0105,2023-06-27,export
u0105,2023-06-27,feature_use
u0105,2023-06-28,feature_use
u0105,2023-06-29,login
u0105,2023-06-29,upgrade
u0105,2023-06-29,login
u0105,2023-06-30,login
u0105,2023-07-01,feature_use
u0105,2023-07-02,feature_use
u0105,2023-07-02,login
u0105,2023-07-02,login
u0105,2023-07-02,feature_use
u0105,2023-07-03,export
u0105,2023-07-03,export
u0105,2023-07-04,login
u0105,2023-07-04,feature_use
u0105,2023-07-04,feature_use
u0105,2023-07-04,login
u0105,2023-07-04,login
u0105,2023-07-06,login
u0105,2023-07-06,login
u0105,2023-07-07,login
u0105,2023-07-07,feature_use
u0105,2023-07-07,login
u0105,2023-07-08,export
u0105,2023-07-09,feature_use
u0105,2023-07-09,upgrade
u0105,2023-07-10,login
u0105,2023-07-11,feature_use
u0105,2023-07-11,invite_sent
u0105,2023-07-11,churned
u0105,2023-07-11,feature_use
u0106,2023-07-25,signup
u0106,2023-07-26,login
u0106,2023-07-27,feature_use
u0106,2023-07-28,login
u0106,2023-07-29,feature_use
u0106,2023-07-30,churned
u0106,2023-07-30,feature_use
u0106,2023-07-30,export
u0106,2023-07-30,upgrade
u0106,2023-07-31,login
u0106,2023-07-31,churned
u0106,2023-07-31,export
u0106,2023-08-01,login
u0106,2023-08-01,feature_use
u0106,2023-08-02,support_ticket
u0106,2023-08-03,support_ticket
u0106,2023-08-03,feature_use
u0106,2023-08-03,login
u0106,2023-08-03,feature_use
u0106,2023-08-03,invite_sent
u0106,2023-08-04,login
u0106,2023-08-04,login
u0106,2023-08-05,support_ticket
u0106,2023-08-05,login
u0106,2023-08-05,feature_use
u0106,2023-08-05,login
u0106,2023-08-05,feature_use
u0106,2023-08-06,feature_use
u0106,2023-08-06,support_ticket
u0106,2023-08-07,feature_use
u0106,2023-08-07,export
u0106,2023-08-07,login
u0106,2023-08-08,export
u0106,2023-08-08,login
u0106,2023-08-09,export
u0106,2023-08-09,feature_use
u0106,2023-08-09,support_ticket
u0106,2023-08-09,feature_use
u0106,2023-08-10,login
u0106,2023-08-10,support_ticket
u0107,2023-02-10,signup
u0107,2023-02-12,login
u0107,2023-02-13,login
u0107,2023-02-14,login
u0107,2023-02-18,support_ticket
u0107,2023-02-23,feature_use
u0107,2023-02-23,login
u0107,2023-03-02,login
u0107,2023-03-03,invite_sent
u0107,2023-03-11,feature_use
u0108,2023-08-15,signup
u0108,2023-08-16,feature_use
u0108,2023-08-16,feature_use
u0108,2023-08-20,login
u0108,2023-08-21,feature_use
u0108,2023-08-21,feature_use
u0108,2023-08-24,login
u0108,2023-08-25,login
u0108,2023-08-26,login
u0108,2023-08-28,feature_use
u0108,2023-08-31,login
u0108,2023-08-31,feature_use
u0108,2023-09-02,feature_use
u0108,2023-09-04,invite_sent
u0108,2023-09-05,export
u0108,2023-09-08,feature_use
u0108,2023-09-09,login
u0108,2023-09-12,support_ticket
u0108,2023-09-14,churned
u0108,2023-09-15,feature_use
u0108,2023-09-15,feature_use
u0108,2023-09-15,login
u0108,2023-09-19,invite_sent
u0108,2023-09-20,feature_use
u0108,2023-09-20,feature_use
u0108,2023-09-21,feature_use
u0108,2023-09-22,feature_use
u0108,2023-09-23,login
u0108,2023-09-24,support_ticket
u0108,2023-09-25,support_ticket
u0108,2023-09-25,feature_use
u0108,2023-09-26,feature_use
u0108,2023-09-26,support_ticket
u0108,2023-09-27,login
u0108,2023-09-28,login
u0108,2023-09-29,feature_use
u0108,2023-09-29,invite_sent
u0109,2023-05-29,signup
u0109,2023-05-30,login
u0109,2023-05-30,login
u0109,2023-05-31,login
u0109,2023-05-31,login
u0109,2023-06-01,login
u0109,2023-06-01,login
u0109,2023-06-01,support_ticket
u0109,2023-06-02,export
u0109,2023-06-05,login
u0109,2023-06-05,feature_use
u0109,2023-06-07,upgrade
u0109,2023-06-08,login
u0109,2023-06-08,login
u0109,2023-06-09,feature_use
u0109,2023-06-11,login
u0109,2023-06-12,login
u0109,2023-06-12,feature_use
u0109,2023-06-12,churned
u0109,2023-06-14,feature_use
u0109,2023-06-15,support_ticket
u0109,2023-06-16,upgrade
u0109,2023-06-18,support_ticket
u0109,2023-06-18,invite_sent
u0109,2023-06-24,login
u0109,2023-06-27,login
u0109,2023-06-28,upgrade
u0109,2023-06-29,login
u0109,2023-06-29,feature_use
u0109,2023-06-30,login
u0109,2023-06-30,churned
u0109,2023-07-02,login
u0110,2023-05-01,signup
u0110,2023-05-23,support_ticket
u0110,2023-07-15,login
u0110,2023-08-11,login
u0111,2023-01-22,signup
u0111,2023-02-02,upgrade
u0111,2023-02-22,login
u0111,2023-03-10,upgrade
u0111,2023-03-18,login
u0111,2023-04-11,upgrade
u0111,2023-05-22,login
u0111,2023-05-30,login
u0111,2023-07-15,invite_sent
u0111,2023-07-19,support_ticket
u0111,2023-07-25,upgrade
u0111,2023-08-01,support_ticket
u0111,2023-09-04,upgrade
u0112,2023-05-09,signup
u0112,2023-05-10,support_ticket
u0112,2023-05-18,login
u0112,2023-05-18,feature_use
u0112,2023-05-21,export
u0112,2023-05-26,feature_use
u0112,2023-06-12,login
u0112,2023-06-18,feature_use
u0112,2023-06-26,feature_use
u0112,2023-06-26,export
u0112,2023-06-27,feature_use
u0112,2023-07-10,login
u0112,2023-07-19,export
u0112,2023-07-24,support_ticket
u0112,2023-07-31,upgrade
u0112,2023-07-31,feature_use
u0112,2023-07-31,login
u0112,2023-08-11,support_ticket
u0112,2023-08-17,feature_use
u0112,2023-09-11,login
u0112,2023-09-12,login
u0112,2023-09-14,support_ticket
u0112,2023-09-16,feature_use
u0112,2023-09-20,feature_use
u0112,2023-09-21,feature_use
u0112,2023-09-22,login
u0112,2023-09-24,support_ticket
u0112,2023-09-25,login
u0112,2023-09-28,login
u0112,2023-09-30,login
u0112,2023-10-08,login
u0112,2023-10-10,invite_sent
u0113,2023-07-07,signup
u0113,2023-07-08,invite_sent
u0113,2023-07-13,feature_use
u0113,2023-07-21,feature_use
u0113,2023-08-03,export
u0113,2023-08-12,support_ticket
u0113,2023-08-17,login
u0113,2023-08-22,login
u0114,2023-11-12,signup
u0114,2023-11-13,login
u0114,2023-11-14,churned
u0114,2023-11-14,feature_use
u0114,2023-11-14,login
u0114,2023-11-18,login
u0114,2023-11-18,invite_sent
u0114,2023-11-19,login
u0115,2023-10-13,signup
u0115,2023-10-20,login
u0115,2023-10-24,feature_use
u0115,2023-10-25,feature_use
u0115,2023-11-05,feature_use
u0115,2023-11-05,invite_sent
u0115,2023-11-15,login
u0115,2023-11-21,feature_use
u0115,2023-11-27,feature_use
u0115,2023-12-02,feature_use
u0116,2023-10-09,signup
u0116,2023-10-12,churned
u0116,2023-10-15,feature_use
u0116,2023-10-18,churned
u0116,2023-10-18,login
u0116,2023-10-19,login
u0116,2023-10-24,login
u0116,2023-10-26,support_ticket
u0116,2023-10-29,login
u0116,2023-10-30,feature_use
u0116,2023-10-30,login
u0116,2023-10-30,support_ticket
u0116,2023-11-03,support_ticket
u0116,2023-11-04,login
u0116,2023-11-05,support_ticket
u0116,2023-11-06,export
u0116,2023-11-07,feature_use
u0116,2023-11-08,login
u0116,2023-11-14,feature_use
u0116,2023-11-15,feature_use
u0116,2023-11-15,invite_sent
u0116,2023-11-15,invite_sent
u0116,2023-11-16,login
u0116,2023-11-17,login
u0116,2023-11-23,export
u0116,2023-11-25,login
u0116,2023-11-26,login
u0117,2023-03-30,signup
u0117,2023-04-05,feature_use
u0117,2023-04-12,support_ticket
u0117,2023-04-21,login
u0117,2023-04-25,feature_use
u0117,2023-04-28,invite_sent
u0117,2023-05-13,login
u0117,2023-05-15,login
u0117,2023-05-18,feature_use
u0117,2023-05-31,export
u0117,2023-06-05,support_ticket
u0117,2023-06-15,login
u0117,2023-06-25,churned
u0117,2023-07-09,feature_use
u0117,2023-07-22,login
u0117,2023-07-25,support_ticket
u0117,2023-07-28,login
u0117,2023-08-04,login
u0117,2023-08-12,login
u0117,2023-08-14,support_ticket
u0117,2023-08-31,login
u0117,2023-09-12,upgrade
u0117,2023-09-18,login
u0117,2023-09-19,login
u0117,2023-09-23,feature_use
u0117,2023-09-25,login
u0117,2023-10-08,login
u0117,2023-10-12,login
u0117,2023-10-12,login
u0117,2023-10-18,churned
u0117,2023-10-18,login
u0117,2023-10-28,feature_use
u0117,2023-11-07,login
u0117,2023-11-08,feature_use
u0117,2023-11-11,login
u0117,2023-11-12,feature_use
u0117,2023-12-02,feature_use
u0117,2023-12-05,feature_use
u0117,2023-12-12,feature_use
u0117,2023-12-14,login
u0118,2023-01-28,signup
u0118,2023-02-05,login
u0118,2023-02-07,upgrade
u0118,2023-02-08,login
u0118,2023-02-11,support_ticket
u0118,2023-02-11,login
u0118,2023-02-16,login
u0118,2023-02-28,login
u0118,2023-03-03,support_ticket
u0118,2023-03-03,login
u0118,2023-03-05,feature_use
u0118,2023-03-07,invite_sent
u0118,2023-03-12,login
u0119,2023-04-13,signup
u0119,2023-04-16,login
u0119,2023-04-18,login
u0119,2023-04-27,feature_use
u0119,2023-05-11,login
u0119,2023-05-31,login
u0119,2023-06-16,invite_sent
u0119,2023-06-30,login
u0119,2023-07-01,login
u0119,2023-07-03,feature_use
u0119,2023-07-13,login
u0119,2023-07-20,feature_use
u0119,2023-07-23,support_ticket
u0119,2023-08-09,feature_use
u0119,2023-08-20,login
u0119,2023-09-13,feature_use
u0119,2023-09-27,feature_use
u0119,2023-09-29,login
u0119,2023-09-30,login
u0119,2023-10-12,login
u0119,2023-10-13,login
u0120,2023-02-01,signup
u0120,2023-02-24,upgrade
u0120,2023-03-31,login
u0120,2023-05-13,feature_use
u0120,2023-06-24,invite_sent
u0121,2023-09-24,signup
u0121,2023-10-02,login
u0121,2023-10-03,login
u0121,2023-10-03,login
u0121,2023-10-04,feature_use
u0121,2023-10-08,feature_use
u0121,2023-10-10,feature_use
u0121,2023-10-14,feature_use
u0121,2023-10-15,login
u0121,2023-10-15,export
u0121,2023-10-21,churned
u0121,2023-10-22,churned
u0121,2023-10-23,feature_use
u0121,2023-10-29,invite_sent
u0121,2023-10-31,invite_sent
u0121,2023-10-31,feature_use
u0121,2023-11-01,feature_use
u0121,2023-11-02,login
u0121,2023-11-03,login
u0121,2023-11-09,invite_sent
u0121,2023-11-10,login
u0121,2023-11-11,login
u0121,2023-11-12,churned
u0121,2023-11-13,login
u0121,2023-11-15,login
u0121,2023-11-16,export
u0121,2023-11-17,export
u0121,2023-11-22,feature_use
u0121,2023-11-22,login
u0121,2023-11-22,churned
u0122,2023-01-14,signup
u0122,2023-01-22,invite_sent
u0122,2023-02-17,login
u0122,2023-03-26,login
u0122,2023-04-28,support_ticket
u0122,2023-05-10,login
u0122,2023-07-25,login
u0122,2023-08-01,feature_use
u0122,2023-08-14,login
u0122,2023-08-27,export
u0122,2023-09-12,upgrade
u0122,2023-09-29,export
u0123,2023-09-08,signup
u0123,2023-09-13,feature_use
u0123,2023-09-14,feature_use
u0123,2023-09-14,export
u0123,2023-09-14,feature_use
u0123,2023-09-15,login
u0123,2023-10-10,feature_use
u0123,2023-10-15,feature_use
u0123,2023-10-17,support_ticket
u0123,2023-10-27,upgrade
u0123,2023-10-29,feature_use
u0123,2023-10-29,churned
u0123,2023-11-02,feature_use
u0123,2023-11-02,login
u0123,2023-11-04,feature_use
u0123,2023-11-05,feature_use
u0123,2023-11-14,support_ticket
u0123,2023-11-15,feature_use
u0123,2023-11-21,feature_use
u0124,2023-01-28,signup
u0124,2023-02-08,feature_use
u0124,2023-02-09,login
u0124,2023-02-13,invite_sent
u0124,2023-02-16,login
u0124,2023-02-17,login
u0124,2023-02-18,feature_use
u0124,2023-02-19,invite_sent
u0124,2023-02-21,support_ticket
u0124,2023-02-23,login
u0124,2023-03-06,feature_use
u0124,2023-03-09,login
u0124,2023-03-11,upgrade
u0124,2023-03-18,login
u0124,2023-03-19,upgrade
u0124,2023-03-20,feature_use
u0124,2023-03-27,login
u0124,2023-03-27,feature_use
u0124,2023-03-28,feature_use
u0124,2023-03-28,login
u0124,2023-03-28,feature_use
u0124,2023-04-02,feature_use
u0124,2023-04-04,feature_use
u0124,2023-04-11,export
u0124,2023-04-21,feature_use
u0124,2023-04-28,feature_use
u0124,2023-04-30,invite_sent
u0124,2023-04-30,support_ticket
u0124,2023-04-30,upgrade
u0124,2023-04-30,login
u0124,2023-05-01,feature_use
u0124,2023-05-06,login
u0124,2023-05-07,churned
u0125,2023-01-03,signup
u0125,2023-01-07,login
u0125,2023-01-20,feature_use
u0125,2023-02-17,login
u0125,2023-02-20,support_ticket
u0125,2023-03-20,login
u0125,2023-03-27,feature_use
u0125,2023-04-04,churned
u0125,2023-04-20,login
u0125,2023-04-25,feature_use
u0125,2023-06-05,login
u0125,2023-06-18,feature_use
u0125,2023-07-01,login
u0125,2023-07-07,invite_sent
u0125,2023-07-17,support_ticket
u0125,2023-08-05,churned
u0125,2023-08-18,login
u0125,2023-09-04,feature_use
u0125,2023-10-11,login
u0126,2023-08-07,signup
u0126,2023-08-09,feature_use
u0126,2023-08-14,feature_use
u0126,2023-08-15,support_ticket
u0126,2023-08-19,export
u0126,2023-08-20,login
u0126,2023-08-21,feature_use
u0126,2023-08-21,support_ticket
u0126,2023-08-22,upgrade
u0126,2023-08-25,login
u0126,2023-08-26,feature_use
u0126,2023-08-28,login
u0126,2023-08-29,login
u0126,2023-08-30,invite_sent
u0126,2023-09-03,feature_use
u0126,2023-09-03,feature_use
u0126,2023-09-07,login
u0126,2023-09-07,upgrade
u0126,2023-09-08,feature_use
u0126,2023-09-10,churned
u0126,2023-09-13,churned
u0126,2023-09-13,feature_use
u0127,2023-11-23,signup
u0127,2023-11-24,login
u0127,2023-11-25,export
u0127,2023-11-26,feature_use
u0127,2023-11-28,login
u0127,2023-12-06,login
u0127,2023-12-12,login
u0127,2023-12-15,login
u0127,2023-12-15,invite_sent
u0127,2023-12-23,export
u0127,2023-12-24,invite_sent
u0127,2023-12-24,login
u0127,2023-12-26,feature_use
u0127,2023-12-28,invite_sent
u0127,2023-12-30,feature_use
u0128,2023-08-25,signup
u0128,2023-08-28,login
u0128,2023-09-14,login
u0128,2023-10-05,feature_use
u0128,2023-10-07,support_ticket
u0128,2023-10-10,login
u0128,2023-10-31,login
u0129,2023-01-16,signup
u0129,2023-01-26,feature_use
u0129,2023-01-28,upgrade
u0129,2023-01-28,login
u0129,2023-02-11,export
u0129,2023-02-15,login
u0129,2023-02-19,login
u0129,2023-02-22,support_ticket
u0129,2023-03-02,login
u0129,2023-03-07,login
u0129,2023-03-09,invite_sent
u0129,2023-03-11,login
u0129,2023-03-13,feature_use
u0129,2023-03-18,feature_use
u0129,2023-04-06,support_ticket
u0129,2023-04-06,login
u0129,2023-04-12,feature_use
u0129,2023-04-14,invite_sent
u0129,2023-05-02,login
u0129,2023-05-09,feature_use
u0129,2023-05-10,feature_use
u0129,2023-05-25,login
u0129,2023-05-29,feature_use
u0129,2023-06-02,login
u0129,2023-06-18,login
u0129,2023-06-18,export
u0129,2023-06-21,feature_use
u0129,2023-07-16,export
u0129,2023-07-17,login
u0129,2023-07-18,export
u0129,2023-07-23,export
u0129,2023-07-30,login
u0129,2023-08-01,feature_use
u0129,2023-08-05,support_ticket
u0129,2023-08-05,login
u0129,2023-08-09,feature_use
u0129,2023-08-17,invite_sent
u0129,2023-08-20,login
u0130,2023-05-20,signup
u0130,2023-05-21,churned
u0130,2023-05-25,invite_sent
u0130,2023-05-25,login
u0130,2023-05-26,login
u0130,2023-05-27,feature_use
u0130,2023-05-30,feature_use
u0130,2023-06-07,feature_use
u0130,2023-06-07,login
u0130,2023-06-07,feature_use
u0130,2023-06-09,export
u0131,2023-01-26,signup
u0131,2023-01-28,churned
u0131,2023-01-28,support_ticket
u0131,2023-01-30,upgrade
u0131,2023-01-31,login
u0131,2023-02-02,feature_use
u0131,2023-02-03,feature_use
u0131,2023-02-03,feature_use
u0131,2023-02-03,login
u0132,2023-06-08,signup
u0132,2023-06-16,login
u0132,2023-06-24,login
u0132,2023-06-27,support_ticket
u0132,2023-06-28,support_ticket
u0132,2023-07-03,export
u0132,2023-07-05,feature_use
u0132,2023-07-06,login
u0132,2023-07-06,upgrade
u0132,2023-07-07,login
u0132,2023-07-08,feature_use
u0132,2023-07-15,export
u0132,2023-07-24,login
u0132,2023-08-07,invite_sent
u0132,2023-08-08,login
u0132,2023-08-10,feature_use
u0132,2023-08-14,invite_sent
u0132,2023-08-20,support_ticket
u0132,2023-08-31,feature_use
u0132,2023-09-01,support_ticket
u0132,2023-09-04,login
u0132,2023-09-04,feature_use
u0132,2023-09-14,login
u0132,2023-09-17,login
u0132,2023-09-20,login
u0132,2023-09-22,login
u0132,2023-09-27,support_ticket
u0132,2023-09-28,feature_use
u0132,2023-10-05,export
u0132,2023-10-05,login
u0132,2023-10-10,feature_use
u0132,2023-10-23,feature_use
u0132,2023-11-02,export
u0132,2023-11-03,login
u0133,2023-03-13,signup
u0133,2023-03-16,feature_use
u0133,2023-03-20,login
u0133,2023-03-26,export
u0133,2023-03-31,login
u0133,2023-04-01,support_ticket
u0133,2023-04-02,feature_use
u0133,2023-04-02,churned
u0133,2023-04-04,login
u0133,2023-04-04,login
u0133,2023-04-11,login
u0133,2023-04-12,feature_use
u0133,2023-04-12,login
u0134,2023-05-31,signup
u0134,2023-06-01,upgrade
u0134,2023-06-16,feature_use
u0134,2023-06-19,export
u0134,2023-06-21,upgrade
u0134,2023-06-23,login
u0134,2023-07-08,feature_use
u0135,2023-07-27,signup
u0135,2023-08-06,feature_use
u0135,2023-08-13,login
u0135,2023-08-14,login
u0135,2023-08-15,upgrade
u0135,2023-08-16,login
u0135,2023-09-12,export
u0135,2023-09-24,export
u0135,2023-09-26,login
u0135,2023-09-28,feature_use
u0135,2023-10-01,feature_use
u0135,2023-10-07,feature_use
u0135,2023-10-13,invite_sent
u0135,2023-10-15,login
u0135,2023-10-18,support_ticket
u0136,2023-08-19,signup
u0136,2023-08-22,churned
u0136,2023-08-25,login
u0136,2023-09-12,login
u0136,2023-09-16,feature_use
u0136,2023-09-19,churned
u0136,2023-09-21,login
u0136,2023-09-22,login
u0136,2023-09-23,feature_use
u0136,2023-09-25,feature_use
u0136,2023-09-25,feature_use
u0136,2023-10-05,login
u0136,2023-10-05,feature_use
u0136,2023-10-08,login
u0136,2023-10-13,churned
u0137,2023-11-09,signup
u0137,2023-11-10,feature_use
u0137,2023-11-28,login
u0137,2023-11-29,feature_use
u0137,2023-12-01,feature_use
u0137,2023-12-01,feature_use
u0137,2023-12-12,invite_sent
u0137,2023-12-14,support_ticket
u0138,2023-01-19,signup
u0138,2023-03-18,feature_use
u0138,2023-04-04,feature_use
u0138,2023-04-08,export
u0138,2023-04-16,feature_use
u0138,2023-04-19,login
u0138,2023-05-20,feature_use
u0138,2023-05-21,feature_use
u0138,2023-05-31,login
u0138,2023-06-11,login
u0138,2023-06-18,support_ticket
u0138,2023-07-14,churned
u0138,2023-08-19,support_ticket
u0138,2023-09-05,feature_use
u0138,2023-09-25,login
u0138,2023-10-05,login
u0138,2023-10-17,export
u0138,2023-11-04,login
u0138,2023-11-18,support_ticket
u0138,2023-12-01,login
u0138,2023-12-05,login
u0138,2023-12-08,feature_use
u0138,2023-12-12,login
u0139,2023-10-23,signup
u0139,2023-10-31,login
u0139,2023-11-07,feature_use
u0139,2023-11-12,feature_use
u0139,2023-11-22,feature_use
u0139,2023-12-04,login
u0139,2023-12-11,invite_sent
u0140,2023-07-19,signup
u0140,2023-07-21,feature_use
u0140,2023-07-24,login
u0140,2023-07-25,login
u0140,2023-07-27,feature_use
u0140,2023-07-28,login
u0140,2023-07-28,feature_use
u0140,2023-07-29,feature_use
u0140,2023-07-29,login
u0140,2023-07-31,login
u0140,2023-08-01,feature_use
u0140,2023-08-04,upgrade
u0140,2023-08-04,login
u0140,2023-08-05,feature_use
u0140,2023-08-12,login
u0140,2023-08-12,invite_sent
u0140,2023-08-12,login
u0140,2023-08-13,feature_use
u0140,2023-08-16,invite_sent
u0140,2023-08-19,upgrade
u0140,2023-08-21,feature_use
u0140,2023-08-22,invite_sent
u0140,2023-08-22,login
u0140,2023-08-23,login
u0140,2023-08-23,support_ticket
u0140,2023-08-24,support_ticket
u0140,2023-08-25,login
u0140,2023-08-29,churned
u0140,2023-08-30,login
u0140,2023-08-31,churned
u0140,2023-09-03,invite_sent
u0140,2023-09-08,feature_use
u0140,2023-09-13,login
u0140,2023-09-13,feature_use
u0140,2023-09-15,feature_use
u0140,2023-09-15,login
u0140,2023-09-17,feature_use
u0141,2023-04-13,signup
u0141,2023-04-14,invite_sent
u0141,2023-04-14,feature_use
u0141,2023-04-16,invite_sent
u0141,2023-04-17,upgrade
u0141,2023-04-22,feature_use
u0141,2023-04-22,support_ticket
u0141,2023-04-23,login
u0141,2023-04-25,login
u0141,2023-04-27,login
u0141,2023-04-27,invite_sent
u0141,2023-04-27,feature_use
u0141,2023-05-01,login
u0141,2023-05-03,feature_use
u0141,2023-05-06,feature_use
u0141,2023-05-14,feature_use
u0141,2023-05-16,support_ticket
u0141,2023-05-17,login
u0141,2023-05-21,feature_use
u0141,2023-05-22,feature_use
u0141,2023-05-22,upgrade
u0141,2023-05-26,invite_sent
u0141,2023-05-27,login
u0141,2023-05-29,login
u0141,2023-05-29,feature_use
u0141,2023-06-02,login
u0141,2023-06-02,feature_use
u0141,2023-06-04,export
u0141,2023-06-08,login
u0141,2023-06-09,upgrade
u0141,2023-06-11,support_ticket
u0141,2023-06-14,login
u0141,2023-06-15,feature_use
u0141,2023-06-21,invite_sent
u0141,2023-06-26,login
u0142,2023-11-26,signup
u0142,2023-11-28,login
u0142,2023-11-28,export
u0142,2023-11-29,feature_use
u0142,2023-11-29,upgrade
u0142,2023-11-29,login
u0142,2023-11-29,login
u0142,2023-11-30,login
u0142,2023-11-30,invite_sent
u0142,2023-12-01,support_ticket
u0142,2023-12-02,login
u0142,2023-12-03,feature_use
u0142,2023-12-03,login
u0142,2023-12-04,login
u0142,2023-12-05,login
u0142,2023-12-05,login
u0142,2023-12-06,support_ticket
u0142,2023-12-07,export
u0142,2023-12-08,login
u0142,2023-12-09,feature_use
u0142,2023-12-10,support_ticket
u0142,2023-12-10,support_ticket
u0142,2023-12-11,invite_sent
u0142,2023-12-11,login
u0142,2023-12-20,feature_use
u0142,2023-12-21,support_ticket
u0142,2023-12-22,login
u0142,2023-12-23,login
u0142,2023-12-25,login
u0142,2023-12-27,invite_sent
u0142,2023-12-28,feature_use
u0142,2023-12-30,feature_use
u0143,2023-04-02,signup
u0143,2023-04-12,feature_use
u0143,2023-04-14,login
u0143,2023-04-25,feature_use
u0143,2023-04-29,support_ticket
u0143,2023-05-11,upgrade
u0143,2023-05-13,feature_use
u0143,2023-05-17,feature_use
u0143,2023-05-22,login
u0143,2023-05-24,feature_use
u0143,2023-05-25,login
u0143,2023-05-26,login
u0143,2023-05-31,support_ticket
u0143,2023-06-02,login
u0143,2023-06-02,upgrade
u0143,2023-06-02,support_ticket
u0143,2023-06-11,feature_use
u0143,2023-06-14,feature_use
u0143,2023-06-25,login
u0143,2023-07-05,login
u0143,2023-07-17,login
u0143,2023-07-19,login
u0143,2023-07-19,login
u0143,2023-07-23,login
u0143,2023-08-02,upgrade
u0143,2023-08-02,feature_use
u0143,2023-08-10,login
u0143,2023-08-12,login
u0143,2023-08-16,churned
u0143,2023-08-18,login
u0143,2023-09-01,feature_use
u0143,2023-09-07,support_ticket
u0143,2023-09-08,login
u0143,2023-09-23,invite_sent
u0143,2023-10-03,feature_use
u0143,2023-10-14,churned
u0143,2023-10-14,feature_use
u0143,2023-10-17,feature_use
u0143,2023-10-20,login
u0143,2023-10-21,login
u0143,2023-10-26,support_ticket
u0144,2023-04-23,signup
u0144,2023-04-24,upgrade
u0144,2023-04-26,churned
u0144,2023-04-27,export
u0144,2023-04-29,feature_use
u0144,2023-04-30,feature_use
u0144,2023-05-02,login
u0144,2023-05-02,login
u0144,2023-05-03,login
u0144,2023-05-04,support_ticket
u0144,2023-05-04,feature_use
u0144,2023-05-07,feature_use
u0144,2023-05-08,export
u0144,2023-05-09,login
u0144,2023-05-09,login
u0144,2023-05-11,login
u0144,2023-05-18,feature_use
u0144,2023-05-20,churned
u0144,2023-05-20,invite_sent
u0144,2023-05-21,upgrade
u0144,2023-05-21,feature_use
u0144,2023-05-23,upgrade
u0144,2023-05-23,feature_use
u0144,2023-05-23,login
u0144,2023-05-26,login
u0144,2023-05-27,feature_use
u0144,2023-05-27,feature_use
u0144,2023-05-29,export
u0144,2023-05-30,login
u0144,2023-05-30,invite_sent
u0144,2023-05-31,invite_sent
u0144,2023-06-01,login
u0144,2023-06-02,feature_use
u0144,2023-06-03,login
u0144,2023-06-03,invite_sent
u0145,2023-03-09,signup
u0145,2023-03-14,feature_use
u0145,2023-04-14,export
u0145,2023-05-27,login
u0145,2023-06-12,feature_use
u0145,2023-06-21,login
u0145,2023-07-04,feature_use
u0145,2023-07-05,export
u0145,2023-08-06,login
u0146,2023-11-21,signup
u0146,2023-11-27,feature_use
u0146,2023-12-05,support_ticket
u0146,2023-12-09,upgrade
u0146,2023-12-10,feature_use
u0146,2023-12-13,feature_use
u0146,2023-12-16,export
u0146,2023-12-31,feature_use
u0147,2023-06-21,signup
u0147,2023-06-23,login
u0147,2023-06-24,login
u0147,2023-06-25,login
u0147,2023-06-26,feature_use
u0147,2023-06-26,feature_use
u0147,2023-06-26,login
u0147,2023-06-26,login
u0147,2023-06-29,feature_use
u0147,2023-07-01,feature_use
u0147,2023-07-03,feature_use
u0147,2023-07-05,login
u0147,2023-07-05,support_ticket
u0147,2023-07-05,feature_use
u0147,2023-07-06,login
u0147,2023-07-09,feature_use
u0147,2023-07-09,login
u0147,2023-07-10,feature_use
u0147,2023-07-10,churned
u0147,2023-07-13,login
u0147,2023-07-15,feature_use
u0147,2023-07-15,support_ticket
u0147,2023-07-17,invite_sent
u0147,2023-07-18,churned
u0147,2023-07-19,login
u0147,2023-07-20,feature_use
u0147,2023-07-20,support_ticket
u0147,2023-07-21,login
u0147,2023-07-22,upgrade
u0147,2023-07-22,login
u0147,2023-07-25,export
u0147,2023-07-26,invite_sent
u0147,2023-07-29,export
u0147,2023-08-01,login
u0147,2023-08-04,login
u0147,2023-08-04,export
u0148,2023-02-02,signup
u0148,2023-02-06,login
u0148,2023-02-13,feature_use
u0148,2023-02-13,upgrade
u0148,2023-02-21,support_ticket
u0148,2023-02-21,feature_use
u0148,2023-02-21,login
u0148,2023-02-22,feature_use
u0148,2023-03-05,feature_use
u0148,2023-03-06,feature_use
u0148,2023-03-10,feature_use
u0148,2023-03-12,login
u0148,2023-03-16,login
u0148,2023-03-16,support_ticket
u0148,2023-03-19,feature_use
u0148,2023-03-25,login
u0148,2023-03-25,login
u0148,2023-03-28,invite_sent
u0149,2023-03-31,signup
u0149,2023-04-09,feature_use
u0149,2023-04-11,churned
u0149,2023-05-02,invite_sent
u0149,2023-05-12,login
u0149,2023-05-12,feature_use
u0149,2023-05-23,feature_use
u0149,2023-06-06,feature_use
u0149,2023-06-28,login
u0149,2023-07-13,invite_sent
u0149,2023-07-24,feature_use
u0149,2023-08-26,login
u0149,2023-10-14,login
u0150,2023-08-23,signup
u0150,2023-09-25,login
u0150,2023-10-08,login
u0150,2023-10-10,feature_use
u0151,2023-05-29,signup
u0151,2023-06-05,feature_use
u0151,2023-06-09,login
u0151,2023-06-20,feature_use
u0151,2023-06-22,login
u0151,2023-06-27,upgrade
u0151,2023-07-25,feature_use
u0151,2023-08-09,login
u0151,2023-09-20,login
u0151,2023-10-18,login
u0151,2023-10-21,upgrade
u0151,2023-10-26,feature_use
u0151,2023-11-01,feature_use
u0152,2023-08-17,signup
u0152,2023-08-18,login
u0152,2023-08-22,invite_sent
u0152,2023-08-23,login
u0152,2023-08-23,login
u0152,2023-08-26,login
u0152,2023-08-27,login
u0152,2023-09-05,login
u0152,2023-09-05,feature_use
u0152,2023-09-06,export
u0152,2023-09-06,feature_use
u0152,2023-09-06,invite_sent
u0152,2023-09-07,feature_use
u0152,2023-09-09,login
u0152,2023-09-10,feature_use
u0152,2023-09-10,login
u0152,2023-09-11,login
u0152,2023-09-12,login
u0152,2023-09-13,support_ticket
u0152,2023-09-13,login
u0152,2023-09-13,login
u0152,2023-09-14,feature_use
u0152,2023-09-14,upgrade
u0152,2023-09-15,export
u0152,2023-09-15,support_ticket
u0152,2023-09-16,upgrade
u0152,2023-09-16,login
u0152,2023-09-17,churned
u0152,2023-09-18,login
u0152,2023-09-18,invite_sent
u0152,2023-09-19,invite_sent
u0152,2023-09-20,churned
u0152,2023-09-24,feature_use
u0152,2023-09-24,support_ticket
u0152,2023-09-27,invite_sent
u0152,2023-09-27,feature_use
u0153,2023-11-27,signup
u0153,2023-11-28,login
u0153,2023-11-28,login
u0153,2023-11-29,feature_use
u0153,2023-11-29,feature_use
u0153,2023-11-29,feature_use
u0153,2023-11-29,feature_use
u0153,2023-11-30,login
u0153,2023-11-30,feature_use
u0153,2023-12-02,feature_use
u0153,2023-12-02,login
u0153,2023-12-02,feature_use
u0153,2023-12-03,feature_use
u0153,2023-12-03,login
u0153,2023-12-04,feature_use
u0153,2023-12-05,churned
u0153,2023-12-05,churned
u0153,2023-12-05,export
u0153,2023-12-07,feature_use
u0153,2023-12-08,login
u0153,2023-12-09,feature_use
u0154,2023-06-11,signup
u0154,2023-06-21,login
u0154,2023-06-26,feature_use
u0154,2023-06-28,invite_sent
u0154,2023-06-30,login
u0154,2023-07-01,feature_use
u0154,2023-07-02,login
u0154,2023-07-25,invite_sent
u0154,2023-07-28,login
u0154,2023-08-12,login
u0154,2023-08-17,login
u0154,2023-08-19,upgrade
u0154,2023-08-22,feature_use
u0154,2023-08-25,login
u0154,2023-09-07,upgrade
u0154,2023-09-08,login
u0154,2023-09-09,support_ticket
u0154,2023-09-19,feature_use
u0154,2023-09-24,feature_use
u0154,2023-09-26,login
u0154,2023-09-26,invite_sent
u0155,2023-11-02,signup
u0155,2023-11-05,login
u0155,2023-11-05,support_ticket
u0155,2023-11-10,login
u0155,2023-11-10,login
u0155,2023-11-11,churned
u0155,2023-11-12,upgrade
u0155,2023-11-19,login
u0155,2023-11-22,login
u0155,2023-11-22,login
u0155,2023-11-22,feature_use
u0155,2023-11-30,upgrade
u0155,2023-12-03,support_ticket
u0155,2023-12-03,login
u0155,2023-12-05,feature_use
u0156,2023-02-19,signup
u0156,2023-02-21,churned
u0156,2023-02-23,feature_use
u0156,2023-03-02,login
u0156,2023-03-09,login
u0156,2023-03-09,invite_sent
u0156,2023-03-13,login
u0156,2023-03-17,invite_sent
u0156,2023-03-18,support_ticket
u0156,2023-03-19,login
u0156,2023-03-20,feature_use
u0156,2023-03-29,export
u0156,2023-04-04,invite_sent
u0156,2023-04-04,login
u0156,2023-04-08,feature_use
u0156,2023-04-10,churned
u0156,2023-04-12,login
u0156,2023-04-19,feature_use
u0156,2023-04-22,feature_use
u0156,2023-05-02,invite_sent
u0156,2023-05-03,feature_use
u0156,2023-05-04,feature_use
u0156,2023-05-10,upgrade
u0156,2023-05-11,login
u0156,2023-05-20,login
u0156,2023-05-20,login
u0156,2023-05-21,churned
u0156,2023-05-25,login
u0156,2023-06-01,feature_use
u0156,2023-06-01,feature_use
u0156,2023-06-04,login
u0156,2023-06-08,login
u0156,2023-06-09,login
u0156,2023-06-13,login
u0156,2023-06-21,login
u0156,2023-06-21,invite_sent
u0156,2023-06-25,feature_use
u0156,2023-06-26,support_ticket
u0156,2023-06-26,login
u0156,2023-06-28,support_ticket
u0156,2023-06-29,export
u0157,2023-04-12,signup
u0157,2023-04-20,login
u0157,2023-04-21,churned
u0157,2023-04-26,export
u0157,2023-05-07,support_ticket
u0157,2023-05-10,login
u0157,2023-05-13,feature_use
u0157,2023-05-14,login
u0157,2023-05-20,support_ticket
u0157,2023-05-28,feature_use
u0157,2023-06-03,login
u0157,2023-06-18,feature_use
u0157,2023-06-23,support_ticket
u0157,2023-06-29,feature_use
u0157,2023-07-02,export
u0157,2023-07-13,feature_use
u0157,2023-07-30,upgrade
u0157,2023-08-15,feature_use
u0157,2023-08-16,feature_use
u0157,2023-08-17,support_ticket
u0157,2023-08-18,feature_use
u0157,2023-08-18,feature_use
u0157,2023-08-29,feature_use
u0157,2023-09-08,feature_use
u0157,2023-09-14,invite_sent
u0157,2023-09-20,invite_sent
u0157,2023-09-24,invite_sent
u0157,2023-09-29,support_ticket
u0157,2023-10-03,login
u0158,2023-08-15,signup
u0158,2023-08-17,feature_use
u0158,2023-08-23,feature_use
u0158,2023-08-24,login
u0158,2023-08-24,export
u0158,2023-08-26,feature_use
u0158,2023-08-26,feature_use
u0158,2023-09-03,login
u0158,2023-09-04,export
u0158,2023-09-07,support_ticket
u0158,2023-09-09,feature_use
u0158,2023-09-09,feature_use
u0158,2023-09-10,login
u0158,2023-09-15,feature_use
u0158,2023-09-16,feature_use
u0159,2023-06-28,signup
u0159,2023-07-13,feature_use
u0159,2023-07-23,feature_use
u0159,2023-09-28,feature_use
u0159,2023-12-06,login
u0160,2023-05-07,signup
u0160,2023-05-08,feature_use
u0160,2023-05-08,churned
u0160,2023-05-08,feature_use
u0160,2023-05-09,feature_use
u0160,2023-05-10,invite_sent
u0160,2023-05-10,export
u0160,2023-05-10,export
u0160,2023-05-10,upgrade
u0160,2023-05-11,login
u0160,2023-05-15,feature_use
u0160,2023-05-16,login
u0160,2023-05-18,feature_use
u0160,2023-05-18,login
u0160,2023-05-18,login
u0160,2023-05-19,support_ticket
u0160,2023-05-20,feature_use
u0160,2023-05-20,login
u0160,2023-05-21,feature_use
u0160,2023-05-21,login
u0160,2023-05-21,login
u0160,2023-05-21,feature_use
u0160,2023-05-23,login
u0160,2023-05-23,feature_use
u0160,2023-05-23,feature_use
u0160,2023-05-24,support_ticket
u0160,2023-05-24,feature_use
u0160,2023-05-24,export
u0160,2023-05-25,login
u0160,2023-05-25,login
u0160,2023-05-26,feature_use
u0160,2023-05-26,login
u0160,2023-05-26,support_ticket
u0160,2023-05-26,feature_use
u0160,2023-05-27,login
u0160,2023-05-28,export
u0160,2023-05-28,export
u0160,2023-05-29,login
u0160,2023-05-29,login
u0160,2023-05-29,churned
u0160,2023-05-30,feature_use
u0161,2023-08-28,signup
u0161,2023-08-30,login
u0161,2023-08-31,login
u0161,2023-08-31,churned
u0161,2023-09-01,export
u0161,2023-09-02,feature_use
u0161,2023-09-03,login
u0161,2023-09-03,feature_use
u0161,2023-09-03,login
u0161,2023-09-05,login
u0161,2023-09-05,feature_use
u0161,2023-09-05,support_ticket
u0161,2023-09-06,login
u0161,2023-09-07,login
u0161,2023-09-09,feature_use
u0161,2023-09-10,login
u0161,2023-09-13,feature_use
u0161,2023-09-14,upgrade
u0161,2023-09-14,support_ticket
u0161,2023-09-15,login
u0161,2023-09-15,feature_use
u0161,2023-09-16,feature_use
u0161,2023-09-17,feature_use
u0161,2023-09-17,export
u0161,2023-09-24,login
u0161,2023-09-24,invite_sent
u0161,2023-09-25,invite_sent
u0161,2023-09-25,feature_use
u0161,2023-09-25,feature_use
u0161,2023-09-29,support_ticket
u0161,2023-10-01,login
u0161,2023-10-03,churned
u0161,2023-10-04,upgrade
u0161,2023-10-05,invite_sent
u0161,2023-10-07,export
u0161,2023-10-08,login
u0161,2023-10-10,feature_use
u0161,2023-10-11,support_ticket
u0162,2023-06-10,signup
u0162,2023-06-16,feature_use
u0162,2023-06-24,upgrade
u0162,2023-06-25,feature_use
u0162,2023-07-09,login
u0162,2023-07-18,login
u0162,2023-07-22,invite_sent
u0162,2023-07-25,login
u0162,2023-08-05,login
u0162,2023-08-10,invite_sent
u0162,2023-08-10,export
u0162,2023-08-10,login
u0162,2023-08-13,churned
u0162,2023-08-15,export
u0162,2023-08-15,login
u0162,2023-08-20,feature_use
u0162,2023-09-11,invite_sent
u0162,2023-09-13,export
u0162,2023-09-14,upgrade
u0162,2023-09-18,login
u0162,2023-09-19,invite_sent
u0162,2023-09-27,feature_use
u0162,2023-10-30,feature_use
u0162,2023-11-13,login
u0162,2023-11-21,churned
u0162,2023-11-27,support_ticket
u0162,2023-11-29,login
u0162,2023-12-03,login
u0163,2023-11-20,signup
u0163,2023-11-22,invite_sent
u0163,2023-11-23,login
u0163,2023-11-24,feature_use
u0163,2023-11-26,export
u0163,2023-11-26,churned
u0163,2023-11-27,export
u0163,2023-11-28,login
u0163,2023-11-29,login
u0163,2023-11-29,export
u0163,2023-11-29,login
u0163,2023-12-02,feature_use
u0163,2023-12-03,feature_use
u0163,2023-12-07,feature_use
u0163,2023-12-09,login
u0163,2023-12-11,feature_use
u0163,2023-12-11,feature_use
u0163,2023-12-12,upgrade
u0163,2023-12-13,feature_use
u0163,2023-12-16,export
u0163,2023-12-17,invite_sent
u0163,2023-12-17,support_ticket
u0163,2023-12-17,login
u0163,2023-12-20,upgrade
u0163,2023-12-22,feature_use
u0163,2023-12-24,upgrade
u0163,2023-12-26,support_ticket
u0163,2023-12-27,login
u0163,2023-12-28,export
u0163,2023-12-30,feature_use
u0164,2023-04-12,signup
u0164,2023-04-16,feature_use
u0164,2023-04-22,login
u0164,2023-04-30,login
u0164,2023-05-06,login
u0164,2023-05-10,feature_use
u0164,2023-05-12,export
u0164,2023-05-14,login
u0164,2023-05-14,feature_use
u0164,2023-05-19,login
u0164,2023-05-28,feature_use
u0164,2023-05-28,login
u0164,2023-06-01,invite_sent
u0164,2023-06-07,support_ticket
u0165,2023-08-09,signup
u0165,2023-08-11,feature_use
u0165,2023-08-28,login
u0165,2023-09-02,feature_use
u0165,2023-09-11,login
u0165,2023-09-12,login
u0165,2023-09-20,churned
u0165,2023-09-21,invite_sent
u0165,2023-09-26,feature_use
u0165,2023-09-29,upgrade
u0165,2023-10-03,upgrade
u0165,2023-10-06,invite_sent
u0165,2023-10-20,login
u0165,2023-10-31,feature_use
u0165,2023-11-04,login
u0165,2023-11-09,feature_use
u0165,2023-11-23,login
u0166,2023-08-30,signup
u0166,2023-08-31,login
u0166,2023-09-16,churned
u0166,2023-10-20,feature_use
u0166,2023-11-10,login
u0166,2023-11-18,feature_use
u0167,2023-04-02,signup
u0167,2023-04-03,feature_use
u0167,2023-04-05,churned
u0167,2023-04-07,login
u0167,2023-04-08,login
u0167,2023-04-11,login
u0167,2023-04-12,feature_use
u0167,2023-04-12,login
u0167,2023-04-12,login
u0167,2023-04-13,support_ticket
u0167,2023-04-14,login
u0167,2023-04-16,feature_use
u0167,2023-04-19,login
u0167,2023-04-19,feature_use
u0167,2023-04-19,feature_use
u0167,2023-04-19,login
u0167,2023-04-20,support_ticket
u0167,2023-04-20,feature_use
u0167,2023-04-21,login
u0167,2023-04-23,support_ticket
u0167,2023-04-24,export
u0167,2023-04-24,login
u0167,2023-04-25,churned
u0167,2023-04-30,login
u0167,2023-04-30,export
u0167,2023-05-01,login
u0167,2023-05-02,feature_use
u0167,2023-05-04,export
u0167,2023-05-04,support_ticket
u0167,2023-05-04,login
u0167,2023-05-04,login
u0167,2023-05-04,feature_use
u0167,2023-05-06,feature_use
u0167,2023-05-08,feature_use
u0167,2023-05-09,login
u0168,2023-03-04,signup
u0168,2023-03-05,login
u0168,2023-03-10,feature_use
u0168,2023-03-11,support_ticket
u0168,2023-03-12,support_ticket
u0168,2023-03-17,export
u0168,2023-03-24,login
u0168,2023-03-31,login
u0168,2023-04-06,login
u0168,2023-04-08,feature_use
u0168,2023-04-10,login
u0168,2023-04-12,feature_use
u0168,2023-04-13,invite_sent
u0168,2023-04-22,login
u0168,2023-04-25,login
u0168,2023-04-25,login
u0168,2023-04-29,upgrade
u0168,2023-05-01,login
u0168,2023-05-02,export
u0168,2023-05-05,feature_use
u0168,2023-05-14,invite_sent
u0168,2023-05-16,login
u0168,2023-05-21,login
u0168,2023-05-27,login
u0169,2023-09-20,signup
u0169,2023-09-22,login
u0169,2023-09-23,feature_use
u0169,2023-09-23,login
u0169,2023-09-24,feature_use
u0169,2023-09-26,login
u0169,2023-09-26,support_ticket
u0169,2023-09-27,feature_use
u0169,2023-09-29,upgrade
u0169,2023-09-30,invite_sent
u0169,2023-10-02,feature_use
u0169,2023-10-02,export
u0169,2023-10-07,login
u0169,2023-10-10,export
u0169,2023-10-10,login
u0169,2023-10-18,login
u0169,2023-10-18,support_ticket
u0169,2023-10-18,login
u0169,2023-10-18,login
u0169,2023-10-18,login
u0169,2023-10-19,feature_use
u0169,2023-10-20,feature_use
u0169,2023-10-20,login
u0169,2023-10-20,support_ticket
u0169,2023-10-21,login
u0169,2023-10-21,login
u0169,2023-10-23,login
u0169,2023-10-23,feature_use
u0170,2023-05-16,signup
u0170,2023-05-18,login
u0170,2023-05-19,login
u0170,2023-05-19,upgrade
u0170,2023-05-28,login
u0170,2023-05-30,feature_use
u0170,2023-05-31,login
u0170,2023-06-04,feature_use
u0170,2023-06-09,login
u0170,2023-06-10,export
u0170,2023-06-12,feature_use
u0170,2023-06-19,export
u0170,2023-07-02,upgrade
u0170,2023-07-06,support_ticket
u0170,2023-07-07,export
u0170,2023-07-17,feature_use
u0170,2023-07-18,login
u0171,2023-08-12,signup
u0171,2023-08-15,login
u0171,2023-08-28,feature_use
u0171,2023-08-29,login
u0171,2023-09-04,feature_use
u0171,2023-09-07,support_ticket
u0171,2023-09-11,feature_use
u0171,2023-09-15,login
u0171,2023-09-22,feature_use
u0171,2023-09-23,feature_use
u0171,2023-09-24,invite_sent
u0171,2023-09-30,login
u0171,2023-10-03,login
u0171,2023-10-11,feature_use
u0171,2023-10-24,upgrade
u0171,2023-10-25,upgrade
u0171,2023-10-26,login
u0171,2023-10-27,upgrade
u0171,2023-11-07,invite_sent
u0171,2023-11-09,feature_use
u0171,2023-11-13,support_ticket
u0171,2023-11-20,churned
u0171,2023-11-21,login
u0171,2023-11-23,feature_use
u0171,2023-11-27,export
u0171,2023-11-29,login
u0171,2023-11-29,feature_use
u0171,2023-12-01,churned
u0171,2023-12-02,login
u0171,2023-12-04,churned
u0171,2023-12-06,feature_use
u0171,2023-12-09,login
u0171,2023-12-10,login
u0171,2023-12-11,login
u0171,2023-12-11,login
u0171,2023-12-15,login
u0171,2023-12-17,support_ticket
u0171,2023-12-17,login
u0172,2023-04-18,signup
u0172,2023-04-21,support_ticket
u0172,2023-04-21,feature_use
u0172,2023-04-23,login
u0172,2023-04-25,upgrade
u0172,2023-04-25,export
u0172,2023-04-25,login
u0172,2023-04-26,feature_use
u0172,2023-04-26,feature_use
u0172,2023-04-26,churned
u0172,2023-04-27,login
u0172,2023-04-29,login
u0172,2023-04-29,feature_use
u0172,2023-04-29,upgrade
u0172,2023-05-01,feature_use
u0172,2023-05-02,invite_sent
u0172,2023-05-05,login
u0172,2023-05-06,invite_sent
u0172,2023-05-10,support_ticket
u0172,2023-05-12,login
u0172,2023-05-17,support_ticket
u0172,2023-05-17,support_ticket
u0172,2023-05-20,login
u0172,2023-05-20,upgrade
u0172,2023-05-21,login
u0172,2023-05-21,feature_use
u0173,2023-08-01,signup
u0173,2023-08-02,feature_use
u0173,2023-08-04,login
u0173,2023-08-06,support_ticket
u0173,2023-08-07,login
u0173,2023-08-12,login
u0173,2023-08-12,feature_use
u0173,2023-08-13,upgrade
u0173,2023-08-15,login
u0173,2023-08-15,support_ticket
u0173,2023-08-15,invite_sent
u0173,2023-08-23,login
u0173,2023-08-23,login
u0173,2023-08-26,support_ticket
u0173,2023-08-26,login
u0173,2023-08-27,feature_use
u0173,2023-08-28,support_ticket
u0173,2023-08-29,feature_use
u0173,2023-08-30,feature_use
u0174,2023-03-26,signup
u0174,2023-04-10,churned
u0174,2023-05-04,invite_sent
u0174,2023-06-10,feature_use
u0174,2023-06-12,upgrade
u0174,2023-06-15,invite_sent
u0175,2023-01-05,signup
u0175,2023-02-22,feature_use
u0175,2023-03-11,feature_use
u0175,2023-03-28,login
u0175,2023-04-21,export
u0175,2023-06-09,login
u0175,2023-06-14,feature_use
u0175,2023-07-31,feature_use
u0175,2023-08-01,support_ticket
u0175,2023-08-20,upgrade
u0175,2023-10-08,login
u0175,2023-10-09,login
u0175,2023-10-09,feature_use
u0176,2023-05-04,signup
u0176,2023-05-12,export
u0176,2023-05-16,login
u0176,2023-05-20,feature_use
u0176,2023-05-21,feature_use
u0176,2023-05-23,upgrade
u0176,2023-05-29,export
u0176,2023-06-04,support_ticket
u0176,2023-06-07,feature_use
u0176,2023-06-07,feature_use
u0176,2023-06-12,login
u0176,2023-06-15,feature_use
u0176,2023-06-19,login
u0176,2023-06-20,feature_use
u0176,2023-07-01,login
u0176,2023-07-02,login
u0176,2023-07-08,login
u0176,2023-07-17,support_ticket
u0176,2023-07-17,feature_use
u0176,2023-07-18,feature_use
u0176,2023-07-19,feature_use
u0176,2023-07-20,login
u0176,2023-07-24,feature_use
u0176,2023-07-25,feature_use
u0176,2023-07-30,feature_use
u0176,2023-08-04,feature_use
u0176,2023-08-07,login
u0176,2023-08-09,feature_use
u0176,2023-08-12,feature_use
u0176,2023-08-13,support_ticket
u0176,2023-08-19,feature_use
u0177,2023-08-14,signup
u0177,2023-08-19,support_ticket
u0177,2023-08-20,feature_use
u0177,2023-08-20,feature_use
u0177,2023-08-30,feature_use
u0177,2023-08-30,feature_use
u0177,2023-08-31,feature_use
u0177,2023-09-01,feature_use
u0177,2023-09-02,login
u0177,2023-09-04,login
u0177,2023-09-11,feature_use
u0177,2023-09-11,login
u0177,2023-09-23,export
u0177,2023-10-01,feature_use
u0177,2023-10-01,login
u0177,2023-10-02,feature_use
u0177,2023-10-06,login
u0177,2023-10-11,invite_sent
u0177,2023-10-12,login
u0177,2023-10-12,support_ticket
u0177,2023-10-16,login
u0177,2023-10-16,login
u0177,2023-10-21,login
u0177,2023-10-24,login
u0177,2023-10-25,feature_use
u0177,2023-10-27,login
u0177,2023-10-29,feature_use
u0177,2023-10-31,login
u0177,2023-11-08,feature_use
u0177,2023-11-13,feature_use
u0178,2023-06-16,signup
u0178,2023-06-18,login
u0178,2023-06-18,login
u0178,2023-06-18,login
u0178,2023-06-19,churned
u0178,2023-06-20,invite_sent
u0178,2023-06-22,login
u0178,2023-06-23,feature_use
u0178,2023-06-24,feature_use
u0178,2023-06-27,upgrade
u0178,2023-06-28,feature_use
u0178,2023-06-30,login
u0178,2023-07-03,login
u0178,2023-07-03,support_ticket
u0178,2023-07-05,login
u0178,2023-07-06,feature_use
u0178,2023-07-11,login
u0178,2023-07-12,login
u0178,2023-07-12,feature_use
u0178,2023-07-15,upgrade
u0178,2023-07-17,feature_use
u0178,2023-07-18,export
u0178,2023-07-20,login
u0178,2023-07-20,login
u0178,2023-07-21,login
u0178,2023-07-21,feature_use
u0178,2023-07-23,feature_use
u0178,2023-07-24,feature_use
u0178,2023-07-26,feature_use
u0178,2023-07-28,login
u0179,2023-03-20,signup
u0179,2023-04-03,login
u0179,2023-04-05,feature_use
u0179,2023-04-19,login
u0179,2023-04-26,feature_use
u0179,2023-05-20,feature_use
u0179,2023-06-10,feature_use
u0179,2023-06-11,login
u0179,2023-06-12,login
u0179,2023-06-28,login
u0179,2023-09-19,login
u0179,2023-09-29,feature_use
u0179,2023-09-29,feature_use
u0179,2023-10-18,invite_sent
u0180,2023-07-28,signup
u0180,2023-07-29,login
u0180,2023-07-29,support_ticket
u0180,2023-07-29,feature_use
u0180,2023-07-29,export
u0180,2023-07-30,support_ticket
u0180,2023-07-30,feature_use
u0180,2023-07-30,support_ticket
u0180,2023-07-30,login
u0180,2023-07-30,support_ticket
u0180,2023-07-30,feature_use
u0180,2023-07-31,feature_use
u0180,2023-07-31,export
u0180,2023-07-31,export
u0180,2023-07-31,export
u0180,2023-07-31,feature_use
u0180,2023-08-01,login
u0180,2023-08-01,login
u0180,2023-08-01,churned
u0180,2023-08-02,feature_use
u0180,2023-08-02,invite_sent
u0180,2023-08-02,feature_use
u0180,2023-08-02,login
u0180,2023-08-02,login
u0180,2023-08-02,login
u0180,2023-08-03,login
u0180,2023-08-03,support_ticket
u0180,2023-08-03,feature_use
u0180,2023-08-03,login
u0180,2023-08-03,feature_use
u0181,2023-08-20,signup
u0181,2023-08-21,feature_use
u0181,2023-08-21,invite_sent
u0181,2023-08-26,support_ticket
u0181,2023-08-28,login
u0181,2023-08-28,feature_use
u0181,2023-09-02,feature_use
u0181,2023-09-04,support_ticket
u0181,2023-09-07,feature_use
u0181,2023-09-11,login
u0181,2023-09-12,feature_use
u0181,2023-09-14,export
u0181,2023-09-15,feature_use
u0181,2023-09-24,login
u0181,2023-09-25,invite_sent
u0181,2023-09-28,login
u0181,2023-09-30,login
u0181,2023-10-01,feature_use
u0181,2023-10-02,feature_use
u0181,2023-10-03,login
u0181,2023-10-04,login
u0181,2023-10-04,churned
u0181,2023-10-05,feature_use
u0181,2023-10-05,login
u0182,2023-04-24,signup
u0182,2023-04-25,invite_sent
u0182,2023-04-26,churned
u0182,2023-04-26,churned
u0182,2023-04-27,login
u0182,2023-04-27,export
u0182,2023-04-28,export
u0182,2023-05-03,support_ticket
u0182,2023-05-03,login
u0182,2023-05-06,login
u0182,2023-05-07,feature_use
u0182,2023-05-07,login
u0182,2023-05-08,login
u0182,2023-05-09,export
u0182,2023-05-09,login
u0182,2023-05-12,feature_use
u0182,2023-05-12,login
u0182,2023-05-15,feature_use
u0182,2023-05-15,login
u0182,2023-05-18,feature_use
u0182,2023-05-20,login
u0182,2023-05-21,login
u0182,2023-05-21,feature_use
u0182,2023-05-26,login
u0182,2023-05-28,feature_use
u0182,2023-05-29,feature_use
u0182,2023-05-30,export
u0183,2023-04-26,signup
u0183,2023-05-21,login
u0183,2023-06-27,churned
u0183,2023-06-29,login
u0183,2023-06-29,login
u0183,2023-07-20,login
u0183,2023-07-21,export
u0183,2023-08-15,support_ticket
u0184,2023-01-28,signup
u0184,2023-02-03,feature_use
u0184,2023-02-11,feature_use
u0184,2023-02-15,feature_use
u0184,2023-02-26,feature_use
u0184,2023-03-01,invite_sent
u0184,2023-03-03,support_ticket
u0184,2023-03-07,support_ticket
u0184,2023-03-13,churned
u0184,2023-03-21,login
u0184,2023-06-28,export
u0184,2023-07-16,feature_use
u0184,2023-08-22,login
u0184,2023-08-27,login
u0184,2023-09-07,login
u0184,2023-09-10,support_ticket
u0184,2023-09-12,login
u0184,2023-09-14,feature_use
u0184,2023-09-23,support_ticket
u0185,2023-02-25,signup
u0185,2023-03-06,feature_use
u0185,2023-03-06,support_ticket
u0185,2023-03-10,invite_sent
u0185,2023-03-14,login
u0185,2023-03-26,login
u0185,2023-03-28,upgrade
u0185,2023-04-04,support_ticket
u0186,2023-01-31,signup
u0186,2023-02-01,feature_use
u0186,2023-02-01,login
u0186,2023-02-03,feature_use
u0186,2023-02-05,login
u0186,2023-02-10,feature_use
u0186,2023-02-10,login
u0186,2023-02-12,export
u0186,2023-02-13,feature_use
u0186,2023-02-13,support_ticket
u0186,2023-02-14,login
u0186,2023-02-15,feature_use
u0186,2023-02-22,login
u0186,2023-02-22,export
u0186,2023-02-22,login
u0186,2023-02-22,support_ticket
u0186,2023-02-23,login
u0186,2023-02-24,churned
u0186,2023-02-25,login
u0186,2023-02-28,login
u0186,2023-03-02,feature_use
u0186,2023-03-02,export
u0186,2023-03-03,upgrade
u0186,2023-03-05,churned
u0186,2023-03-05,support_ticket
u0186,2023-03-06,feature_use
u0186,2023-03-07,support_ticket
u0186,2023-03-08,export
u0186,2023-03-09,churned
u0186,2023-03-11,login
u0186,2023-03-12,login
u0187,2023-10-12,signup
u0187,2023-10-13,login
u0187,2023-10-13,login
u0187,2023-10-13,export
u0187,2023-10-14,support_ticket
u0187,2023-10-14,feature_use
u0187,2023-10-16,login
u0187,2023-10-17,feature_use
u0187,2023-10-17,export
u0187,2023-10-17,support_ticket
u0187,2023-10-17,login
u0187,2023-10-19,feature_use
u0187,2023-10-19,login
u0187,2023-10-19,feature_use
u0187,2023-10-20,login
u0187,2023-10-20,feature_use
u0187,2023-10-21,upgrade
u0187,2023-10-21,invite_sent
u0187,2023-10-21,export
u0187,2023-10-22,login
u0187,2023-10-23,export
u0187,2023-10-24,login
u0187,2023-10-24,feature_use
u0187,2023-10-29,churned
u0187,2023-10-29,churned
u0187,2023-10-30,login
u0187,2023-10-31,login
u0187,2023-11-01,export
u0187,2023-11-01,feature_use
u0187,2023-11-02,login
u0187,2023-11-04,login
u0187,2023-11-04,feature_use
u0188,2023-09-08,signup
u0188,2023-09-10,login
u0188,2023-09-10,login
u0188,2023-09-10,login
u0188,2023-09-10,login
u0188,2023-09-10,support_ticket
u0188,2023-09-10,login
u0188,2023-09-12,login
u0188,2023-09-12,feature_use
u0188,2023-09-12,feature_use
u0188,2023-09-12,login
u0188,2023-09-12,feature_use
u0188,2023-09-13,feature_use
u0188,2023-09-14,upgrade
u0188,2023-09-14,login
u0188,2023-09-15,feature_use
u0188,2023-09-15,feature_use
u0188,2023-09-15,feature_use
u0188,2023-09-15,login
u0188,2023-09-16,feature_use
u0188,2023-09-16,login
u0188,2023-09-16,login
u0188,2023-09-17,feature_use
u0188,2023-09-17,feature_use
u0188,2023-09-17,feature_use
u0188,2023-09-17,upgrade
u0188,2023-09-17,login
u0188,2023-09-17,feature_use
u0188,2023-09-17,feature_use
u0188,2023-09-17,login
u0188,2023-09-18,login
u0188,2023-09-18,feature_use
u0188,2023-09-18,feature_use
u0188,2023-09-18,login
u0189,2023-05-09,signup
u0189,2023-05-12,support_ticket
u0189,2023-06-14,churned
u0189,2023-06-27,upgrade
u0189,2023-07-02,feature_use
u0189,2023-07-07,upgrade
u0189,2023-07-21,export
u0189,2023-07-29,export
u0189,2023-08-05,support_ticket
u0189,2023-08-21,export
u0189,2023-08-27,support_ticket
u0189,2023-09-07,feature_use
u0189,2023-09-19,feature_use
u0189,2023-09-26,invite_sent
u0189,2023-09-28,support_ticket
u0189,2023-11-10,support_ticket
u0189,2023-11-18,upgrade
u0189,2023-11-19,feature_use
u0189,2023-11-20,invite_sent
u0189,2023-11-26,churned
u0189,2023-12-17,feature_use
u0190,2023-08-02,signup
u0190,2023-08-03,feature_use
u0190,2023-08-03,churned
u0190,2023-08-04,feature_use
u0190,2023-08-04,feature_use
u0190,2023-08-05,invite_sent
u0190,2023-08-07,feature_use
u0190,2023-08-07,feature_use
u0190,2023-08-07,feature_use
u0190,2023-08-09,feature_use
u0190,2023-08-10,login
u0190,2023-08-11,login
u0190,2023-08-12,churned
u0190,2023-08-13,login
u0190,2023-08-14,login
u0190,2023-08-15,feature_use
u0190,2023-08-15,login
u0190,2023-08-16,invite_sent
u0190,2023-08-16,login
u0190,2023-08-16,login
u0190,2023-08-17,login
u0190,2023-08-22,login
u0190,2023-08-22,login
u0190,2023-08-22,feature_use
u0190,2023-08-24,feature_use
u0190,2023-08-24,feature_use
u0190,2023-08-25,login
u0190,2023-08-26,feature_use
u0190,2023-08-27,login
u0190,2023-08-28,support_ticket
u0190,2023-08-28,churned
u0190,2023-08-29,feature_use
u0190,2023-08-29,feature_use
u0190,2023-08-29,feature_use
u0190,2023-08-31,feature_use
u0190,2023-09-01,login
u0190,2023-09-02,login
u0190,2023-09-03,login
u0190,2023-09-04,upgrade
u0191,2023-08-17,signup
u0191,2023-08-19,support_ticket
u0191,2023-08-23,login
u0191,2023-08-25,login
u0191,2023-08-25,export
u0191,2023-08-27,feature_use
u0191,2023-09-01,feature_use
u0191,2023-09-01,feature_use
u0191,2023-09-03,login
u0191,2023-09-05,export
u0191,2023-09-05,login
u0191,2023-09-06,export
u0191,2023-09-06,upgrade
u0191,2023-09-08,login
u0191,2023-09-09,export
u0191,2023-09-09,invite_sent
u0191,2023-09-12,login
u0191,2023-09-14,login
u0191,2023-09-16,feature_use
u0192,2023-11-18,signup
u0192,2023-11-25,feature_use
u0192,2023-11-29,login
u0192,2023-12-02,invite_sent
u0192,2023-12-09,feature_use
u0192,2023-12-12,login
u0192,2023-12-15,churned
u0192,2023-12-24,login
u0193,2023-09-17,signup
u0193,2023-09-18,login
u0193,2023-09-19,feature_use
u0193,2023-09-20,support_ticket
u0193,2023-09-20,feature_use
u0193,2023-09-23,upgrade
u0193,2023-09-23,feature_use
u0193,2023-09-23,invite_sent
u0194,2023-08-26,signup
u0194,2023-08-27,feature_use
u0194,2023-09-02,login
u0194,2023-09-03,feature_use
u0194,2023-09-06,export
u0194,2023-09-13,export
u0194,2023-09-21,login
u0194,2023-09-24,login
u0194,2023-10-01,feature_use
u0195,2023-03-20,signup
u0195,2023-03-22,login
u0195,2023-04-03,feature_use
u0195,2023-04-14,feature_use
u0195,2023-04-15,invite_sent
u0195,2023-04-15,login
u0195,2023-04-29,feature_use
u0195,2023-05-07,invite_sent
u0195,2023-05-13,login
u0195,2023-05-16,upgrade
u0195,2023-05-26,feature_use
u0195,2023-06-05,login
u0195,2023-06-15,feature_use
u0195,2023-06-20,login
u0195,2023-06-20,feature_use
u0195,2023-06-27,feature_use
u0195,2023-07-06,feature_use
u0196,2023-02-02,signup
u0196,2023-02-04,login
u0196,2023-02-04,login
u0196,2023-02-05,login
u0196,2023-02-05,login
u0196,2023-02-06,invite_sent
u0196,2023-02-06,login
u0196,2023-02-07,feature_use
u0196,2023-02-08,login
u0196,2023-02-09,invite_sent
u0196,2023-02-09,login
u0196,2023-02-11,login
u0196,2023-02-13,login
u0196,2023-02-13,login
u0197,2023-07-08,signup
u0197,2023-07-09,feature_use
u0197,2023-07-09,login
u0197,2023-07-10,feature_use
u0197,2023-07-11,login
u0197,2023-07-12,upgrade
u0197,2023-07-12,feature_use
u0197,2023-07-12,login
u0197,2023-07-13,login
u0197,2023-07-14,login
u0197,2023-07-15,login
u0197,2023-07-15,feature_use
u0197,2023-07-15,feature_use
u0197,2023-07-16,feature_use
u0197,2023-07-16,invite_sent
u0197,2023-07-16,export
u0197,2023-07-18,support_ticket
u0197,2023-07-18,support_ticket
u0197,2023-07-19,churned
u0197,2023-07-19,login
u0197,2023-07-19,feature_use
u0197,2023-07-19,login
u0197,2023-07-20,feature_use
u0197,2023-07-21,feature_use
u0197,2023-07-22,support_ticket
u0197,2023-07-22,feature_use
u0197,2023-07-23,feature_use
u0197,2023-07-23,support_ticket
u0197,2023-07-24,churned
u0197,2023-07-24,login
u0198,2023-05-08,signup
u0198,2023-05-22,feature_use
u0198,2023-05-25,export
u0198,2023-05-26,invite_sent
u0198,2023-06-10,login
u0198,2023-06-14,invite_sent
u0198,2023-06-23,feature_use
u0198,2023-06-28,login
u0198,2023-07-08,feature_use
u0198,2023-07-25,login
u0198,2023-07-27,login
u0198,2023-08-26,upgrade
u0198,2023-08-30,feature_use
u0198,2023-08-31,churned
u0198,2023-09-19,login
u0198,2023-10-07,feature_use
u0198,2023-10-11,export
u0198,2023-11-28,invite_sent
u0199,2023-04-14,signup
u0199,2023-04-17,churned
u0199,2023-04-20,invite_sent
u0199,2023-04-22,feature_use
u0199,2023-04-24,support_ticket
u0199,2023-04-24,feature_use
u0199,2023-04-25,feature_use
u0199,2023-04-26,login
u0199,2023-04-27,login
u0199,2023-05-01,support_ticket
u0199,2023-05-03,feature_use
u0199,2023-05-04,feature_use
u0199,2023-05-06,login
u0199,2023-05-08,feature_use
u0199,2023-05-08,feature_use
u0199,2023-05-11,invite_sent
u0199,2023-05-12,feature_use
u0199,2023-05-14,login
u0199,2023-05-15,login
u0199,2023-05-16,login
u0199,2023-05-17,upgrade
u0199,2023-05-17,upgrade
u0199,2023-05-21,login
u0199,2023-05-22,login
u0199,2023-05-23,feature_use
u0199,2023-05-25,upgrade
u0199,2023-05-29,login
u0199,2023-06-01,feature_use
u0199,2023-06-01,feature_use
u0199,2023-06-02,feature_use
u0199,2023-06-02,feature_use
u0199,2023-06-02,upgrade
u0199,2023-06-04,feature_use
u0199,2023-06-08,login
u0200,2023-07-17,signup
u0200,2023-07-19,login
u0200,2023-07-28,feature_use
u0200,2023-07-29,feature_use
u0200,2023-08-08,export
u0200,2023-08-11,export
u0200,2023-08-18,feature_use
u0200,2023-08-19,upgrade
u0200,2023-08-20,feature_use
u0200,2023-09-02,feature_use
u0200,2023-09-05,feature_use
u0200,2023-09-17,login
u0200,2023-09-20,churned
u0200,2023-10-01,churned
u0200,2023-10-10,export
u0200,2023-10-10,export
u0200,2023-10-11,feature_use
u0200,2023-10-12,login
u0200,2023-10-13,login
u0201,2023-10-28,signup
u0201,2023-10-29,login
u0201,2023-11-04,feature_use
u0201,2023-11-08,support_ticket
u0201,2023-11-17,login
u0201,2023-12-15,login
u0201,2023-12-15,feature_use
u0201,2023-12-17,support_ticket
u0201,2023-12-20,login
u0202,2023-08-02,signup
u0202,2023-08-03,feature_use
u0202,2023-08-06,feature_use
u0202,2023-08-10,login
u0202,2023-08-13,feature_use
u0202,2023-08-16,export
u0202,2023-08-17,feature_use
u0202,2023-08-24,login
u0202,2023-08-25,feature_use
u0202,2023-08-26,support_ticket
u0202,2023-08-27,login
u0202,2023-08-28,login
u0202,2023-09-07,login
u0202,2023-10-03,feature_use
u0202,2023-10-04,login
u0202,2023-10-22,invite_sent
u0202,2023-11-01,login
u0202,2023-11-04,feature_use
u0202,2023-11-08,login
u0202,2023-11-12,churned
u0202,2023-11-15,login
u0202,2023-11-22,feature_use
u0203,2023-02-19,signup
u0203,2023-03-16,feature_use
u0203,2023-03-23,feature_use
u0203,2023-04-09,login
u0204,2023-06-22,signup
u0204,2023-06-23,churned
u0204,2023-06-26,feature_use
u0204,2023-06-28,churned
u0204,2023-07-24,feature_use
u0204,2023-08-02,support_ticket
u0204,2023-08-06,feature_use
u0204,2023-08-07,export
u0204,2023-08-08,feature_use
u0204,2023-08-10,feature_use
u0204,2023-08-13,upgrade
u0204,2023-08-14,feature_use
u0204,2023-08-18,login
u0204,2023-08-20,export
u0204,2023-08-22,churned
u0204,2023-08-24,feature_use
u0204,2023-09-09,support_ticket
u0204,2023-09-10,upgrade
u0204,2023-09-12,login
u0204,2023-09-18,export
u0204,2023-09-20,support_ticket
u0204,2023-09-25,login
u0204,2023-10-04,login
u0204,2023-10-05,login
u0204,2023-10-12,feature_use
u0204,2023-10-12,feature_use
u0204,2023-10-14,invite_sent
u0205,2023-02-21,signup
u0205,2023-03-01,login
u0205,2023-03-21,feature_use
u0205,2023-03-30,export
u0205,2023-04-06,support_ticket
u0205,2023-04-24,login
u0205,2023-05-10,export
u0205,2023-05-16,invite_sent
u0205,2023-06-16,invite_sent
u0205,2023-06-21,login
u0205,2023-06-25,feature_use
u0205,2023-06-29,support_ticket
u0205,2023-07-01,login
u0205,2023-07-12,churned
u0205,2023-07-18,support_ticket
u0205,2023-08-09,upgrade
u0206,2023-05-24,signup
u0206,2023-05-25,login
u0206,2023-05-26,feature_use
u0206,2023-05-27,login
u0206,2023-05-28,feature_use
u0206,2023-05-28,feature_use
u0206,2023-05-28,feature_use
u0206,2023-05-28,login
u0206,2023-05-29,export
u0206,2023-05-29,feature_use
u0206,2023-05-29,feature_use
u0206,2023-05-29,support_ticket
u0206,2023-06-01,login
u0206,2023-06-03,login
u0206,2023-06-03,export
u0206,2023-06-03,feature_use
u0206,2023-06-04,export
u0206,2023-06-04,feature_use
u0206,2023-06-04,support_ticket
u0206,2023-06-04,login
u0206,2023-06-06,feature_use
u0206,2023-06-06,feature_use
u0206,2023-06-06,churned
u0206,2023-06-07,support_ticket
u0206,2023-06-09,login
u0206,2023-06-09,feature_use
u0206,2023-06-11,feature_use
u0206,2023-06-11,churned
u0206,2023-06-11,export
u0206,2023-06-12,support_ticket
u0206,2023-06-12,invite_sent
u0206,2023-06-12,feature_use
u0206,2023-06-13,login
u0206,2023-06-13,feature_use
u0207,2023-10-21,signup
u0207,2023-10-22,login
u0207,2023-10-25,invite_sent
u0207,2023-10-25,export
u0207,2023-10-25,login
u0207,2023-10-28,login
u0207,2023-10-30,login
u0207,2023-10-31,feature_use
u0207,2023-11-01,churned
u0207,2023-11-01,feature_use
u0207,2023-11-01,invite_sent
u0207,2023-11-02,export
u0207,2023-11-03,upgrade
u0207,2023-11-03,upgrade
u0207,2023-11-04,export
u0207,2023-11-04,login
u0207,2023-11-05,upgrade
u0207,2023-11-09,upgrade
u0207,2023-11-09,login
u0207,2023-11-09,invite_sent
u0207,2023-11-10,feature_use
u0207,2023-11-12,login
u0207,2023-11-13,support_ticket
u0207,2023-11-15,login
u0207,2023-11-16,login
u0207,2023-11-16,login
u0207,2023-11-18,feature_use
u0207,2023-11-18,feature_use
u0207,2023-11-19,upgrade
u0207,2023-11-21,login
u0207,2023-11-26,feature_use
u0207,2023-11-26,feature_use
u0207,2023-11-27,login
u0207,2023-11-28,export
u0207,2023-12-03,invite_sent
u0208,2023-09-21,signup
u0208,2023-10-06,login
u0208,2023-10-14,feature_use
u0208,2023-10-22,feature_use
u0208,2023-10-23,login
u0208,2023-10-30,upgrade
u0208,2023-11-08,login
u0208,2023-11-09,support_ticket
u0208,2023-11-20,export
u0208,2023-12-11,upgrade
u0208,2023-12-11,feature_use
u0208,2023-12-14,feature_use
u0208,2023-12-15,login
u0209,2023-09-08,signup
u0209,2023-09-11,feature_use
u0209,2023-09-24,login
u0209,2023-10-05,churned
u0209,2023-10-20,login
u0209,2023-11-09,churned
u0209,2023-11-14,export
u0209,2023-11-15,feature_use
u0209,2023-11-16,login
u0209,2023-11-16,upgrade
u0209,2023-11-19,support_ticket
u0209,2023-11-21,feature_use
u0209,2023-11-21,login
u0209,2023-11-23,login
u0209,2023-12-01,login
u0209,2023-12-06,support_ticket
u0209,2023-12-07,feature_use
u0209,2023-12-07,login
u0210,2023-11-03,signup
u0210,2023-11-05,login
u0210,2023-11-05,login
u0210,2023-11-06,invite_sent
u0210,2023-11-07,login
u0210,2023-11-07,feature_use
u0210,2023-11-07,feature_use
u0210,2023-11-08,feature_use
u0210,2023-11-09,login
u0210,2023-11-09,feature_use
u0210,2023-11-09,feature_use
u0210,2023-11-10,login
u0210,2023-11-10,feature_use
u0210,2023-11-10,login
u0210,2023-11-10,upgrade
u0210,2023-11-12,export
u0210,2023-11-12,login
u0210,2023-11-13,login
u0210,2023-11-13,feature_use
u0210,2023-11-15,churned
u0210,2023-11-15,feature_use
u0210,2023-11-16,feature_use
u0210,2023-11-18,support_ticket
u0210,2023-11-18,login
u0210,2023-11-19,upgrade
u0210,2023-11-20,invite_sent
u0210,2023-11-20,invite_sent
u0210,2023-11-20,login
u0210,2023-11-21,login
u0210,2023-11-22,login
u0210,2023-11-22,feature_use
u0210,2023-11-23,feature_use
u0210,2023-11-24,upgrade
u0210,2023-11-25,login
u0210,2023-11-25,feature_use
u0210,2023-11-26,login
u0210,2023-11-27,login
u0210,2023-11-30,feature_use
u0210,2023-12-01,export
u0211,2023-03-25,signup
u0211,2023-04-06,login
u0211,2023-04-07,feature_use
u0211,2023-04-07,invite_sent
u0211,2023-04-08,support_ticket
u0211,2023-04-10,feature_use
u0211,2023-04-10,login
u0211,2023-04-11,login
u0211,2023-04-13,export
u0211,2023-04-16,login
u0211,2023-04-23,login
u0211,2023-04-23,feature_use
u0211,2023-04-26,login
u0211,2023-05-01,feature_use
u0211,2023-05-04,feature_use
u0211,2023-05-07,support_ticket
u0211,2023-05-09,upgrade
u0211,2023-05-14,login
u0211,2023-05-16,feature_use
u0211,2023-05-17,login
u0211,2023-05-20,feature_use
u0211,2023-05-27,login
u0211,2023-05-30,upgrade
u0211,2023-06-02,feature_use
u0212,2023-03-06,signup
u0212,2023-03-07,churned
u0212,2023-03-10,invite_sent
u0212,2023-03-10,login
u0212,2023-03-11,upgrade
u0212,2023-03-12,invite_sent
u0212,2023-03-12,feature_use
u0212,2023-03-12,login
u0212,2023-03-15,feature_use
u0212,2023-03-18,feature_use
u0212,2023-03-21,login
u0212,2023-03-22,feature_use
u0212,2023-03-25,feature_use
u0212,2023-03-29,support_ticket
u0212,2023-04-02,upgrade
u0212,2023-04-02,support_ticket
u0212,2023-04-03,feature_use
u0212,2023-04-03,feature_use
u0212,2023-04-07,support_ticket
u0212,2023-04-08,login
u0212,2023-04-16,churned
u0213,2023-09-21,signup
u0213,2023-09-27,feature_use
u0213,2023-10-13,feature_use
u0213,2023-10-16,invite_sent
u0213,2023-11-12,login
u0213,2023-11-15,upgrade
u0213,2023-11-28,feature_use
u0213,2023-12-25,feature_use
u0213,2023-12-26,login
u0213,2023-12-26,login
u0213,2023-12-28,feature_use
u0214,2023-04-26,signup
u0214,2023-04-28,feature_use
u0214,2023-04-30,login
u0214,2023-05-05,login
u0214,2023-05-06,feature_use
u0214,2023-05-09,login
u0214,2023-05-09,login
u0214,2023-05-13,login
u0214,2023-05-14,export
u0214,2023-05-18,login
u0214,2023-05-20,feature_use
u0214,2023-05-24,login
u0215,2023-06-06,signup
u0215,2023-06-08,login
u0215,2023-06-08,login
u0215,2023-06-15,login
u0215,2023-06-16,invite_sent
u0215,2023-06-21,login
u0215,2023-06-28,feature_use
u0215,2023-07-07,feature_use
u0215,2023-07-11,feature_use
u0215,2023-07-16,feature_use
u0215,2023-07-23,feature_use
u0215,2023-07-25,login
u0215,2023-07-27,invite_sent
u0215,2023-08-14,login
u0215,2023-08-22,login
u0215,2023-08-22,login
u0215,2023-08-29,support_ticket
u0215,2023-09-05,login
u0215,2023-09-05,support_ticket
u0215,2023-09-14,login
u0215,2023-09-17,feature_use
u0215,2023-09-25,feature_use
u0215,2023-09-27,feature_use
u0215,2023-09-27,login
u0215,2023-10-05,feature_use
u0215,2023-10-09,login
u0215,2023-10-25,feature_use
u0215,2023-11-11,feature_use
u0215,2023-11-12,export
u0215,2023-11-22,login
u0215,2023-11-24,churned
u0215,2023-11-28,upgrade
u0215,2023-12-05,login
u0215,2023-12-08,login
u0215,2023-12-13,export
u0215,2023-12-14,login
u0216,2023-02-25,signup
u0216,2023-02-27,feature_use
u0216,2023-03-08,support_ticket
u0216,2023-03-12,export
u0216,2023-03-29,feature_use
u0216,2023-03-29,login
u0216,2023-04-04,login
u0216,2023-04-11,feature_use
u0216,2023-04-21,churned
u0216,2023-05-23,export
u0216,2023-05-24,login
u0216,2023-05-26,login
u0216,2023-05-30,feature_use
u0217,2023-08-08,signup
u0217,2023-08-12,feature_use
u0217,2023-08-17,feature_use
u0217,2023-08-18,login
u0217,2023-08-18,feature_use
u0217,2023-08-26,churned
u0217,2023-09-15,feature_use
u0217,2023-09-17,login
u0217,2023-09-17,login
u0217,2023-09-22,upgrade
u0218,2023-09-26,signup
u0218,2023-09-30,feature_use
u0218,2023-09-30,feature_use
u0218,2023-10-04,login
u0218,2023-10-08,login
u0218,2023-10-08,login
u0218,2023-10-14,invite_sent
u0218,2023-10-16,login
u0218,2023-10-17,invite_sent
u0218,2023-10-17,login
u0218,2023-10-18,feature_use
u0218,2023-10-27,login
u0218,2023-10-28,login
u0218,2023-11-01,support_ticket
u0218,2023-11-04,login
u0218,2023-11-07,login
u0218,2023-11-08,login
u0218,2023-11-11,feature_use
u0219,2023-03-08,signup
u0219,2023-03-31,export
u0219,2023-04-03,login
u0219,2023-04-10,login
u0219,2023-04-11,feature_use
u0219,2023-04-20,feature_use
u0219,2023-04-20,feature_use
u0219,2023-04-25,login
u0219,2023-04-27,upgrade
u0219,2023-05-01,feature_use
u0219,2023-05-08,feature_use
u0219,2023-05-22,login
u0219,2023-05-25,upgrade
u0219,2023-06-10,feature_use
u0219,2023-06-24,feature_use
u0219,2023-06-28,login
u0219,2023-07-15,support_ticket
u0219,2023-07-15,upgrade
u0219,2023-07-17,feature_use
u0219,2023-07-18,churned
u0219,2023-07-22,feature_use
u0219,2023-07-26,feature_use
u0219,2023-07-27,upgrade
u0219,2023-07-30,churned
u0219,2023-07-31,login
u0219,2023-08-02,login
u0219,2023-08-06,churned
u0219,2023-08-10,login
u0219,2023-08-11,login
u0219,2023-08-23,support_ticket
u0219,2023-08-31,feature_use
u0219,2023-09-02,login
u0219,2023-09-03,churned
u0219,2023-09-03,login
u0219,2023-09-08,login
u0219,2023-09-09,login
u0219,2023-09-19,login
u0219,2023-09-19,export
u0219,2023-09-24,feature_use
u0219,2023-09-27,feature_use
u0219,2023-10-03,feature_use
u0220,2023-09-26,signup
u0220,2023-09-27,feature_use
u0220,2023-10-05,login
u0220,2023-10-10,feature_use
u0220,2023-10-11,login
u0220,2023-10-12,login
u0220,2023-10-12,churned
u0220,2023-10-13,upgrade
u0220,2023-10-15,upgrade
u0220,2023-10-15,login
u0220,2023-10-20,login
u0220,2023-10-23,invite_sent
u0220,2023-11-01,login
u0220,2023-11-06,login
u0220,2023-11-06,feature_use
u0220,2023-11-11,export
u0220,2023-11-16,login
u0220,2023-11-22,login
u0221,2023-01-30,signup
u0221,2023-01-31,feature_use
u0221,2023-02-01,feature_use
u0221,2023-02-01,login
u0221,2023-02-04,feature_use
u0221,2023-02-06,upgrade
u0221,2023-02-11,feature_use
u0221,2023-02-11,login
u0221,2023-02-11,feature_use
u0221,2023-02-11,support_ticket
u0221,2023-02-12,login
u0221,2023-02-13,support_ticket
u0221,2023-02-13,feature_use
u0221,2023-02-14,upgrade
u0221,2023-02-14,login
u0221,2023-02-14,upgrade
u0221,2023-02-16,export
u0221,2023-02-17,login
u0221,2023-02-24,invite_sent
u0221,2023-02-25,login
u0221,2023-02-25,login
u0221,2023-02-27,feature_use
u0221,2023-03-01,invite_sent
u0221,2023-03-02,login
u0221,2023-03-03,invite_sent
u0221,2023-03-05,login
u0222,2023-07-13,signup
u0222,2023-07-16,login
u0222,2023-08-31,export
u0222,2023-09-01,login
u0223,2023-03-15,signup
u0223,2023-03-21,login
u0223,2023-03-22,feature_use
u0223,2023-04-06,export
u0224,2023-09-03,signup
u0224,2023-09-06,export
u0224,2023-09-17,feature_use
u0224,2023-09-17,feature_use
u0224,2023-09-23,login
u0224,2023-10-02,login
u0224,2023-10-02,invite_sent
u0224,2023-10-13,login
u0224,2023-10-19,feature_use
u0224,2023-10-23,upgrade
u0224,2023-10-27,login
u0224,2023-10-28,feature_use
u0224,2023-11-12,upgrade
u0224,2023-11-23,feature_use
u0225,2023-02-27,signup
u0225,2023-03-09,support_ticket
u0225,2023-03-10,invite_sent
u0225,2023-03-13,invite_sent
u0225,2023-03-19,support_ticket
u0225,2023-04-02,support_ticket
u0225,2023-04-03,invite_sent
u0225,2023-04-05,login
u0225,2023-04-13,export
u0225,2023-04-15,invite_sent
u0225,2023-04-23,feature_use
u0225,2023-04-23,login
u0225,2023-05-15,login
u0225,2023-05-16,login
u0225,2023-05-17,login
u0225,2023-05-18,support_ticket
u0225,2023-05-23,feature_use
u0225,2023-05-24,upgrade
u0226,2023-03-17,signup
u0226,2023-03-18,login
u0226,2023-04-02,invite_sent
u0226,2023-04-08,feature_use
u0226,2023-04-09,login
u0226,2023-04-10,login
u0226,2023-04-15,feature_use
u0226,2023-04-19,login
u0226,2023-04-21,invite_sent
u0226,2023-04-22,login
u0226,2023-04-23,export
u0226,2023-06-11,login
u0226,2023-06-18,export
u0226,2023-06-24,login
u0226,2023-06-24,feature_use
u0226,2023-07-03,feature_use
u0226,2023-07-18,support_ticket
u0226,2023-07-22,feature_use
u0226,2023-07-22,feature_use
u0226,2023-07-23,feature_use
u0226,2023-08-06,churned
u0226,2023-08-07,feature_use
u0226,2023-08-19,support_ticket
u0226,2023-09-01,invite_sent
u0226,2023-09-11,churned
u0226,2023-09-18,support_ticket
u0226,2023-09-20,login
u0226,2023-09-25,login
u0226,2023-10-02,upgrade
u0226,2023-10-14,login
u0226,2023-10-21,login
u0226,2023-10-25,support_ticket
u0227,2023-08-04,signup
u0227,2023-08-08,support_ticket
u0227,2023-08-12,churned
u0227,2023-08-13,support_ticket
u0227,2023-08-15,login
u0227,2023-08-16,feature_use
u0227,2023-08-20,login
u0227,2023-08-28,login
u0227,2023-08-31,login
u0227,2023-09-01,feature_use
u0227,2023-09-04,feature_use
u0227,2023-09-10,export
u0227,2023-09-11,login
u0227,2023-09-18,login
u0227,2023-09-18,invite_sent
u0227,2023-09-19,login
u0227,2023-09-20,login
u0227,2023-09-27,feature_use
u0228,2023-06-22,signup
u0228,2023-06-23,feature_use
u0228,2023-06-25,feature_use
u0228,2023-06-27,support_ticket
u0228,2023-06-28,feature_use
u0228,2023-06-29,login
u0228,2023-06-30,login
u0228,2023-07-01,support_ticket
u0228,2023-07-03,login
u0228,2023-07-03,login
u0228,2023-07-04,feature_use
u0228,2023-07-05,login
u0228,2023-07-07,feature_use
u0228,2023-07-07,feature_use
u0228,2023-07-09,invite_sent
u0228,2023-07-16,feature_use
u0228,2023-07-18,feature_use
u0228,2023-07-18,export
u0228,2023-07-20,feature_use
u0228,2023-07-22,feature_use
u0228,2023-07-22,feature_use
u0228,2023-07-25,login
u0229,2023-11-05,signup
u0229,2023-11-19,feature_use
u0229,2023-11-21,login
u0229,2023-11-25,login
u0229,2023-12-10,login
u0230,2023-04-14,signup
u0230,2023-04-17,login
u0230,2023-04-20,export
u0230,2023-04-20,invite_sent
u0230,2023-04-21,login
u0230,2023-04-24,login
u0230,2023-04-24,feature_use
u0230,2023-05-02,login
u0230,2023-05-04,login
u0230,2023-05-05,login
u0230,2023-05-05,support_ticket
u0230,2023-05-07,support_ticket
u0230,2023-05-07,churned
u0230,2023-05-09,feature_use
u0230,2023-05-10,feature_use
u0230,2023-05-15,login
u0230,2023-05-17,login
u0230,2023-05-21,feature_use
u0230,2023-05-21,churned
u0231,2023-04-29,signup
u0231,2023-06-02,login
u0231,2023-06-08,feature_use
u0231,2023-07-26,feature_use
u0231,2023-07-31,feature_use
u0231,2023-08-07,login
u0231,2023-08-18,login
u0231,2023-09-05,feature_use
u0231,2023-09-10,invite_sent
u0231,2023-10-03,feature_use
u0231,2023-10-29,support_ticket
u0231,2023-11-02,feature_use
u0231,2023-11-12,upgrade
u0232,2023-09-12,signup
u0232,2023-09-13,feature_use
u0232,2023-09-14,upgrade
u0232,2023-09-14,invite_sent
u0232,2023-09-15,feature_use
u0232,2023-09-15,login
u0232,2023-09-15,feature_use
u0232,2023-09-15,login
u0232,2023-09-16,login
u0232,2023-09-16,login
u0232,2023-09-16,churned
u0232,2023-09-16,feature_use
u0232,2023-09-17,feature_use
u0233,2023-07-06,signup
u0233,2023-07-09,login
u0233,2023-07-17,feature_use
u0233,2023-07-21,support_ticket
u0233,2023-07-23,login
u0233,2023-07-25,login
u0233,2023-08-02,login
u0233,2023-08-09,feature_use
u0233,2023-08-13,feature_use
u0233,2023-08-15,invite_sent
u0233,2023-08-16,feature_use
u0233,2023-08-22,upgrade
u0233,2023-08-27,feature_use
u0233,2023-08-30,export
u0233,2023-09-07,upgrade
u0233,2023-09-12,export
u0233,2023-09-25,feature_use
u0233,2023-09-26,feature_use
u0233,2023-10-04,feature_use
u0233,2023-10-07,support_ticket
u0233,2023-10-12,login
u0233,2023-10-16,support_ticket
u0233,2023-10-20,feature_use
u0233,2023-10-31,login
u0233,2023-11-02,feature_use
u0233,2023-11-03,login
u0233,2023-11-05,login
u0233,2023-11-05,login
u0233,2023-11-08,login
u0233,2023-11-15,export
u0234,2023-08-05,signup
u0234,2023-08-09,login
u0234,2023-08-11,login
u0234,2023-08-22,login
u0234,2023-08-23,feature_use
u0234,2023-08-25,export
u0234,2023-08-25,login
u0234,2023-08-28,invite_sent
u0234,2023-09-02,login
u0234,2023-09-03,export
u0234,2023-09-05,feature_use
u0234,2023-09-08,login
u0234,2023-09-19,support_ticket
u0234,2023-09-19,feature_use
u0234,2023-09-19,feature_use
u0235,2023-01-06,signup
u0235,2023-01-08,churned
u0235,2023-02-15,upgrade
u0235,2023-02-25,login
u0235,2023-03-06,support_ticket
u0235,2023-03-12,feature_use
u0235,2023-04-13,feature_use
u0235,2023-06-18,login
u0235,2023-06-21,feature_use
u0235,2023-08-03,login
u0235,2023-08-29,invite_sent
u0235,2023-09-19,export
u0235,2023-10-13,support_ticket
u0235,2023-10-30,feature_use
u0235,2023-11-10,feature_use
u0235,2023-11-30,churned
u0236,2023-06-28,signup
u0236,2023-06-29,feature_use
u0236,2023-06-29,feature_use
u0236,2023-06-29,invite_sent
u0236,2023-06-29,login
u0236,2023-06-30,feature_use
u0236,2023-07-02,upgrade
u0236,2023-07-02,churned
u0236,2023-07-02,login
u0236,2023-07-02,feature_use
u0236,2023-07-02,login
u0236,2023-07-04,feature_use
u0236,2023-07-04,feature_use
u0236,2023-07-07,login
u0236,2023-07-08,feature_use
u0236,2023-07-09,login
u0236,2023-07-09,login
u0236,2023-07-10,login
u0236,2023-07-10,login
u0236,2023-07-10,login
u0236,2023-07-10,churned
u0236,2023-07-10,support_ticket
u0236,2023-07-10,export
u0236,2023-07-11,login
u0236,2023-07-11,login
u0236,2023-07-11,login
u0236,2023-07-12,feature_use
u0236,2023-07-12,feature_use
u0236,2023-07-12,login
u0236,2023-07-12,login
u0236,2023-07-12,feature_use
u0236,2023-07-12,login
u0236,2023-07-12,login
u0236,2023-07-13,feature_use
u0236,2023-07-13,feature_use
u0236,2023-07-13,feature_use
u0236,2023-07-14,invite_sent
u0236,2023-07-15,feature_use
u0236,2023-07-15,login
u0236,2023-07-15,support_ticket
u0237,2023-11-26,signup
u0237,2023-11-27,feature_use
u0237,2023-11-29,login
u0237,2023-11-30,upgrade
u0237,2023-11-30,login
u0237,2023-12-01,feature_use
u0237,2023-12-01,feature_use
u0237,2023-12-02,feature_use
u0237,2023-12-02,login
u0237,2023-12-04,feature_use
u0237,2023-12-04,login
u0237,2023-12-05,feature_use
u0237,2023-12-05,login
u0237,2023-12-06,login
u0237,2023-12-07,login
u0237,2023-12-09,export
u0237,2023-12-09,login
u0237,2023-12-10,login
u0237,2023-12-11,feature_use
u0237,2023-12-11,invite_sent
u0237,2023-12-12,export
u0237,2023-12-14,export
u0237,2023-12-15,login
u0237,2023-12-15,feature_use
u0237,2023-12-16,upgrade
u0237,2023-12-17,feature_use
u0237,2023-12-17,feature_use
u0237,2023-12-17,invite_sent
u0237,2023-12-17,churned
u0237,2023-12-20,login
u0237,2023-12-20,upgrade
u0237,2023-12-20,support_ticket
u0237,2023-12-21,login
u0237,2023-12-22,feature_use
u0237,2023-12-22,login
u0237,2023-12-23,feature_use
u0237,2023-12-24,login
u0237,2023-12-25,login
u0237,2023-12-26,churned
u0237,2023-12-26,export
u0238,2023-02-07,signup
u0238,2023-02-08,login
u0238,2023-02-11,login
u0238,2023-02-12,login
u0238,2023-02-22,invite_sent
u0238,2023-03-02,feature_use
u0238,2023-03-03,login
u0238,2023-03-04,feature_use
u0238,2023-03-07,export
u0238,2023-03-12,invite_sent
u0238,2023-03-20,feature_use
u0238,2023-03-23,churned
u0238,2023-04-02,feature_use
u0238,2023-04-06,support_ticket
u0238,2023-04-10,churned
u0238,2023-04-14,support_ticket
u0238,2023-04-17,login
u0239,2023-04-23,signup
u0239,2023-05-06,invite_sent
u0239,2023-05-10,login
u0239,2023-05-11,login
u0239,2023-05-16,upgrade
u0239,2023-05-19,invite_sent
u0239,2023-05-19,login
u0239,2023-05-21,feature_use
u0239,2023-06-04,login
u0239,2023-06-06,export
u0239,2023-06-08,login
u0239,2023-06-10,support_ticket
u0240,2023-10-28,signup
u0240,2023-10-30,login
u0240,2023-10-31,churned
u0240,2023-11-01,support_ticket
u0240,2023-11-02,login
u0240,2023-11-04,feature_use
u0240,2023-11-09,login
u0240,2023-11-11,feature_use
u0240,2023-11-12,feature_use
u0240,2023-11-14,feature_use
u0240,2023-11-15,support_ticket
u0240,2023-11-15,feature_use
u0240,2023-11-16,feature_use
u0240,2023-11-18,feature_use
u0240,2023-11-18,login
u0240,2023-11-18,upgrade
u0240,2023-11-18,login
u0240,2023-11-19,login
u0240,2023-11-21,feature_use
u0240,2023-11-22,feature_use
u0240,2023-11-22,login
u0240,2023-11-25,export
u0240,2023-11-25,feature_use
u0240,2023-11-25,login
u0240,2023-11-26,login
u0240,2023-11-29,login
u0240,2023-12-01,login
u0240,2023-12-04,login
u0240,2023-12-04,support_ticket
u0240,2023-12-06,invite_sent
u0240,2023-12-07,login
u0240,2023-12-08,support_ticket
u0240,2023-12-09,invite_sent
u0240,2023-12-09,feature_use
u0240,2023-12-10,login
u0241,2023-03-05,signup
u0241,2023-03-08,login
u0241,2023-03-10,login
u0241,2023-03-11,login
u0241,2023-03-16,login
u0241,2023-03-17,login
u0241,2023-03-30,export
u0241,2023-04-06,export
u0241,2023-04-07,login
u0241,2023-04-12,support_ticket
u0241,2023-04-18,login
u0241,2023-04-18,invite_sent
u0241,2023-05-02,login
u0241,2023-05-11,export
u0241,2023-05-15,login
u0241,2023-05-22,login
u0241,2023-05-27,export
u0241,2023-05-29,upgrade
u0241,2023-06-02,feature_use
u0241,2023-06-08,support_ticket
u0241,2023-06-11,login
u0241,2023-06-12,login
u0241,2023-06-14,login
u0241,2023-06-17,login
u0241,2023-06-19,feature_use
u0241,2023-06-20,upgrade
u0241,2023-06-30,feature_use
u0241,2023-07-02,login
u0241,2023-07-10,feature_use
u0241,2023-07-20,invite_sent
u0241,2023-07-21,churned
u0241,2023-07-26,support_ticket
u0241,2023-07-31,churned
u0241,2023-08-02,feature_use
u0241,2023-08-11,login
u0241,2023-08-17,support_ticket
u0241,2023-08-17,churned
u0241,2023-08-24,login
u0241,2023-08-29,export
u0241,2023-09-07,feature_use
u0241,2023-09-07,invite_sent
u0242,2023-09-28,signup
u0242,2023-09-30,feature_use
u0242,2023-10-02,login
u0242,2023-10-03,churned
u0242,2023-10-04,login
u0242,2023-10-04,login
u0242,2023-10-05,login
u0242,2023-10-05,invite_sent
u0242,2023-10-05,login
u0242,2023-10-05,support_ticket
u0242,2023-10-08,export
u0242,2023-10-12,upgrade
u0242,2023-10-12,feature_use
u0242,2023-10-12,login
u0242,2023-10-13,invite_sent
u0242,2023-10-14,feature_use
u0242,2023-10-14,login
u0242,2023-10-15,support_ticket
u0242,2023-10-15,login
u0242,2023-10-16,login
u0242,2023-10-16,feature_use
u0242,2023-10-16,feature_use
u0242,2023-10-18,upgrade
u0242,2023-10-18,invite_sent
u0242,2023-10-19,support_ticket
u0242,2023-10-20,login
u0242,2023-10-23,login
u0242,2023-10-23,churned
u0242,2023-10-24,login
u0242,2023-10-28,login
u0242,2023-10-29,login
u0242,2023-10-31,login
u0242,2023-10-31,feature_use
u0242,2023-11-01,feature_use
u0242,2023-11-01,feature_use
u0243,2023-01-26,signup
u0243,2023-03-13,feature_use
u0243,2023-03-24,login
u0243,2023-03-24,upgrade
u0243,2023-03-25,export
u0243,2023-03-31,churned
u0243,2023-04-05,login
u0243,2023-04-12,login
u0243,2023-05-07,feature_use
u0243,2023-06-08,feature_use
u0243,2023-06-11,feature_use
u0243,2023-06-12,login
u0243,2023-07-20,login
u0243,2023-07-25,upgrade
u0243,2023-09-09,upgrade
u0243,2023-09-13,login
u0244,2023-09-11,signup
u0244,2023-09-12,feature_use
u0244,2023-09-16,login
u0244,2023-09-22,login
u0244,2023-09-23,feature_use
u0244,2023-09-23,churned
u0244,2023-10-02,feature_use
u0244,2023-10-04,feature_use
u0244,2023-10-09,login
u0244,2023-10-11,login
u0244,2023-10-20,login
u0244,2023-10-26,feature_use
u0244,2023-10-26,login
u0244,2023-10-27,feature_use
u0244,2023-10-28,login
u0244,2023-10-29,login
u0244,2023-10-30,export
u0245,2023-08-31,signup
u0245,2023-09-02,export
u0245,2023-09-03,feature_use
u0245,2023-09-13,login
u0245,2023-09-19,support_ticket
u0245,2023-10-03,feature_use
u0245,2023-10-03,login
u0245,2023-10-05,upgrade
u0245,2023-10-08,export
u0245,2023-10-09,upgrade
u0245,2023-10-13,feature_use
u0245,2023-10-15,churned
u0245,2023-10-23,export
u0245,2023-10-31,login
u0245,2023-11-06,support_ticket
u0245,2023-11-07,feature_use
u0245,2023-11-16,feature_use
u0245,2023-11-21,login
u0245,2023-11-24,churned
u0246,2023-07-02,signup
u0246,2023-07-03,login
u0246,2023-07-04,feature_use
u0246,2023-07-07,feature_use
u0246,2023-07-08,feature_use
u0246,2023-07-08,login
u0246,2023-07-13,login
u0246,2023-07-14,login
u0246,2023-07-14,upgrade
u0246,2023-07-20,login
u0246,2023-07-21,churned
u0246,2023-07-28,feature_use
u0246,2023-08-07,export
u0246,2023-08-07,login
u0246,2023-08-08,support_ticket
u0246,2023-08-09,feature_use
u0246,2023-08-09,login
u0246,2023-08-14,feature_use
u0246,2023-08-16,login
u0246,2023-08-17,login
u0246,2023-08-18,login
u0246,2023-08-20,feature_use
u0246,2023-08-25,invite_sent
u0246,2023-08-27,login
u0246,2023-08-29,churned
u0246,2023-08-30,feature_use
u0246,2023-09-03,login
u0246,2023-09-03,login
u0246,2023-09-05,feature_use
u0246,2023-09-08,login
u0246,2023-09-12,login
u0246,2023-09-16,login
u0246,2023-09-19,login
u0246,2023-09-26,login
u0246,2023-09-27,feature_use
u0246,2023-09-27,login
u0246,2023-09-28,login
u0246,2023-09-28,login
u0246,2023-09-30,churned
u0246,2023-09-30,login
u0247,2023-11-23,signup
u0247,2023-12-02,feature_use
u0247,2023-12-06,login
u0247,2023-12-10,invite_sent
u0247,2023-12-13,login
u0247,2023-12-13,login
u0247,2023-12-13,feature_use
u0247,2023-12-14,support_ticket
u0247,2023-12-20,feature_use
u0247,2023-12-21,feature_use
u0248,2023-11-18,signup
u0248,2023-11-19,feature_use
u0248,2023-11-19,support_ticket
u0248,2023-11-19,login
u0248,2023-11-20,invite_sent
u0248,2023-11-22,login
u0248,2023-11-22,upgrade
u0248,2023-11-24,login
u0248,2023-11-25,login
u0248,2023-11-25,export
u0248,2023-11-27,feature_use
u0248,2023-11-28,feature_use
u0248,2023-11-28,login
u0248,2023-12-01,login
u0248,2023-12-07,login
u0248,2023-12-08,support_ticket
u0248,2023-12-08,upgrade
u0248,2023-12-11,feature_use
u0248,2023-12-12,login
u0248,2023-12-14,login
u0248,2023-12-15,feature_use
u0248,2023-12-15,login
u0248,2023-12-16,login
u0248,2023-12-16,feature_use
u0248,2023-12-17,upgrade
u0248,2023-12-18,export
u0248,2023-12-19,upgrade
u0248,2023-12-20,login
u0249,2023-03-03,signup
u0249,2023-03-09,login
u0249,2023-03-18,invite_sent
u0249,2023-03-29,churned
u0249,2023-03-30,feature_use
u0249,2023-03-31,feature_use
u0249,2023-04-04,feature_use
u0249,2023-04-20,support_ticket
u0249,2023-05-04,login
u0249,2023-05-13,feature_use
u0249,2023-05-19,feature_use
u0249,2023-06-24,export
u0249,2023-07-04,login
u0249,2023-07-08,login
u0249,2023-07-11,feature_use
u0249,2023-07-21,login
u0249,2023-07-21,login
u0250,2023-08-06,signup
u0250,2023-08-07,feature_use
u0250,2023-08-08,feature_use
u0250,2023-08-08,invite_sent
u0250,2023-08-09,login
u0250,2023-08-10,feature_use
u0250,2023-08-11,login
u0250,2023-08-12,login
u0250,2023-08-12,feature_use
u0250,2023-08-12,login
u0250,2023-08-14,churned
u0250,2023-08-14,login
u0250,2023-08-17,feature_use
u0250,2023-08-18,churned
u0250,2023-08-19,login
u0250,2023-08-21,export
u0250,2023-08-21,login
u0250,2023-08-22,feature_use
u0250,2023-08-23,login
u0250,2023-08-23,login
u0250,2023-08-23,support_ticket
u0250,2023-08-23,login
u0250,2023-08-25,login
u0250,2023-08-26,export
u0250,2023-08-27,login
u0250,2023-08-27,upgrade
u0250,2023-08-27,feature_use
u0250,2023-08-28,feature_use
u0250,2023-08-28,login
u0250,2023-08-28,login
u0250,2023-08-28,feature_use
u0250,2023-08-29,feature_use
u0250,2023-08-29,login
u0251,2023-03-31,signup
u0251,2023-04-07,feature_use
u0251,2023-04-08,invite_sent
u0251,2023-04-17,login
u0251,2023-04-19,feature_use
u0251,2023-04-19,login
u0251,2023-04-21,login
u0251,2023-04-25,login
u0251,2023-05-06,export
u0251,2023-05-06,support_ticket
u0251,2023-05-12,feature_use
u0251,2023-05-20,login
u0251,2023-05-22,login
u0251,2023-05-24,feature_use
u0251,2023-06-04,login
u0251,2023-06-13,login
u0251,2023-06-14,invite_sent
u0251,2023-06-16,login
u0251,2023-06-22,login
u0251,2023-06-24,login
u0251,2023-07-01,feature_use
u0251,2023-07-02,support_ticket
u0251,2023-07-05,feature_use
u0251,2023-07-06,export
u0251,2023-07-22,feature_use
u0251,2023-07-25,feature_use
u0251,2023-07-31,feature_use
u0251,2023-08-04,feature_use
u0251,2023-08-06,login
u0251,2023-08-06,login
u0252,2023-05-09,signup
u0252,2023-06-15,login
u0252,2023-07-13,login
u0252,2023-07-15,invite_sent
u0252,2023-07-22,login
u0252,2023-07-28,login
u0252,2023-08-07,export
u0252,2023-08-29,export
u0253,2023-10-26,signup
u0253,2023-10-29,login
u0253,2023-10-30,login
u0253,2023-11-12,login
u0253,2023-12-01,support_ticket
u0254,2023-06-18,signup
u0254,2023-06-20,feature_use
u0254,2023-06-21,login
u0254,2023-06-22,login
u0254,2023-06-23,invite_sent
u0254,2023-06-24,export
u0254,2023-06-25,login
u0254,2023-07-01,feature_use
u0254,2023-07-03,login
u0254,2023-07-06,upgrade
u0254,2023-07-08,support_ticket
u0254,2023-07-11,feature_use
u0254,2023-07-13,feature_use
u0254,2023-07-19,invite_sent
u0254,2023-07-20,login
u0254,2023-07-21,login
u0254,2023-07-25,invite_sent
u0254,2023-07-27,support_ticket
u0254,2023-08-02,export
u0255,2023-01-27,signup
u0255,2023-02-11,login
u0255,2023-02-20,feature_use
u0255,2023-03-27,feature_use
u0255,2023-04-25,feature_use
u0255,2023-05-02,login
u0255,2023-05-18,upgrade
u0255,2023-05-20,login
u0255,2023-06-17,login
u0255,2023-07-04,churned
u0255,2023-08-08,export
u0255,2023-08-19,feature_use
u0256,2023-01-24,signup
u0256,2023-01-28,login
u0256,2023-01-28,login
u0256,2023-01-29,login
u0256,2023-02-02,feature_use
u0256,2023-02-02,feature_use
u0256,2023-02-08,feature_use
u0256,2023-02-09,churned
u0256,2023-02-09,feature_use
u0256,2023-02-11,login
u0256,2023-02-12,login
u0256,2023-02-13,invite_sent
u0256,2023-02-16,feature_use
u0256,2023-02-16,invite_sent
u0256,2023-02-20,upgrade
u0256,2023-02-24,feature_use
u0256,2023-02-28,login
u0256,2023-02-28,feature_use
u0256,2023-03-01,login
u0257,2023-11-15,signup
u0257,2023-11-17,feature_use
u0257,2023-11-18,login
u0257,2023-11-18,login
u0257,2023-11-21,login
u0257,2023-11-24,export
u0257,2023-11-25,login
u0257,2023-11-29,login
u0257,2023-11-30,login
u0257,2023-12-01,upgrade
u0257,2023-12-05,login
u0257,2023-12-10,login
u0257,2023-12-10,feature_use
u0257,2023-12-10,feature_use
u0257,2023-12-10,login
u0257,2023-12-13,feature_use
u0257,2023-12-15,invite_sent
u0258,2023-06-28,signup
u0258,2023-07-02,login
u0258,2023-07-06,login
u0258,2023-07-13,support_ticket
u0258,2023-07-20,churned
u0258,2023-08-28,login
u0258,2023-09-04,support_ticket
u0258,2023-09-05,feature_use
u0258,2023-09-10,export
u0258,2023-09-15,feature_use
u0258,2023-10-04,feature_use
u0258,2023-10-16,support_ticket
u0258,2023-11-08,login
u0258,2023-11-12,feature_use
u0258,2023-11-14,login
u0258,2023-11-17,feature_use
u0258,2023-11-22,upgrade
u0258,2023-11-22,feature_use
u0258,2023-11-27,login
u0258,2023-12-01,login
u0258,2023-12-03,login
u0258,2023-12-05,feature_use
u0258,2023-12-13,support_ticket
u0258,2023-12-20,invite_sent
u0258,2023-12-30,invite_sent
u0259,2023-06-14,signup
u0259,2023-06-16,feature_use
u0259,2023-06-17,feature_use
u0259,2023-06-19,login
u0259,2023-06-20,feature_use
u0259,2023-06-21,login
u0259,2023-06-22,feature_use
u0259,2023-06-22,invite_sent
u0259,2023-06-23,feature_use
u0259,2023-06-25,login
u0259,2023-07-03,login
u0259,2023-07-07,login
u0259,2023-07-11,login
u0259,2023-07-18,support_ticket
u0259,2023-07-18,churned
u0259,2023-07-20,login
u0259,2023-07-29,login
u0259,2023-07-30,feature_use
u0259,2023-07-30,feature_use
u0259,2023-07-31,login
u0259,2023-08-01,export
u0259,2023-08-07,login
u0259,2023-08-08,export
u0259,2023-08-13,login
u0259,2023-08-17,login
u0259,2023-08-18,export
u0259,2023-08-18,feature_use
u0259,2023-08-19,login
u0259,2023-08-24,login
u0259,2023-08-24,upgrade
u0259,2023-08-25,login
u0259,2023-08-28,login
u0260,2023-07-28,signup
u0260,2023-08-02,feature_use
u0260,2023-08-07,invite_sent
u0260,2023-08-08,invite_sent
u0260,2023-08-12,upgrade
u0260,2023-08-13,export
u0260,2023-08-14,invite_sent
u0260,2023-08-17,feature_use
u0260,2023-08-18,login
u0260,2023-08-25,support_ticket
u0260,2023-08-26,feature_use
u0260,2023-08-27,feature_use
u0260,2023-08-29,login
u0260,2023-09-01,login
u0260,2023-09-04,feature_use
u0260,2023-09-04,invite_sent
u0260,2023-09-07,support_ticket
u0260,2023-09-11,invite_sent
u0260,2023-09-12,feature_use
u0260,2023-09-13,login
u0260,2023-09-15,export
u0260,2023-09-19,login
u0260,2023-09-20,feature_use
u0260,2023-09-23,upgrade
u0260,2023-09-24,support_ticket
u0260,2023-09-27,feature_use
u0260,2023-09-28,feature_use
u0260,2023-10-02,upgrade
u0260,2023-10-02,support_ticket
u0260,2023-10-03,feature_use
u0260,2023-10-04,support_ticket
u0260,2023-10-10,feature_use
u0260,2023-10-10,login
u0260,2023-10-12,login
u0261,2023-05-06,signup
u0261,2023-05-08,feature_use
u0261,2023-05-17,support_ticket
u0261,2023-05-18,login
u0261,2023-05-31,login
u0261,2023-06-03,churned
u0261,2023-06-06,login
u0261,2023-06-06,feature_use
u0261,2023-06-06,login
u0261,2023-06-08,export
u0261,2023-06-09,feature_use
u0261,2023-06-11,feature_use
u0261,2023-06-13,feature_use
u0261,2023-06-18,churned
u0261,2023-06-21,invite_sent
u0261,2023-06-22,upgrade
u0261,2023-06-26,invite_sent
u0261,2023-06-29,feature_use
u0261,2023-07-07,upgrade
u0261,2023-07-17,invite_sent
u0261,2023-07-19,login
u0261,2023-08-01,feature_use
u0261,2023-08-05,login
u0261,2023-08-05,invite_sent
u0261,2023-08-09,feature_use
u0261,2023-08-13,login
u0261,2023-08-14,invite_sent
u0261,2023-08-19,feature_use
u0261,2023-08-22,feature_use
u0261,2023-08-24,login
u0261,2023-08-25,login
u0261,2023-08-26,login
u0261,2023-08-27,login
u0261,2023-08-31,login
u0261,2023-08-31,feature_use
u0261,2023-09-04,support_ticket
u0261,2023-09-06,upgrade
u0261,2023-09-10,login
u0261,2023-09-14,login
u0261,2023-09-14,export
u0261,2023-09-16,invite_sent
u0262,2023-05-23,signup
u0262,2023-05-30,feature_use
u0262,2023-05-31,feature_use
u0262,2023-06-03,churned
u0262,2023-06-15,export
u0262,2023-06-17,login
u0262,2023-06-18,login
u0262,2023-06-20,invite_sent
u0262,2023-06-21,upgrade
u0262,2023-06-23,feature_use
u0262,2023-07-05,login
u0262,2023-07-12,login
u0262,2023-07-20,export
u0262,2023-07-29,churned
u0262,2023-08-02,feature_use
u0262,2023-08-04,invite_sent
u0262,2023-08-05,invite_sent
u0262,2023-09-11,feature_use
u0262,2023-09-14,feature_use
u0262,2023-09-17,login
u0262,2023-10-01,support_ticket
u0262,2023-10-09,feature_use
u0262,2023-10-17,feature_use
u0262,2023-11-10,login
u0263,2023-05-23,signup
u0263,2023-05-26,feature_use
u0263,2023-05-28,login
u0263,2023-05-28,upgrade
u0263,2023-06-01,login
u0263,2023-06-07,feature_use
u0263,2023-06-08,login
u0263,2023-06-09,feature_use
u0263,2023-06-13,export
u0263,2023-06-13,login
u0263,2023-06-17,export
u0263,2023-06-20,login
u0263,2023-06-22,feature_use
u0263,2023-06-24,support_ticket
u0263,2023-06-25,login
u0263,2023-06-25,feature_use
u0263,2023-06-26,export
u0263,2023-06-28,feature_use
u0263,2023-07-03,feature_use
u0263,2023-07-08,support_ticket
u0263,2023-07-09,feature_use
u0263,2023-07-10,login
u0263,2023-07-13,login
u0263,2023-07-14,login
u0263,2023-07-19,feature_use
u0263,2023-07-19,login
u0264,2023-10-13,signup
u0264,2023-10-18,feature_use
u0264,2023-10-26,login
u0264,2023-11-06,export
u0264,2023-11-12,export
u0264,2023-11-16,feature_use
u0264,2023-11-19,feature_use
u0264,2023-11-27,feature_use
u0264,2023-12-03,feature_use
u0264,2023-12-07,login
u0264,2023-12-10,login
u0264,2023-12-12,invite_sent
u0264,2023-12-15,feature_use
u0264,2023-12-22,feature_use
u0264,2023-12-27,login
u0265,2023-02-28,signup
u0265,2023-04-25,export
u0265,2023-05-06,feature_use
u0265,2023-05-14,login
u0265,2023-06-14,feature_use
u0265,2023-06-22,feature_use
u0265,2023-07-04,feature_use
u0265,2023-07-22,support_ticket
u0265,2023-08-23,login
u0265,2023-09-15,export
u0265,2023-09-17,feature_use
u0265,2023-10-02,support_ticket
u0266,2023-05-14,signup
u0266,2023-05-16,login
u0266,2023-05-17,invite_sent
u0266,2023-05-17,support_ticket
u0266,2023-05-17,support_ticket
u0266,2023-05-20,login
u0266,2023-05-21,feature_use
u0266,2023-05-24,login
u0266,2023-05-26,support_ticket
u0266,2023-05-31,feature_use
u0266,2023-05-31,support_ticket
u0266,2023-06-04,export
u0266,2023-06-04,invite_sent
u0266,2023-06-05,feature_use
u0266,2023-06-12,feature_use
u0266,2023-06-13,login
u0266,2023-06-15,login
u0266,2023-06-18,export
u0266,2023-06-22,login
u0266,2023-06-23,feature_use
u0266,2023-06-26,invite_sent
u0266,2023-06-26,feature_use
u0266,2023-06-30,feature_use
u0266,2023-07-02,feature_use
u0266,2023-07-04,export
u0266,2023-07-04,support_ticket
u0266,2023-07-21,login
u0266,2023-07-24,login
u0266,2023-07-24,upgrade
u0266,2023-08-01,feature_use
u0266,2023-08-03,login
u0266,2023-08-03,support_ticket
u0266,2023-08-04,support_ticket
u0266,2023-08-16,login
u0266,2023-08-18,login
u0267,2023-08-01,signup
u0267,2023-08-03,feature_use
u0267,2023-08-05,support_ticket
u0267,2023-08-07,login
u0267,2023-08-07,login
u0267,2023-08-07,login
u0267,2023-08-08,upgrade
u0267,2023-08-11,support_ticket
u0267,2023-08-11,login
u0267,2023-08-12,login
u0267,2023-08-14,login
u0267,2023-08-16,feature_use
u0267,2023-08-16,feature_use
u0267,2023-08-17,feature_use
u0267,2023-08-18,feature_use
u0267,2023-08-21,login
u0267,2023-08-25,support_ticket
u0267,2023-08-26,login
u0267,2023-08-28,feature_use
u0267,2023-08-28,export
u0267,2023-09-01,login
u0267,2023-09-01,feature_use
u0267,2023-09-02,upgrade
u0267,2023-09-02,feature_use
u0267,2023-09-03,support_ticket
u0267,2023-09-04,upgrade
u0267,2023-09-07,support_ticket
u0267,2023-09-09,invite_sent
u0267,2023-09-09,export
u0267,2023-09-10,export
u0267,2023-09-12,feature_use
u0267,2023-09-12,login
u0267,2023-09-15,feature_use
u0267,2023-09-15,feature_use
u0267,2023-09-16,login
u0267,2023-09-18,login
u0267,2023-09-21,feature_use
u0267,2023-09-21,login
u0268,2023-05-18,signup
u0268,2023-05-20,login
u0268,2023-05-21,login
u0268,2023-05-21,login
u0268,2023-05-22,login
u0268,2023-06-05,churned
u0268,2023-06-08,invite_sent
u0268,2023-06-17,login
u0268,2023-06-22,login
u0268,2023-06-30,login
u0268,2023-07-03,login
u0268,2023-07-06,login
u0268,2023-07-08,feature_use
u0268,2023-08-09,feature_use
u0268,2023-08-11,invite_sent
u0268,2023-08-22,feature_use
u0268,2023-08-23,login
u0268,2023-09-04,upgrade
u0268,2023-09-04,feature_use
u0268,2023-09-07,churned
u0268,2023-09-14,upgrade
u0268,2023-09-14,login
u0268,2023-09-20,login
u0268,2023-09-23,login
u0268,2023-09-27,feature_use
u0268,2023-09-29,upgrade
u0268,2023-10-06,feature_use
u0268,2023-10-20,login
u0268,2023-10-26,support_ticket
u0268,2023-11-01,login
u0268,2023-11-08,login
u0268,2023-11-17,feature_use
u0268,2023-11-18,export
u0268,2023-11-19,invite_sent
u0268,2023-11-19,churned
u0268,2023-11-24,churned
u0268,2023-11-26,login
u0268,2023-12-08,feature_use
u0268,2023-12-10,feature_use
u0269,2023-02-18,signup
u0269,2023-02-22,invite_sent
u0269,2023-03-06,feature_use
u0269,2023-04-17,login
u0269,2023-04-30,login
u0269,2023-05-08,login
u0269,2023-05-19,feature_use
u0269,2023-06-08,feature_use
u0269,2023-07-21,login
u0269,2023-09-03,feature_use
u0270,2023-05-11,signup
u0270,2023-05-12,login
u0270,2023-05-31,feature_use
u0270,2023-06-04,invite_sent
u0270,2023-06-07,upgrade
u0270,2023-06-23,feature_use
u0270,2023-07-04,login
u0270,2023-07-10,churned
u0270,2023-07-22,login
u0270,2023-08-18,login
u0270,2023-09-22,feature_use
u0270,2023-10-03,login
u0270,2023-10-10,feature_use
u0270,2023-10-16,login
u0270,2023-10-30,invite_sent
u0270,2023-11-16,export
u0271,2023-01-27,signup
u0271,2023-01-28,login
u0271,2023-01-28,feature_use
u0271,2023-02-06,export
u0271,2023-02-07,invite_sent
u0271,2023-02-08,login
u0271,2023-02-08,invite_sent
u0271,2023-02-09,feature_use
u0271,2023-02-17,login
u0271,2023-02-18,login
u0271,2023-02-20,export
u0271,2023-02-20,feature_use
u0271,2023-02-20,invite_sent
u0271,2023-02-24,feature_use
u0271,2023-02-24,feature_use
u0271,2023-02-27,login
u0271,2023-03-01,invite_sent
u0271,2023-03-02,login
u0271,2023-03-04,feature_use
u0271,2023-03-04,feature_use
u0271,2023-03-07,export
u0271,2023-03-07,login
u0271,2023-03-08,feature_use
u0271,2023-03-10,login
u0271,2023-03-12,login
u0271,2023-03-13,support_ticket
u0271,2023-03-15,feature_use
u0271,2023-03-17,login
u0271,2023-03-18,feature_use
u0271,2023-03-18,feature_use
u0271,2023-03-22,feature_use
u0271,2023-03-22,login
u0272,2023-09-03,signup
u0272,2023-09-08,feature_use
u0272,2023-09-11,feature_use
u0272,2023-09-16,export
u0272,2023-09-20,login
u0272,2023-09-23,upgrade
u0272,2023-09-26,feature_use
u0272,2023-09-26,export
u0272,2023-09-28,feature_use
u0272,2023-10-09,feature_use
u0272,2023-10-09,churned
u0272,2023-11-03,churned
u0272,2023-11-12,support_ticket
u0272,2023-11-16,export
u0272,2023-11-21,export
u0272,2023-11-23,feature_use
u0272,2023-12-03,login
u0272,2023-12-19,export
u0272,2023-12-23,upgrade
u0272,2023-12-24,feature_use
u0273,2023-01-09,signup
u0273,2023-01-10,login
u0273,2023-01-26,login
u0273,2023-03-19,login
u0273,2023-04-13,feature_use
u0273,2023-05-03,login
u0273,2023-05-18,login
u0273,2023-05-19,feature_use
u0273,2023-06-02,login
u0273,2023-06-09,upgrade
u0273,2023-06-14,login
u0273,2023-06-21,support_ticket
u0273,2023-06-29,feature_use
u0273,2023-06-29,feature_use
u0274,2023-06-24,signup
u0274,2023-06-26,support_ticket
u0274,2023-06-28,feature_use
u0274,2023-06-30,login
u0274,2023-06-30,login
u0274,2023-06-30,export
u0274,2023-06-30,feature_use
u0274,2023-07-02,feature_use
u0274,2023-07-03,feature_use
u0274,2023-07-03,feature_use
u0274,2023-07-05,login
u0274,2023-07-07,support_ticket
u0274,2023-07-07,login
u0274,2023-07-07,login
u0274,2023-07-08,login
u0274,2023-07-10,login
u0274,2023-07-13,login
u0274,2023-07-13,login
u0274,2023-07-16,upgrade
u0274,2023-07-18,login
u0274,2023-07-21,login
u0274,2023-07-23,login
u0274,2023-07-24,login
u0274,2023-07-24,login
u0274,2023-07-26,login
u0274,2023-07-27,feature_use
u0274,2023-07-29,feature_use
u0274,2023-08-01,feature_use
u0274,2023-08-01,feature_use
u0274,2023-08-04,feature_use
u0274,2023-08-04,upgrade
u0274,2023-08-04,login
u0274,2023-08-05,feature_use
u0274,2023-08-05,support_ticket
u0274,2023-08-07,feature_use
u0274,2023-08-08,feature_use
u0274,2023-08-11,login
u0274,2023-08-11,support_ticket
u0274,2023-08-14,login
u0274,2023-08-14,login
u0275,2023-06-15,signup
u0275,2023-06-16,feature_use
u0275,2023-06-17,login
u0275,2023-06-18,feature_use
u0275,2023-06-19,login
u0275,2023-06-29,feature_use
u0275,2023-07-02,feature_use
u0275,2023-07-07,invite_sent
u0275,2023-07-09,invite_sent
u0275,2023-07-09,login
u0275,2023-07-11,invite_sent
u0275,2023-07-11,export
u0275,2023-07-12,feature_use
u0275,2023-07-15,support_ticket
u0275,2023-07-24,login
u0275,2023-07-25,login
u0275,2023-07-29,feature_use
u0275,2023-07-31,export
u0275,2023-08-05,login
u0275,2023-08-06,login
u0275,2023-08-15,login
u0275,2023-08-24,login
u0275,2023-08-27,support_ticket
u0275,2023-08-28,upgrade
u0275,2023-08-28,feature_use
u0275,2023-09-02,feature_use
u0275,2023-09-06,invite_sent
u0275,2023-09-13,login
u0275,2023-09-13,invite_sent
u0275,2023-09-16,feature_use
u0275,2023-09-17,feature_use
u0275,2023-09-23,login
u0275,2023-09-24,churned
u0275,2023-09-25,support_ticket
u0275,2023-09-26,login
u0275,2023-09-30,login
u0275,2023-10-07,feature_use
u0275,2023-10-09,login
u0275,2023-10-09,invite_sent
u0275,2023-10-18,invite_sent
u0275,2023-10-18,login
u0276,2023-05-06,signup
u0276,2023-05-07,feature_use
u0276,2023-05-07,feature_use
u0276,2023-05-13,feature_use
u0276,2023-05-15,feature_use
u0276,2023-05-18,feature_use
u0276,2023-05-19,login
u0276,2023-05-20,invite_sent
u0276,2023-05-21,login
u0276,2023-05-22,support_ticket
u0276,2023-05-22,feature_use
u0276,2023-05-25,login
u0276,2023-05-26,feature_use
u0276,2023-05-27,support_ticket
u0276,2023-05-27,invite_sent
u0276,2023-05-28,feature_use
u0276,2023-05-28,feature_use
u0276,2023-05-29,login
u0276,2023-05-31,export
u0276,2023-06-01,invite_sent
u0276,2023-06-03,feature_use
u0276,2023-06-06,login
u0276,2023-06-07,feature_use
u0276,2023-06-10,login
u0276,2023-06-11,upgrade
u0276,2023-06-13,login
u0276,2023-06-14,login
u0277,2023-08-04,signup
u0277,2023-08-05,feature_use
u0277,2023-08-06,feature_use
u0277,2023-08-06,login
u0277,2023-08-06,export
u0277,2023-08-09,login
u0277,2023-08-10,login
u0277,2023-08-10,churned
u0277,2023-08-10,login
u0277,2023-08-13,login
u0277,2023-08-14,support_ticket
u0277,2023-08-15,export
u0277,2023-08-16,login
u0277,2023-08-18,login
u0277,2023-08-18,login
u0277,2023-08-18,login
u0277,2023-08-19,feature_use
u0277,2023-08-20,feature_use
u0277,2023-08-20,feature_use
u0277,2023-08-22,support_ticket
u0277,2023-08-23,feature_use
u0277,2023-08-25,export
u0277,2023-08-25,login
u0277,2023-08-26,upgrade
u0277,2023-08-26,feature_use
u0277,2023-08-26,feature_use
u0277,2023-08-26,feature_use
u0277,2023-08-29,login
u0277,2023-08-29,feature_use
u0277,2023-08-30,login
u0277,2023-08-30,support_ticket
u0277,2023-08-30,support_ticket
u0277,2023-08-31,login
u0277,2023-08-31,feature_use
u0277,2023-09-01,feature_use
u0277,2023-09-01,feature_use
u0277,2023-09-03,upgrade
u0278,2023-06-16,signup
u0278,2023-06-18,login
u0278,2023-06-18,invite_sent
u0278,2023-06-19,upgrade
u0278,2023-06-19,login
u0278,2023-06-20,feature_use
u0278,2023-06-20,upgrade
u0278,2023-06-21,support_ticket
u0278,2023-06-21,login
u0278,2023-06-22,login
u0278,2023-06-23,invite_sent
u0279,2023-09-26,signup
u0279,2023-09-28,login
u0279,2023-10-02,login
u0279,2023-10-03,feature_use
u0279,2023-10-06,feature_use
u0279,2023-10-13,upgrade
u0279,2023-10-16,feature_use
u0279,2023-10-17,feature_use
u0280,2023-02-10,signup
u0280,2023-04-07,support_ticket
u0280,2023-04-18,churned
u0280,2023-04-22,feature_use
u0280,2023-05-17,feature_use
u0280,2023-06-02,login
u0280,2023-07-18,feature_use
u0280,2023-08-06,support_ticket
u0280,2023-08-07,support_ticket
u0280,2023-09-02,login
u0280,2023-09-17,support_ticket
u0281,2023-01-24,signup
u0281,2023-01-26,login
u0281,2023-02-02,feature_use
u0281,2023-02-15,feature_use
u0281,2023-02-20,login
u0281,2023-02-20,feature_use
u0281,2023-02-22,login
u0281,2023-02-26,feature_use
u0281,2023-02-28,login
u0281,2023-03-01,login
u0281,2023-03-06,login
u0281,2023-03-08,feature_use
u0281,2023-03-19,feature_use
u0281,2023-03-19,feature_use
u0281,2023-03-22,login
u0281,2023-03-26,invite_sent
u0281,2023-04-11,support_ticket
u0281,2023-04-16,login
u0281,2023-04-25,login
u0281,2023-04-28,upgrade
u0281,2023-05-10,feature_use
u0281,2023-05-14,support_ticket
u0282,2023-10-20,signup
u0282,2023-10-21,feature_use
u0282,2023-10-23,support_ticket
u0282,2023-10-24,login
u0282,2023-10-24,feature_use
u0282,2023-11-02,feature_use
u0282,2023-11-04,feature_use
u0282,2023-11-05,login
u0282,2023-11-06,feature_use
u0282,2023-11-11,feature_use
u0282,2023-11-12,export
u0282,2023-11-12,feature_use
u0282,2023-11-12,feature_use
u0282,2023-11-17,login
u0282,2023-11-25,login
u0282,2023-11-26,feature_use
u0282,2023-11-27,support_ticket
u0282,2023-11-30,feature_use
u0282,2023-12-02,support_ticket
u0282,2023-12-04,login
u0282,2023-12-05,support_ticket
u0282,2023-12-06,feature_use
u0282,2023-12-08,invite_sent
u0282,2023-12-11,feature_use
u0282,2023-12-11,feature_use
u0282,2023-12-12,login
u0282,2023-12-13,invite_sent
u0282,2023-12-13,churned
u0282,2023-12-15,feature_use
u0282,2023-12-17,feature_use
u0282,2023-12-17,login
u0282,2023-12-19,login
u0282,2023-12-22,churned
u0282,2023-12-27,feature_use
u0282,2023-12-28,feature_use
u0283,2023-03-12,signup
u0283,2023-06-03,feature_use
u0283,2023-06-06,feature_use
u0283,2023-06-19,export
u0283,2023-08-26,feature_use
u0283,2023-09-18,login
u0283,2023-09-28,feature_use
u0283,2023-10-08,invite_sent
u0283,2023-11-09,upgrade
u0284,2023-05-03,signup
u0284,2023-05-04,support_ticket
u0284,2023-05-08,export
u0284,2023-05-11,support_ticket
u0284,2023-05-14,login
u0284,2023-05-17,feature_use
u0284,2023-05-19,support_ticket
u0284,2023-05-24,login
u0284,2023-05-25,export
u0284,2023-05-28,login
u0284,2023-06-02,login
u0284,2023-06-02,feature_use
u0284,2023-06-06,churned
u0284,2023-06-11,feature_use
u0284,2023-06-16,feature_use
u0284,2023-06-19,churned
u0285,2023-08-02,signup
u0285,2023-08-06,login
u0285,2023-08-10,export
u0285,2023-08-13,login
u0285,2023-08-18,login
u0285,2023-08-21,feature_use
u0285,2023-08-31,upgrade
u0285,2023-09-02,upgrade
u0285,2023-09-03,login
u0285,2023-09-04,login
u0285,2023-09-07,login
u0285,2023-09-11,support_ticket
u0285,2023-09-12,feature_use
u0285,2023-09-25,login
u0285,2023-10-04,support_ticket
u0285,2023-10-07,feature_use
u0285,2023-10-08,login
u0285,2023-10-09,support_ticket
u0285,2023-10-12,feature_use
u0285,2023-10-15,login
u0285,2023-10-16,login
u0285,2023-10-16,export
u0285,2023-10-19,login
u0285,2023-10-20,feature_use
u0285,2023-10-26,feature_use
u0285,2023-10-28,login
u0285,2023-11-04,feature_use
u0285,2023-11-05,feature_use
u0285,2023-11-12,export
u0285,2023-11-23,feature_use
u0285,2023-11-23,feature_use
u0285,2023-11-23,feature_use
u0285,2023-11-24,login
u0285,2023-11-26,upgrade
u0285,2023-12-06,support_ticket
u0285,2023-12-11,feature_use
u0285,2023-12-11,support_ticket
u0285,2023-12-17,upgrade
u0286,2023-09-22,signup
u0286,2023-09-23,feature_use
u0286,2023-09-23,export
u0286,2023-09-26,feature_use
u0286,2023-09-27,login
u0286,2023-09-30,feature_use
u0286,2023-10-02,login
u0286,2023-10-07,support_ticket
u0286,2023-10-10,feature_use
u0286,2023-10-12,login
u0286,2023-10-14,feature_use
u0286,2023-10-15,feature_use
u0286,2023-10-16,feature_use
u0286,2023-10-16,feature_use
u0286,2023-10-18,feature_use
u0286,2023-10-23,invite_sent
u0286,2023-10-24,feature_use
u0286,2023-10-25,login
u0286,2023-10-26,feature_use
u0286,2023-10-26,login
u0286,2023-10-27,export
u0286,2023-10-27,export
u0286,2023-10-29,invite_sent
u0286,2023-11-03,login
u0286,2023-11-11,upgrade
u0286,2023-11-12,support_ticket
u0287,2023-05-12,signup
u0287,2023-05-14,feature_use
u0287,2023-05-19,login
u0287,2023-05-20,login
u0287,2023-05-21,invite_sent
u0287,2023-05-22,login
u0287,2023-05-24,support_ticket
u0287,2023-05-25,feature_use
u0287,2023-05-27,feature_use
u0287,2023-05-27,upgrade
u0287,2023-05-29,feature_use
u0287,2023-06-11,upgrade
u0287,2023-06-13,feature_use
u0287,2023-06-16,feature_use
u0287,2023-07-10,login
u0287,2023-07-12,login
u0287,2023-07-14,login
u0287,2023-07-21,feature_use
u0287,2023-07-26,feature_use
u0288,2023-08-15,signup
u0288,2023-08-16,login
u0288,2023-08-22,support_ticket
u0288,2023-08-25,login
u0288,2023-08-26,login
u0288,2023-08-26,login
u0288,2023-08-26,feature_use
u0288,2023-08-26,login
u0288,2023-08-27,login
u0288,2023-08-29,login
u0288,2023-09-01,feature_use
u0288,2023-09-02,feature_use
u0288,2023-09-02,login
u0288,2023-09-04,login
u0288,2023-09-04,login
u0288,2023-09-06,feature_use
u0288,2023-09-10,support_ticket
u0288,2023-09-11,feature_use
u0288,2023-09-11,support_ticket
u0288,2023-09-13,login
u0288,2023-09-13,login
u0288,2023-09-16,feature_use
u0288,2023-09-16,login
u0288,2023-09-17,login
u0288,2023-09-17,login
u0288,2023-09-17,feature_use
u0288,2023-09-18,feature_use
u0288,2023-09-18,churned
u0288,2023-09-19,login
u0288,2023-09-24,login
u0288,2023-09-26,login
u0288,2023-09-26,feature_use
u0288,2023-09-28,feature_use
u0288,2023-09-28,login
u0288,2023-09-28,login
u0288,2023-10-01,login
u0288,2023-10-03,feature_use
u0288,2023-10-03,invite_sent
u0288,2023-10-03,feature_use
u0288,2023-10-06,feature_use
u0288,2023-10-08,login
u0289,2023-06-11,signup
u0289,2023-06-13,support_ticket
u0289,2023-06-23,support_ticket
u0289,2023-06-26,feature_use
u0289,2023-06-29,export
u0289,2023-06-30,login
u0289,2023-07-10,feature_use
u0289,2023-07-17,churned
u0289,2023-07-17,support_ticket
u0289,2023-07-20,feature_use
u0289,2023-08-02,login
u0289,2023-08-02,support_ticket
u0289,2023-08-02,feature_use
u0289,2023-08-05,login
u0289,2023-08-13,login
u0289,2023-08-16,login
u0289,2023-08-17,feature_use
u0289,2023-08-21,login
u0289,2023-08-21,login
u0289,2023-08-21,feature_use
u0289,2023-08-25,upgrade
u0289,2023-08-31,invite_sent
u0289,2023-09-03,feature_use
u0289,2023-09-12,invite_sent
u0289,2023-09-15,login
u0289,2023-09-16,login
u0289,2023-09-19,upgrade
u0289,2023-09-20,support_ticket
u0289,2023-09-23,login
u0289,2023-09-24,login
u0289,2023-09-25,export
u0289,2023-09-29,support_ticket
u0289,2023-10-02,invite_sent
u0289,2023-10-02,login
u0289,2023-10-04,support_ticket
u0289,2023-10-09,login
u0289,2023-10-10,invite_sent
u0289,2023-10-12,invite_sent
u0289,2023-10-14,login
u0289,2023-10-18,feature_use
u0290,2023-07-05,signup
u0290,2023-07-08,login
u0290,2023-07-10,churned
u0290,2023-07-12,export
u0290,2023-07-13,invite_sent
u0290,2023-07-17,churned
u0290,2023-07-17,feature_use
u0290,2023-07-20,feature_use
u0290,2023-07-30,support_ticket
u0290,2023-08-16,support_ticket
u0290,2023-08-17,feature_use
u0290,2023-08-25,support_ticket
u0290,2023-09-03,feature_use
u0290,2023-09-06,login
u0290,2023-09-09,feature_use
u0290,2023-09-09,export
u0290,2023-09-16,feature_use
u0290,2023-09-21,support_ticket
u0290,2023-09-26,feature_use
u0290,2023-10-08,login
u0291,2023-08-09,signup
u0291,2023-08-10,feature_use
u0291,2023-08-13,login
u0291,2023-08-15,support_ticket
u0291,2023-08-18,login
u0291,2023-08-19,login
u0291,2023-08-28,login
u0291,2023-08-29,feature_use
u0291,2023-08-29,login
u0291,2023-09-02,login
u0291,2023-09-05,feature_use
u0291,2023-09-06,support_ticket
u0291,2023-09-07,login
u0291,2023-09-07,feature_use
u0291,2023-09-13,login
u0291,2023-09-17,login
u0291,2023-09-19,invite_sent
u0291,2023-09-20,feature_use
u0291,2023-09-27,login
u0291,2023-09-28,login
u0291,2023-09-30,feature_use
u0291,2023-10-04,export
u0291,2023-10-05,login
u0291,2023-10-06,feature_use
u0291,2023-10-16,support_ticket
u0291,2023-10-17,feature_use
u0291,2023-10-18,login
u0291,2023-10-22,login
u0291,2023-10-22,invite_sent
u0291,2023-10-22,login
u0291,2023-11-01,feature_use
u0291,2023-11-02,login
u0292,2023-04-12,signup
u0292,2023-04-13,login
u0292,2023-04-15,feature_use
u0292,2023-04-16,login
u0292,2023-04-16,invite_sent
u0292,2023-04-17,export
u0292,2023-04-17,feature_use
u0292,2023-04-17,upgrade
u0292,2023-04-18,feature_use
u0292,2023-04-18,feature_use
u0292,2023-04-19,login
u0292,2023-04-19,churned
u0292,2023-04-20,churned
u0292,2023-04-21,upgrade
u0292,2023-04-22,feature_use
u0292,2023-04-23,feature_use
u0292,2023-04-24,support_ticket
u0292,2023-04-24,invite_sent
u0292,2023-04-26,export
u0292,2023-04-26,login
u0292,2023-04-28,support_ticket
u0292,2023-04-28,login
u0292,2023-04-28,login
u0292,2023-04-28,login
u0292,2023-04-29,churned
u0292,2023-05-01,upgrade
u0292,2023-05-02,support_ticket
u0292,2023-05-04,login
u0292,2023-05-06,support_ticket
u0292,2023-05-07,login
u0292,2023-05-08,feature_use
u0292,2023-05-08,feature_use
u0292,2023-05-08,feature_use
u0292,2023-05-08,login
u0292,2023-05-09,login
u0292,2023-05-09,login
u0292,2023-05-10,login
u0292,2023-05-10,feature_use
u0292,2023-05-10,support_ticket
u0292,2023-05-11,login
u0292,2023-05-11,invite_sent
u0293,2023-07-26,signup
u0293,2023-07-27,login
u0293,2023-07-28,login
u0293,2023-07-30,support_ticket
u0293,2023-08-01,feature_use
u0293,2023-08-04,login
u0293,2023-08-08,feature_use
u0293,2023-08-14,invite_sent
u0293,2023-08-17,login
u0293,2023-08-24,login
u0293,2023-08-24,feature_use
u0293,2023-08-28,login
u0293,2023-09-07,login
u0293,2023-09-18,export
u0293,2023-09-25,login
u0293,2023-09-25,feature_use
u0293,2023-09-25,invite_sent
u0293,2023-10-03,feature_use
u0293,2023-10-08,login
u0293,2023-10-11,upgrade
u0293,2023-10-12,support_ticket
u0293,2023-10-13,feature_use
u0293,2023-10-19,feature_use
u0293,2023-10-30,export
u0294,2023-03-15,signup
u0294,2023-03-18,login
u0294,2023-03-19,login
u0294,2023-03-20,login
u0294,2023-03-20,support_ticket
u0294,2023-03-21,feature_use
u0294,2023-03-22,login
u0294,2023-03-23,feature_use
u0294,2023-03-24,feature_use
u0294,2023-03-25,login
u0295,2023-10-24,signup
u0295,2023-10-26,churned
u0295,2023-10-27,export
u0295,2023-10-28,support_ticket
u0295,2023-10-30,churned
u0295,2023-11-01,support_ticket
u0295,2023-11-01,feature_use
u0295,2023-11-02,login
u0295,2023-11-05,login
u0295,2023-11-05,login
u0295,2023-11-05,feature_use
u0295,2023-11-07,feature_use
u0295,2023-11-09,login
u0295,2023-11-10,feature_use
u0295,2023-11-10,login
u0295,2023-11-12,login
u0295,2023-11-14,login
u0295,2023-11-15,login
u0295,2023-11-15,support_ticket
u0295,2023-11-16,login
u0295,2023-11-16,login
u0295,2023-11-17,feature_use
u0295,2023-11-19,feature_use
u0295,2023-11-21,feature_use
u0295,2023-11-23,feature_use
u0295,2023-11-23,export
u0295,2023-11-24,feature_use
u0295,2023-11-25,support_ticket
u0296,2023-09-19,signup
u0296,2023-09-29,feature_use
u0296,2023-09-30,login
u0296,2023-09-30,feature_use
u0296,2023-10-02,login
u0296,2023-10-15,login
u0296,2023-10-23,feature_use
u0296,2023-10-23,feature_use
u0296,2023-10-23,login
u0296,2023-10-24,login
u0296,2023-10-29,feature_use
u0296,2023-11-04,login
u0296,2023-11-05,support_ticket
u0296,2023-11-08,login
u0296,2023-11-10,feature_use
u0296,2023-11-12,invite_sent
u0296,2023-11-13,feature_use
u0296,2023-11-16,feature_use
u0297,2023-08-04,signup
u0297,2023-08-13,login
u0297,2023-08-14,login
u0297,2023-08-20,feature_use
u0297,2023-08-22,upgrade
u0297,2023-08-23,feature_use
u0297,2023-08-24,login
u0297,2023-08-25,feature_use
u0297,2023-09-03,feature_use
u0297,2023-09-05,feature_use
u0297,2023-09-05,export
u0297,2023-09-06,upgrade
u0297,2023-09-09,login
u0297,2023-09-12,login
u0297,2023-09-15,login
u0297,2023-09-24,feature_use
u0297,2023-09-25,login
u0297,2023-09-26,login
u0297,2023-10-05,export
u0297,2023-10-11,login
u0297,2023-10-18,invite_sent
u0297,2023-10-22,feature_use
u0297,2023-10-24,feature_use
u0297,2023-10-29,login
u0298,2023-06-02,signup
u0298,2023-06-13,feature_use
u0298,2023-06-24,login
u0298,2023-06-25,churned
u0298,2023-06-29,churned
u0298,2023-06-30,feature_use
u0298,2023-07-12,login
u0298,2023-07-16,export
u0298,2023-07-30,feature_use
u0298,2023-08-03,login
u0298,2023-08-06,churned
u0298,2023-08-07,login
u0298,2023-08-12,invite_sent
u0298,2023-08-13,export
u0298,2023-08-29,export
u0298,2023-09-03,login
u0298,2023-09-08,login
u0298,2023-09-18,feature_use
u0298,2023-09-21,feature_use
u0298,2023-09-22,feature_use
u0298,2023-09-30,feature_use
u0298,2023-10-05,support_ticket
u0298,2023-10-05,login
u0298,2023-10-05,feature_use
u0298,2023-10-07,export
u0298,2023-10-07,login
u0298,2023-10-13,export
u0298,2023-10-25,feature_use
u0298,2023-10-28,login
u0298,2023-11-04,churned
u0298,2023-11-13,login
u0298,2023-11-13,feature_use
u0298,2023-11-14,invite_sent
u0299,2023-11-06,signup
u0299,2023-11-09,invite_sent
u0299,2023-11-29,feature_use
u0299,2023-12-05,export
u0299,2023-12-13,export
u0299,2023-12-17,support_ticket
u0300,2023-08-10,signup
u0300,2023-08-14,login
u0300,2023-08-16,login
u0300,2023-08-21,login
u0300,2023-08-22,login
u0300,2023-08-22,export
u0300,2023-08-25,login
u0300,2023-08-26,login
u0300,2023-08-27,login
u0300,2023-08-27,support_ticket
u0300,2023-08-30,login
u0300,2023-08-31,support_ticket
u0300,2023-09-01,login
u0300,2023-09-02,login
u0300,2023-09-02,support_ticket
u0300,2023-09-06,support_ticket
u0300,2023-09-09,export
